"order_id","customer_id","product_id","quantity","order_ts","discount","channel","note"
"1","49","25","5","2024-03-16T15:39:05.000000","0.26","store","gift "
"2","109","18","5","2024-03-16T22:09:03.000000","0.11","app","urgent"
"3","193","37","2","2024-03-17T20:54:07.000000","0.13","web","Gift"
"4","190","21","1","2024-02-27T09:11:29.000000","","app"," OK "
"5","71","23","4","2024-02-20T01:20:02.000000","0.05","app","Gift"
"6","6","29","4","2024-02-28T10:09:43.000000","","app"," OK "
"7","1","33","4","2024-02-06T14:42:10.000000","0.13","store","gift "
"8","1","21","2","2024-03-01T07:38:20.000000","0.0","web"," OK "
"9","157","29","1","2024-03-12T11:59:46.000000","0.29","web"," OK "
"10","148","33","5","2024-03-09T15:52:13.000000","0.24","web","gift "
"11","166","22","3","2024-02-25T05:52:24.000000","0.22","app","Gift"
"12","28","29","5","2024-01-06T05:30:51.000000","0.26","web","return?"
"13","12","15","5","2024-03-06T05:53:26.000000","0.27","web","urgent"
"14","35","15","3","2024-02-02T23:52:26.000000","","web","Gift"
"15","126","1","2","2024-03-07T22:19:16.000000","0.18","app","urgent"
"16","2","27","5","2024-02-18T13:22:45.000000","0.18","web","return?"
"17","133","11","4","2024-03-20T07:21:40.000000","0.08","web","VIP"
"18","178","33","4","2024-01-31T11:03:57.000000","0.07","web","urgent"
"19","30","39","5","2024-03-24T19:48:41.000000","0.03","web","urgent"
"20","148","36","2","2024-03-17T00:04:27.000000","","web","urgent"
"21","111","12","2","2024-01-30T19:11:28.000000","0.23","web","urgent"
"22","189","27","1","2024-02-13T10:21:23.000000","","app","urgent"
"23","49","31","2","2024-02-17T19:42:42.000000","0.09","web","VIP"
"24","46","21","3","2024-03-10T04:14:08.000000","0.06","web","gift "
"25","4","21","3","2024-03-03T00:34:46.000000","0.14","app","Gift"
"26","142","18","1","2024-03-17T16:21:12.000000","0.16","web","urgent"
"27","174","13","5","2024-02-03T06:54:51.000000","","web","urgent"
"28","4","23","3","2024-02-15T10:20:58.000000","0.26","web","gift "
"29","99","40","3","2024-02-08T18:40:04.000000","","web","VIP"
"30","145","9","5","2024-03-22T20:37:58.000000","0.26","app","gift "
"31","157","2","3","2024-01-28T10:45:29.000000","0.29","store","  "
"32","187","3","5","2024-02-22T20:11:15.000000","","web","urgent"
"33","145","24","2","2024-01-11T19:33:31.000000","0.01","app","return?"
"34","185","11","5","2024-03-17T12:35:32.000000","","store","VIP"
"35","199","19","5","2024-02-04T13:54:38.000000","0.12","web","return?"
"36","186","39","4","2024-01-31T15:40:34.000000","0.08","app","  "
"37","88","4","5","2024-02-22T11:06:04.000000","0.05","app","  "
"38","82","7","4","2024-02-14T21:26:40.000000","0.29","app"," OK "
"39","86","9","4","2024-03-17T07:37:43.000000","0.06","store","urgent"
"40","191","19","4","2024-02-17T19:50:52.000000","0.29","web"," OK "
"41","57","28","5","2024-02-16T12:42:30.000000","0.23","store","gift "
"42","151","8","4","2024-01-10T10:45:22.000000","0.19","web","  "
"43","126","5","4","2024-01-02T23:23:11.000000","","app"," OK "
"44","13","4","1","2024-02-05T20:52:24.000000","0.1","web","VIP"
"45","98","33","5","2024-03-30T20:07:30.000000","0.19","web","gift "
"46","39","2","4","2024-03-23T13:26:57.000000","0.06","web","  "
"47","146","26","1","2024-02-26T14:35:46.000000","0.28","store","return?"
"48","90","24","2","2024-02-26T18:35:51.000000","0.09","app","  "
"49","72","5","2","2024-02-05T05:38:52.000000","0.08","store"," OK "
"50","14","23","2","2024-01-16T23:24:51.000000","0.21","web","VIP"
"51","27","12","5","2024-01-01T18:27:39.000000","0.2","web","return?"
"52","153","21","3","2024-01-31T11:55:41.000000","","web"," OK "
"53","173","6","3","2024-01-29T11:34:16.000000","0.19","web","gift "
"54","59","27","4","2024-01-18T05:51:45.000000","0.05","web","gift "
"55","166","32","2","2024-01-24T07:48:02.000000","0.2","store","urgent"
"56","111","1","5","2024-01-03T05:37:04.000000","0.08","store","urgent"
"57","71","22","4","2024-02-24T17:11:38.000000","0.08","web","VIP"
"58","91","26","2","2024-03-24T11:18:52.000000","0.05","web","Gift"
"59","139","1","4","2024-03-03T04:07:40.000000","0.1","app","gift "
"60","182","29","3","2024-02-10T08:07:40.000000","0.1","app","VIP"
"61","99","22","2","2024-02-07T19:46:45.000000","0.14","app","gift "
"62","70","13","5","2024-01-28T16:16:32.000000","0.06","app","return?"
"63","153","20","2","2024-01-13T19:35:49.000000","0.06","web","gift "
"64","106","28","1","2024-02-23T20:42:38.000000","0.16","web","return?"
"65","79","26","3","2024-02-20T23:41:30.000000","0.04","store","urgent"
"66","92","32","3","2024-01-01T15:47:57.000000","0.21","app","return?"
"67","108","2","1","2024-02-07T09:31:35.000000","0.28","store"," OK "
"68","29","32","4","2024-01-26T00:31:39.000000","0.13","web","VIP"
"69","12","2","2","2024-01-16T07:48:30.000000","0.27","app","  "
"70","133","27","1","2024-03-04T06:33:08.000000","0.03","web","gift "
"71","35","14","3","2024-02-17T07:47:04.000000","0.01","store","return?"
"72","107","3","1","2024-02-27T00:56:33.000000","0.22","web","  "
"73","157","28","4","2024-03-05T05:07:13.000000","0.23","app","  "
"74","43","23","1","2024-03-29T08:42:03.000000","0.25","web","VIP"
"75","77","27","3","2024-03-13T05:58:02.000000","","web","VIP"
"76","196","16","1","2024-02-25T19:58:21.000000","0.23","web","urgent"
"77","8","12","2","2024-03-20T02:41:11.000000","0.11","app","VIP"
"78","152","25","5","2024-02-12T23:24:45.000000","0.09","app","  "
"79","34","9","4","2024-03-29T15:05:45.000000","0.05","store"," OK "
"80","182","33","3","2024-03-09T12:41:39.000000","0.3","app","return?"
"81","83","28","1","2024-02-28T13:54:28.000000","0.02","app","VIP"
"82","2","40","2","2024-03-22T07:11:17.000000","0.25","app","return?"
"83","144","2","2","2024-02-16T08:34:13.000000","0.19","web","VIP"
"84","30","24","3","2024-03-05T20:42:11.000000","0.22","app","Gift"
"85","73","23","2","2024-01-26T15:01:07.000000","0.21","app","Gift"
"86","101","35","5","2024-03-27T16:32:10.000000","0.26","app","urgent"
"87","150","17","4","2024-02-26T02:28:24.000000","","web","Gift"
"88","84","38","2","2024-03-11T09:07:52.000000","0.0","web"," OK "
"89","172","10","1","2024-02-11T11:11:36.000000","0.18","web","VIP"
"90","97","35","3","2024-03-19T00:17:27.000000","0.11","store","VIP"
"91","69","21","3","2024-01-07T16:13:27.000000","0.04","app","return?"
"92","68","38","4","2024-01-11T06:27:53.000000","0.06","app","gift "
"93","161","9","3","2024-02-15T15:22:17.000000","0.1","web","return?"
"94","133","11","4","2024-03-06T22:00:47.000000","0.02","app","urgent"
"95","26","23","5","2024-03-13T19:54:47.000000","0.02","web","gift "
"96","151","23","3","2024-02-09T14:35:29.000000","0.27","web","VIP"
"97","84","6","4","2024-02-28T11:17:38.000000","0.09","app","VIP"
"98","70","27","2","2024-02-19T18:42:15.000000","0.29","web","VIP"
"99","20","17","5","2024-03-27T12:53:22.000000","0.29","web","gift "
"100","200","7","3","2024-02-28T20:51:40.000000","0.04","web"," OK "
"101","11","21","4","2024-02-07T12:22:58.000000","0.21","web","return?"
"102","200","28","5","2024-03-28T06:48:02.000000","0.18","store","Gift"
"103","13","2","2","2024-01-10T15:39:59.000000","0.21","app","  "
"104","102","37","1","2024-03-29T14:41:19.000000","0.03","store"," OK "
"105","21","25","2","2024-01-14T20:40:05.000000","0.06","store","return?"
"106","99","11","2","2024-01-26T22:34:22.000000","0.02","web","urgent"
"107","168","31","1","2024-03-14T22:22:31.000000","0.18","web","return?"
"108","119","34","3","2024-03-07T00:54:27.000000","0.3","app","VIP"
"109","109","39","2","2024-03-28T07:57:54.000000","0.2","web","Gift"
"110","24","32","1","2024-03-08T11:57:51.000000","0.21","store","Gift"
"111","190","9","1","2024-02-27T07:56:18.000000","0.3","web","return?"
"112","76","7","2","2024-02-01T04:25:28.000000","","app","  "
"113","108","9","2","2024-01-01T10:10:44.000000","0.01","app","  "
"114","180","36","5","2024-01-12T03:33:31.000000","0.26","store","  "
"115","126","13","4","2024-01-27T19:11:55.000000","0.11","app","urgent"
"116","147","14","4","2024-01-04T16:26:43.000000","0.0","app"," OK "
"117","37","36","4","2024-02-15T17:40:04.000000","0.15","web"," OK "
"118","93","9","5","2024-03-10T23:03:40.000000","0.28","app","Gift"
"119","109","17","2","2024-03-27T16:37:48.000000","0.08","app","  "
"120","36","12","1","2024-02-14T01:45:05.000000","0.15","app","Gift"
"121","78","13","3","2024-03-19T18:00:39.000000","","app","urgent"
"122","167","24","1","2024-03-29T16:46:00.000000","0.02","web","Gift"
"123","187","30","2","2024-03-18T09:13:46.000000","0.02","web","urgent"
"124","165","11","4","2024-02-11T20:20:33.000000","0.22","store","gift "
"125","187","2","3","2024-01-30T06:33:44.000000","0.26","web","gift "
"126","200","26","4","2024-03-29T00:18:02.000000","0.04","app","urgent"
"127","40","22","3","2024-01-22T18:31:44.000000","0.09","app"," OK "
"128","172","27","3","2024-02-07T01:00:14.000000","0.06","store"," OK "
"129","125","19","2","2024-01-07T15:54:21.000000","0.01","web","Gift"
"130","172","32","2","2024-03-12T10:21:12.000000","","web","urgent"
"131","128","25","2","2024-02-28T11:38:53.000000","0.21","store","VIP"
"132","25","31","4","2024-01-08T15:12:34.000000","0.19","app","urgent"
"133","113","30","5","2024-01-20T23:21:52.000000","0.12","app"," OK "
"134","153","20","1","2024-02-19T23:47:50.000000","0.17","web","  "
"135","25","13","3","2024-02-18T15:17:24.000000","0.03","web","  "
"136","101","24","3","2024-03-13T04:26:56.000000","0.05","store","  "
"137","131","26","3","2024-01-24T22:46:13.000000","0.28","app","urgent"
"138","93","23","2","2024-03-24T05:21:20.000000","","store","  "
"139","160","21","1","2024-02-10T00:03:47.000000","0.28","store","return?"
"140","26","14","2","2024-03-15T00:46:46.000000","0.28","app","  "
"141","70","6","1","2024-01-22T10:54:11.000000","0.19","app","Gift"
"142","191","18","1","2024-01-04T07:51:24.000000","0.28","app","gift "
"143","103","36","2","2024-01-05T22:54:57.000000","0.13","app","VIP"
"144","37","29","4","2024-02-03T13:02:13.000000","0.0","app","urgent"
"145","24","31","5","2024-03-26T18:48:38.000000","0.02","web","VIP"
"146","119","30","4","2024-01-05T09:11:19.000000","0.03","store","urgent"
"147","187","37","1","2024-02-03T04:59:33.000000","0.03","app","return?"
"148","10","10","2","2024-01-10T20:02:59.000000","0.11","store"," OK "
"149","22","29","2","2024-03-24T20:10:46.000000","0.21","web","gift "
"150","76","3","2","2024-03-01T18:39:36.000000","0.24","web","Gift"
"151","42","10","5","2024-03-09T15:24:49.000000","0.18","app","gift "
"152","25","2","4","2024-03-05T04:38:15.000000","0.04","app","Gift"
"153","60","18","3","2024-02-29T03:10:38.000000","","web"," OK "
"154","129","6","3","2024-03-10T15:14:12.000000","0.11","web","return?"
"155","166","16","2","2024-01-01T17:32:58.000000","0.0","app","gift "
"156","62","6","3","2024-03-18T21:23:10.000000","0.08","store","  "
"157","141","2","4","2024-03-07T14:06:29.000000","0.1","web","gift "
"158","165","20","5","2024-03-07T13:10:19.000000","0.08","web","gift "
"159","2","17","3","2024-02-05T09:49:22.000000","0.24","web","  "
"160","171","17","1","2024-03-13T01:52:57.000000","0.23","web","Gift"
"161","37","14","5","2024-02-04T08:43:39.000000","0.21","web"," OK "
"162","138","17","2","2024-01-05T09:45:41.000000","0.04","app"," OK "
"163","151","1","1","2024-03-22T16:53:08.000000","","app","gift "
"164","170","20","3","2024-01-22T02:35:45.000000","0.2","web","urgent"
"165","81","34","4","2024-01-10T04:06:15.000000","0.06","web","gift "
"166","132","6","2","2024-02-25T23:17:57.000000","0.19","store","  "
"167","6","6","2","2024-01-22T00:41:27.000000","0.15","web","  "
"168","90","32","2","2024-03-18T05:33:02.000000","0.13","app","urgent"
"169","193","21","5","2024-02-09T22:30:02.000000","0.03","web","  "
"170","32","11","5","2024-01-01T09:43:12.000000","0.16","app","return?"
"171","31","32","5","2024-03-26T15:42:40.000000","0.03","app","Gift"
"172","141","13","2","2024-02-16T07:35:57.000000","0.05","web"," OK "
"173","103","25","5","2024-01-24T16:01:51.000000","","app","gift "
"174","91","23","2","2024-03-01T22:56:26.000000","0.29","app","  "
"175","50","7","5","2024-02-17T18:07:07.000000","0.09","web","Gift"
"176","35","31","5","2024-01-03T15:57:06.000000","0.11","app","  "
"177","148","25","4","2024-03-09T08:50:17.000000","0.1","web","VIP"
"178","72","9","5","2024-02-06T02:55:40.000000","","web","  "
"179","156","31","1","2024-03-03T23:36:20.000000","0.17","store","VIP"
"180","89","25","4","2024-03-21T14:34:16.000000","0.28","web","urgent"
"181","80","35","1","2024-02-24T22:55:25.000000","0.09","web","Gift"
"182","47","33","4","2024-03-01T10:41:01.000000","0.03","web","gift "
"183","132","13","2","2024-01-23T22:02:39.000000","0.17","store","urgent"
"184","57","38","5","2024-01-22T09:20:31.000000","0.1","web","return?"
"185","182","2","3","2024-02-07T08:24:12.000000","","web","  "
"186","82","14","4","2024-03-17T18:00:26.000000","0.26","app","Gift"
"187","163","25","2","2024-02-17T04:15:24.000000","","app","VIP"
"188","94","22","1","2024-02-01T07:44:52.000000","0.29","app","return?"
"189","83","10","4","2024-03-11T03:57:31.000000","","store"," OK "
"190","91","8","2","2024-03-17T19:13:28.000000","0.08","web","gift "
"191","89","32","4","2024-03-22T05:28:19.000000","0.15","app","Gift"
"192","96","36","3","2024-01-27T21:43:05.000000","0.01","app","VIP"
"193","178","28","5","2024-03-04T20:49:22.000000","0.24","web","Gift"
"194","141","22","2","2024-02-23T03:05:30.000000","0.03","store","Gift"
"195","7","31","3","2024-02-10T09:46:45.000000","0.09","app","VIP"
"196","12","10","4","2024-02-05T17:23:25.000000","0.17","web","return?"
"197","5","39","4","2024-01-11T07:26:06.000000","0.01","web","urgent"
"198","139","5","1","2024-01-25T17:37:19.000000","0.02","web","  "
"199","42","24","4","2024-02-19T11:16:36.000000","","store","VIP"
"200","78","14","3","2024-03-20T18:57:51.000000","0.02","web","urgent"
"201","166","37","5","2024-03-18T23:17:52.000000","0.14","store","  "
"202","27","10","4","2024-01-17T21:12:08.000000","0.1","web","return?"
"203","31","26","4","2024-03-02T03:20:13.000000","0.07","store","VIP"
"204","16","7","2","2024-01-08T15:11:34.000000","0.06","app","urgent"
"205","58","8","2","2024-03-01T18:01:41.000000","0.23","web","return?"
"206","18","17","4","2024-01-31T18:33:43.000000","0.29","web","Gift"
"207","126","32","1","2024-02-10T11:40:20.000000","0.04","app","gift "
"208","148","12","3","2024-03-05T14:06:02.000000","0.29","web","Gift"
"209","37","28","5","2024-02-08T05:45:32.000000","0.18","web","  "
"210","105","23","5","2024-03-13T16:03:08.000000","0.19","app"," OK "
"211","61","40","4","2024-02-18T00:32:03.000000","0.21","store","  "
"212","17","13","3","2024-03-30T21:17:08.000000","0.21","app"," OK "
"213","94","10","5","2024-02-27T10:36:00.000000","0.25","store","VIP"
"214","140","37","1","2024-01-27T16:08:31.000000","0.15","app","Gift"
"215","46","14","4","2024-03-10T18:37:15.000000","0.16","app","gift "
"216","158","9","1","2024-02-06T17:09:16.000000","0.1","web","urgent"
"217","199","33","4","2024-02-18T01:48:13.000000","0.03","app"," OK "
"218","12","33","2","2024-01-13T07:32:02.000000","0.2","app"," OK "
"219","33","3","4","2024-01-11T17:46:52.000000","0.01","app","return?"
"220","58","35","4","2024-02-21T17:43:24.000000","0.08","store"," OK "
"221","170","26","5","2024-01-17T19:15:08.000000","0.03","web"," OK "
"222","29","12","4","2024-03-30T18:46:22.000000","","app","gift "
"223","95","22","5","2024-03-18T00:15:18.000000","0.19","app","return?"
"224","108","10","1","2024-03-04T01:54:10.000000","0.19","web"," OK "
"225","26","7","2","2024-03-07T02:57:01.000000","0.13","web","urgent"
"226","9","6","3","2024-02-23T13:39:35.000000","0.03","store","gift "
"227","24","7","1","2024-01-06T10:13:38.000000","0.13","web","gift "
"228","12","24","1","2024-02-05T07:31:02.000000","0.11","app","urgent"
"229","101","33","1","2024-02-14T14:55:52.000000","0.22","app","return?"
"230","188","20","4","2024-03-23T09:02:43.000000","0.17","store","Gift"
"231","71","1","3","2024-01-20T18:06:03.000000","","app","  "
"232","52","18","4","2024-02-14T17:20:23.000000","0.15","web","gift "
"233","47","30","5","2024-01-31T23:11:01.000000","0.29","web","  "
"234","197","34","1","2024-01-13T02:13:57.000000","0.23","app","return?"
"235","192","30","5","2024-01-10T06:31:07.000000","0.15","web","Gift"
"236","130","15","2","2024-02-02T21:13:02.000000","","app","VIP"
"237","93","26","3","2024-01-08T10:01:47.000000","0.01","web","Gift"
"238","32","3","5","2024-01-07T01:04:48.000000","0.28","web","Gift"
"239","186","17","2","2024-02-01T13:52:32.000000","0.1","store"," OK "
"240","1","22","5","2024-01-19T04:16:28.000000","0.08","store","Gift"
"241","33","2","3","2024-02-19T22:23:18.000000","0.3","app","  "
"242","136","1","1","2024-01-02T14:09:52.000000","0.22","web","  "
"243","37","33","5","2024-01-28T03:54:55.000000","","store","gift "
"244","22","9","1","2024-02-10T19:05:04.000000","0.02","app","Gift"
"245","120","6","4","2024-03-27T16:23:29.000000","0.01","store","urgent"
"246","6","24","3","2024-02-27T02:36:25.000000","0.18","web","return?"
"247","54","12","1","2024-03-20T06:21:13.000000","0.02","web","Gift"
"248","129","40","3","2024-01-31T21:30:42.000000","0.28","app","Gift"
"249","37","38","2","2024-02-10T11:22:24.000000","0.28","store","return?"
"250","152","33","1","2024-02-07T20:01:28.000000","","web","  "
"251","19","13","3","2024-03-20T20:46:20.000000","0.18","web","VIP"
"252","123","36","1","2024-03-27T07:53:31.000000","0.09","app","Gift"
"253","16","11","3","2024-03-27T14:38:30.000000","0.02","store","gift "
"254","147","10","2","2024-03-08T16:14:25.000000","0.22","app","VIP"
"255","151","39","5","2024-02-15T06:43:13.000000","0.03","store","return?"
"256","159","27","5","2024-02-18T16:15:01.000000","0.03","app","VIP"
"257","57","4","5","2024-03-29T05:54:07.000000","0.09","store","gift "
"258","48","36","5","2024-01-26T14:36:29.000000","","app","  "
"259","196","7","1","2024-02-01T04:53:17.000000","0.13","web","Gift"
"260","146","28","3","2024-03-21T17:30:47.000000","","app","gift "
"261","37","18","2","2024-02-04T18:27:21.000000","0.24","app","Gift"
"262","6","1","1","2024-01-22T03:48:35.000000","0.18","web"," OK "
"263","71","32","2","2024-02-20T10:36:50.000000","0.25","web","return?"
"264","134","28","3","2024-01-30T06:44:25.000000","0.12","app"," OK "
"265","75","36","2","2024-03-21T04:17:11.000000","0.25","app","urgent"
"266","162","25","1","2024-03-22T19:34:47.000000","0.15","web","urgent"
"267","101","31","3","2024-01-28T12:58:54.000000","0.07","store","urgent"
"268","199","37","1","2024-02-17T15:48:39.000000","0.28","web","gift "
"269","175","40","1","2024-03-29T13:25:24.000000","0.08","web","return?"
"270","95","23","3","2024-03-07T19:24:24.000000","","web","Gift"
"271","167","1","1","2024-01-20T09:45:18.000000","0.07","web","VIP"
"272","90","14","5","2024-02-23T04:00:31.000000","0.11","web","VIP"
"273","2","25","5","2024-02-25T18:57:48.000000","0.11","app","VIP"
"274","62","5","5","2024-02-28T19:25:43.000000","0.16","app","  "
"275","82","5","1","2024-01-03T06:01:21.000000","","app","VIP"
"276","196","16","3","2024-01-27T22:40:04.000000","0.09","store","VIP"
"277","166","37","5","2024-03-17T21:57:57.000000","0.16","store","  "
"278","30","13","3","2024-01-22T17:21:49.000000","0.1","web","gift "
"279","1","38","2","2024-01-27T23:20:33.000000","0.25","web"," OK "
"280","106","33","5","2024-01-30T00:35:00.000000","0.05","web","gift "
"281","107","13","2","2024-01-16T23:09:27.000000","0.03","app","VIP"
"282","148","10","5","2024-01-14T23:45:13.000000","0.15","web","Gift"
"283","52","34","1","2024-02-01T05:33:12.000000","0.2","app","urgent"
"284","163","31","4","2024-03-19T16:31:08.000000","0.24","app","  "
"285","83","26","1","2024-01-01T03:18:55.000000","","app"," OK "
"286","67","40","5","2024-01-26T11:48:48.000000","","web","VIP"
"287","85","5","2","2024-01-06T10:57:15.000000","","web","return?"
"288","189","16","1","2024-02-20T12:49:01.000000","0.01","web","gift "
"289","79","25","5","2024-01-23T13:17:59.000000","0.03","app"," OK "
"290","113","3","5","2024-03-12T06:39:53.000000","0.01","app","urgent"
"291","179","40","5","2024-02-22T15:38:10.000000","0.1","app"," OK "
"292","4","23","3","2024-03-11T13:03:36.000000","0.15","app","gift "
"293","108","13","1","2024-02-27T03:24:02.000000","0.11","app","Gift"
"294","142","10","2","2024-02-09T10:54:51.000000","0.17","web","VIP"
"295","181","1","1","2024-03-18T11:41:19.000000","","web","VIP"
"296","13","24","1","2024-02-12T20:42:56.000000","0.2","web","gift "
"297","146","40","1","2024-03-26T11:51:30.000000","0.2","web","return?"
"298","161","2","3","2024-03-30T12:33:20.000000","0.1","web","gift "
"299","71","17","4","2024-02-23T00:17:09.000000","0.1","app"," OK "
"300","150","27","3","2024-03-01T17:07:49.000000","0.18","web","return?"
"301","99","18","2","2024-01-24T00:13:52.000000","0.18","web","Gift"
"302","132","27","4","2024-03-14T07:37:08.000000","0.09","web","return?"
"303","78","29","2","2024-03-01T10:38:21.000000","0.1","web","VIP"
"304","36","39","3","2024-03-22T05:30:59.000000","","web","return?"
"305","166","25","5","2024-01-25T00:44:16.000000","0.19","web","  "
"306","44","29","1","2024-03-11T21:11:38.000000","0.04","web","  "
"307","38","13","5","2024-02-12T07:47:44.000000","","store","urgent"
"308","178","7","2","2024-01-17T15:59:14.000000","0.27","web","urgent"
"309","188","4","4","2024-01-16T09:47:04.000000","0.01","web","Gift"
"310","122","5","2","2024-02-20T14:17:19.000000","0.26","web","Gift"
"311","117","34","1","2024-01-29T18:00:39.000000","0.05","web","  "
"312","73","2","3","2024-01-10T04:05:28.000000","0.15","app","return?"
"313","123","20","2","2024-02-08T10:38:09.000000","0.13","web"," OK "
"314","122","25","3","2024-02-28T18:18:42.000000","0.0","store","  "
"315","104","27","2","2024-01-29T16:55:48.000000","0.27","store","VIP"
"316","132","3","5","2024-03-26T23:33:17.000000","0.14","app","gift "
"317","111","35","4","2024-03-11T03:49:20.000000","0.29","web","urgent"
"318","176","18","5","2024-02-16T03:30:04.000000","0.09","web","gift "
"319","134","1","4","2024-03-25T02:51:07.000000","0.26","web","VIP"
"320","78","6","4","2024-02-08T23:13:14.000000","","app","return?"
"321","132","35","1","2024-01-13T13:41:02.000000","0.17","web","  "
"322","47","38","3","2024-01-04T05:25:13.000000","0.06","app","gift "
"323","43","31","5","2024-03-25T10:07:51.000000","0.21","web","  "
"324","166","14","1","2024-03-27T09:06:46.000000","0.16","web","  "
"325","117","38","3","2024-03-07T12:46:49.000000","0.28","web","VIP"
"326","11","12","1","2024-01-10T06:29:08.000000","0.13","web","urgent"
"327","71","10","4","2024-01-27T10:17:06.000000","0.08","app"," OK "
"328","197","31","5","2024-01-04T16:43:51.000000","0.04","app","Gift"
"329","128","13","1","2024-01-05T14:41:48.000000","0.21","web","urgent"
"330","174","21","5","2024-01-23T03:30:13.000000","0.29","web","  "
"331","110","27","2","2024-02-21T11:49:34.000000","0.01","store","gift "
"332","9","7","5","2024-01-06T21:32:44.000000","","web","return?"
"333","36","38","1","2024-03-29T14:44:18.000000","0.28","app","VIP"
"334","19","7","1","2024-02-10T23:03:16.000000","0.02","web","urgent"
"335","147","40","4","2024-01-24T17:54:22.000000","0.03","app","VIP"
"336","152","12","4","2024-02-16T10:44:58.000000","0.21","app","VIP"
"337","92","17","1","2024-03-12T02:44:07.000000","0.19","web","Gift"
"338","145","11","1","2024-01-29T03:09:03.000000","0.02","app"," OK "
"339","111","22","2","2024-01-05T06:37:46.000000","0.25","app","VIP"
"340","148","1","1","2024-01-05T14:04:28.000000","0.16","web","urgent"
"341","135","7","4","2024-03-17T16:17:22.000000","0.27","app","urgent"
"342","92","21","4","2024-01-11T01:03:24.000000","0.26","web","gift "
"343","131","28","4","2024-02-27T04:49:01.000000","0.24","web"," OK "
"344","64","39","3","2024-02-04T14:31:46.000000","0.15","app","Gift"
"345","150","34","4","2024-03-10T23:26:13.000000","0.08","store","urgent"
"346","183","37","3","2024-01-06T10:44:29.000000","0.15","web"," OK "
"347","42","32","4","2024-03-21T19:13:52.000000","0.03","app","return?"
"348","134","32","3","2024-03-03T20:05:23.000000","0.2","web","urgent"
"349","23","14","4","2024-02-10T10:26:23.000000","0.04","app","gift "
"350","76","37","4","2024-01-19T15:09:51.000000","0.15","web","VIP"
"351","134","39","4","2024-03-28T22:37:35.000000","0.02","app","gift "
"352","56","21","5","2024-01-28T04:28:28.000000","","web","Gift"
"353","48","5","2","2024-02-14T03:30:22.000000","0.07","web","VIP"
"354","77","2","5","2024-02-05T11:18:42.000000","0.19","app","  "
"355","23","20","1","2024-01-21T17:59:19.000000","0.24","web"," OK "
"356","126","26","3","2024-02-07T11:52:36.000000","0.02","web","VIP"
"357","27","23","3","2024-01-14T15:12:23.000000","","web"," OK "
"358","67","36","5","2024-01-01T03:35:13.000000","0.26","app","VIP"
"359","63","22","1","2024-01-27T02:23:05.000000","0.1","web"," OK "
"360","194","27","2","2024-01-11T02:04:19.000000","0.2","app"," OK "
"361","199","31","3","2024-02-07T07:55:20.000000","0.12","web"," OK "
"362","16","36","5","2024-03-18T15:34:17.000000","0.05","app","VIP"
"363","32","25","3","2024-01-15T15:08:58.000000","0.16","store","gift "
"364","147","23","4","2024-01-01T02:39:48.000000","0.03","web","  "
"365","60","4","1","2024-01-10T23:57:47.000000","0.26","app","urgent"
"366","129","26","5","2024-02-15T17:38:29.000000","0.28","web"," OK "
"367","185","8","4","2024-01-25T17:39:01.000000","0.25","web","VIP"
"368","33","15","1","2024-02-14T01:19:27.000000","","app","VIP"
"369","193","22","4","2024-01-03T15:10:31.000000","","store","VIP"
"370","11","4","1","2024-01-30T23:29:00.000000","0.3","app"," OK "
"371","46","28","3","2024-02-06T21:53:26.000000","0.07","store","return?"
"372","102","12","4","2024-02-08T19:39:58.000000","0.02","web","gift "
"373","177","21","5","2024-02-19T14:30:06.000000","0.17","app","urgent"
"374","111","15","1","2024-03-11T06:03:18.000000","0.1","web","urgent"
"375","28","15","2","2024-02-12T01:12:59.000000","0.1","store","gift "
"376","50","16","4","2024-03-16T17:00:00.000000","0.0","app","  "
"377","153","3","2","2024-02-17T16:13:42.000000","0.18","web"," OK "
"378","113","8","4","2024-01-24T10:21:10.000000","0.08","app","gift "
"379","3","32","1","2024-01-21T14:40:45.000000","0.06","app","urgent"
"380","101","5","1","2024-01-30T00:34:45.000000","0.01","store","return?"
"381","82","20","3","2024-02-23T18:31:19.000000","0.11","app","  "
"382","1","6","4","2024-01-22T19:45:46.000000","0.26","store","Gift"
"383","50","22","2","2024-03-23T06:36:53.000000","","app","Gift"
"384","188","26","5","2024-02-13T04:30:17.000000","0.2","app","VIP"
"385","141","19","5","2024-03-18T16:40:09.000000","0.23","app","  "
"386","15","31","1","2024-03-02T11:50:16.000000","","web","Gift"
"387","4","11","2","2024-01-31T00:02:28.000000","0.25","web","VIP"
"388","70","23","3","2024-01-21T13:01:34.000000","0.21","store","  "
"389","93","12","3","2024-03-07T22:55:09.000000","","store"," OK "
"390","91","21","2","2024-01-30T18:23:21.000000","0.0","store","  "
"391","140","3","3","2024-01-23T05:14:03.000000","0.01","web","return?"
"392","35","11","5","2024-03-24T17:37:50.000000","0.3","web","return?"
"393","10","29","2","2024-02-13T10:28:50.000000","","store"," OK "
"394","135","32","2","2024-01-05T08:54:34.000000","0.28","web","return?"
"395","180","11","4","2024-02-14T12:41:53.000000","0.27","web","return?"
"396","34","11","3","2024-02-11T11:15:44.000000","0.01","web","urgent"
"397","73","12","4","2024-03-18T18:10:19.000000","0.24","store","  "
"398","126","12","4","2024-03-05T00:57:55.000000","0.14","app","VIP"
"399","34","40","4","2024-01-18T05:19:54.000000","0.24","web"," OK "
"400","172","27","4","2024-01-14T12:58:50.000000","0.0","app","VIP"
"401","46","16","4","2024-02-24T07:45:51.000000","0.09","web","Gift"
"402","107","19","3","2024-01-05T06:19:40.000000","0.23","app","Gift"
"403","68","21","3","2024-01-29T17:04:28.000000","0.24","app","urgent"
"404","134","23","2","2024-01-13T10:31:24.000000","0.19","app","gift "
"405","40","16","3","2024-01-02T20:24:49.000000","0.09","web","VIP"
"406","20","39","4","2024-03-23T16:39:29.000000","0.09","web","VIP"
"407","103","12","4","2024-01-09T02:00:46.000000","0.29","web","urgent"
"408","174","18","4","2024-01-01T20:00:04.000000","0.13","store","VIP"
"409","127","1","2","2024-03-24T23:02:47.000000","0.13","web","VIP"
"410","152","20","4","2024-01-17T22:46:31.000000","0.17","web"," OK "
"411","87","35","3","2024-03-14T11:45:53.000000","","web","Gift"
"412","29","40","2","2024-01-03T19:34:20.000000","0.17","store"," OK "
"413","86","19","1","2024-01-14T19:40:52.000000","0.13","app","return?"
"414","198","6","2","2024-01-10T22:57:34.000000","0.25","web","gift "
"415","157","29","4","2024-03-04T13:31:39.000000","0.27","app","urgent"
"416","141","26","2","2024-02-25T19:31:20.000000","0.28","web","return?"
"417","61","39","1","2024-02-12T19:05:03.000000","0.17","app","  "
"418","120","21","2","2024-01-22T17:56:24.000000","","store","return?"
"419","125","1","5","2024-01-08T23:56:15.000000","0.21","app","VIP"
"420","131","37","1","2024-02-21T05:29:52.000000","0.25","store","return?"
"421","179","28","1","2024-01-21T18:20:34.000000","0.17","app","urgent"
"422","137","33","3","2024-02-23T02:49:19.000000","0.21","web","urgent"
"423","45","5","2","2024-03-02T20:55:51.000000","0.22","app"," OK "
"424","45","19","5","2024-03-17T10:46:49.000000","0.2","app","Gift"
"425","124","19","2","2024-02-14T11:00:27.000000","","web","gift "
"426","174","11","3","2024-01-01T10:14:29.000000","0.06","app","gift "
"427","190","34","2","2024-01-26T06:14:25.000000","0.15","web","  "
"428","122","8","2","2024-03-17T19:16:40.000000","0.18","web","VIP"
"429","106","3","2","2024-02-17T23:49:19.000000","0.0","store","VIP"
"430","164","10","2","2024-02-25T17:17:50.000000","0.26","web","gift "
"431","196","40","4","2024-02-11T04:53:54.000000","0.18","app","urgent"
"432","6","5","4","2024-01-15T15:31:33.000000","0.04","web","gift "
"433","63","24","1","2024-03-21T16:52:48.000000","0.24","app","return?"
"434","67","8","3","2024-03-10T13:32:41.000000","0.22","store","VIP"
"435","113","16","2","2024-03-30T13:35:46.000000","0.23","app","return?"
"436","59","23","5","2024-03-17T23:51:42.000000","0.12","app","gift "
"437","63","1","1","2024-01-27T04:50:52.000000","","web","VIP"
"438","5","10","3","2024-01-23T21:12:32.000000","","web","Gift"
"439","1","24","2","2024-01-23T08:42:17.000000","0.17","app"," OK "
"440","90","1","2","2024-03-23T16:35:39.000000","0.0","app","VIP"
"441","200","20","5","2024-02-20T02:58:48.000000","0.19","app"," OK "
"442","60","25","3","2024-02-10T21:37:40.000000","0.22","app","  "
"443","49","9","2","2024-03-28T03:26:40.000000","0.17","web","return?"
"444","53","7","5","2024-02-24T07:23:48.000000","0.15","web"," OK "
"445","195","20","4","2024-03-22T20:22:23.000000","0.24","store","VIP"
"446","133","29","1","2024-03-29T14:50:34.000000","0.2","app","return?"
"447","131","1","3","2024-01-08T03:36:09.000000","0.08","app","  "
"448","38","14","3","2024-02-02T12:55:04.000000","0.29","app","  "
"449","181","40","3","2024-03-07T01:44:27.000000","0.21","store","return?"
"450","40","14","2","2024-03-14T04:25:27.000000","0.3","store","VIP"
"451","194","14","5","2024-01-14T08:43:39.000000","0.29","web"," OK "
"452","191","30","5","2024-01-29T15:44:31.000000","0.28","store","VIP"
"453","114","20","1","2024-02-19T08:03:12.000000","0.23","web","VIP"
"454","174","16","5","2024-03-12T22:18:04.000000","0.18","web","urgent"
"455","200","32","5","2024-01-11T04:00:33.000000","0.05","store","  "
"456","117","2","2","2024-02-24T01:35:06.000000","0.16","web","VIP"
"457","154","29","3","2024-01-27T16:19:00.000000","","web","VIP"
"458","119","16","1","2024-01-20T11:19:41.000000","0.16","app","return?"
"459","105","36","2","2024-02-16T09:15:43.000000","0.26","store","VIP"
"460","67","29","2","2024-02-07T06:17:46.000000","0.03","web"," OK "
"461","131","38","5","2024-02-27T05:08:11.000000","0.11","app","gift "
"462","54","6","1","2024-01-29T14:05:34.000000","","app","urgent"
"463","39","8","2","2024-03-15T02:16:33.000000","0.13","web"," OK "
"464","56","37","3","2024-01-08T00:42:50.000000","0.03","app","urgent"
"465","3","16","5","2024-03-18T13:39:34.000000","0.05","app","return?"
"466","187","33","5","2024-01-03T16:26:35.000000","0.25","app","  "
"467","52","28","5","2024-03-07T05:32:05.000000","0.15","app","VIP"
"468","160","20","2","2024-02-01T04:23:38.000000","0.01","store","gift "
"469","87","2","2","2024-02-04T12:00:11.000000","","app","Gift"
"470","68","3","3","2024-01-02T17:06:49.000000","0.14","web","gift "
"471","46","29","2","2024-03-04T04:32:09.000000","0.05","app","return?"
"472","165","4","1","2024-01-15T21:27:12.000000","0.21","app","Gift"
"473","103","1","5","2024-02-29T07:46:43.000000","0.24","web","Gift"
"474","90","9","1","2024-03-06T06:23:45.000000","","app","VIP"
"475","132","37","1","2024-03-17T01:42:55.000000","0.18","app","Gift"
"476","161","26","5","2024-03-04T17:28:37.000000","","web","return?"
"477","132","29","4","2024-01-28T03:14:25.000000","0.09","web","return?"
"478","94","27","4","2024-03-07T11:20:01.000000","0.27","app"," OK "
"479","179","23","1","2024-03-15T08:03:09.000000","","web","  "
"480","180","11","2","2024-01-29T13:03:03.000000","0.27","store"," OK "
"481","194","18","2","2024-01-12T04:13:19.000000","0.07","web","return?"
"482","19","22","4","2024-03-21T02:26:31.000000","0.1","app"," OK "
"483","179","40","3","2024-01-14T07:33:01.000000","0.14","app","return?"
"484","39","36","2","2024-02-23T10:40:26.000000","0.14","web","VIP"
"485","125","30","4","2024-01-22T06:21:56.000000","0.3","app","gift "
"486","132","33","4","2024-01-12T08:13:00.000000","0.03","web","urgent"
"487","42","33","4","2024-03-10T21:03:24.000000","0.26","web","urgent"
"488","2","27","1","2024-01-13T22:25:56.000000","0.26","app","gift "
"489","189","34","4","2024-03-01T07:41:16.000000","0.17","web","VIP"
"490","179","3","2","2024-03-03T09:05:10.000000","0.1","app","return?"
"491","35","1","2","2024-01-06T10:05:32.000000","0.16","app","gift "
"492","121","18","5","2024-01-16T13:33:32.000000","0.09","web","urgent"
"493","31","3","3","2024-03-12T11:49:30.000000","","web","gift "
"494","114","14","4","2024-02-15T15:45:08.000000","0.15","store","VIP"
"495","64","8","2","2024-01-11T22:07:12.000000","0.28","web","gift "
"496","151","39","5","2024-03-30T06:13:58.000000","0.19","app","return?"
"497","115","27","2","2024-01-24T20:22:27.000000","0.15","web"," OK "
"498","100","2","1","2024-01-01T08:39:23.000000","0.21","store","gift "
"499","137","25","2","2024-03-24T04:11:55.000000","0.15","web"," OK "
"500","96","30","1","2024-01-02T11:48:44.000000","0.27","web","  "
"501","3","14","3","2024-02-19T19:15:14.000000","0.06","app","  "
"502","120","36","1","2024-03-30T09:03:45.000000","0.29","web","Gift"
"503","156","39","2","2024-02-22T00:04:05.000000","0.24","app","VIP"
"504","99","40","4","2024-02-22T14:49:11.000000","0.26","web","return?"
"505","36","4","1","2024-02-04T22:27:28.000000","0.14","web","gift "
"506","2","18","3","2024-01-12T10:07:31.000000","0.25","web","gift "
"507","60","32","4","2024-02-21T13:00:51.000000","0.09","app","urgent"
"508","154","18","3","2024-03-21T18:10:21.000000","0.23","store"," OK "
"509","65","20","1","2024-01-09T04:46:55.000000","0.04","web","Gift"
"510","192","14","1","2024-03-20T05:37:17.000000","0.09","store","gift "
"511","67","17","5","2024-02-07T08:30:01.000000","0.13","app","VIP"
"512","86","28","4","2024-02-18T06:11:34.000000","0.1","web","return?"
"513","153","2","2","2024-01-15T21:16:28.000000","0.12","web"," OK "
"514","123","32","5","2024-02-25T23:04:14.000000","","web","urgent"
"515","9","30","1","2024-01-17T09:52:57.000000","0.08","web","gift "
"516","16","6","1","2024-01-25T14:05:03.000000","0.22","app","Gift"
"517","40","31","5","2024-03-05T22:40:56.000000","0.02","app","  "
"518","175","21","4","2024-01-05T13:07:21.000000","0.23","web","Gift"
"519","5","13","3","2024-02-10T05:54:43.000000","0.24","app","Gift"
"520","15","19","2","2024-02-23T12:15:57.000000","0.12","web","gift "
"521","156","21","5","2024-01-12T21:10:54.000000","","store","  "
"522","125","9","4","2024-01-27T12:40:16.000000","0.27","app"," OK "
"523","197","25","3","2024-01-31T21:57:48.000000","0.24","web","return?"
"524","44","26","2","2024-02-29T17:25:17.000000","","app","Gift"
"525","132","15","2","2024-03-28T21:41:29.000000","0.15","web","urgent"
"526","27","19","3","2024-03-16T06:17:22.000000","0.23","store","  "
"527","119","25","4","2024-01-18T01:53:38.000000","0.09","web"," OK "
"528","22","21","5","2024-01-02T15:13:36.000000","0.24","store","  "
"529","182","18","3","2024-01-05T16:07:48.000000","","store"," OK "
"530","84","39","2","2024-02-23T14:44:30.000000","0.24","app","urgent"
"531","51","36","3","2024-01-15T01:31:21.000000","0.03","app","VIP"
"532","197","16","3","2024-01-21T19:33:57.000000","","app","Gift"
"533","14","29","2","2024-03-17T06:21:57.000000","0.3","web","return?"
"534","160","33","1","2024-03-19T15:35:56.000000","0.26","store","Gift"
"535","102","5","2","2024-03-16T12:18:23.000000","0.26","web","  "
"536","138","24","1","2024-01-23T19:54:55.000000","0.29","store"," OK "
"537","53","32","1","2024-02-25T18:31:07.000000","0.13","app","return?"
"538","177","3","5","2024-02-24T23:15:48.000000","0.09","web","  "
"539","91","14","4","2024-01-17T16:08:03.000000","","web","  "
"540","84","32","1","2024-02-19T19:38:53.000000","0.15","web","Gift"
"541","92","38","2","2024-02-17T06:33:15.000000","0.07","web","Gift"
"542","60","40","2","2024-02-05T15:43:10.000000","0.28","app","gift "
"543","64","25","5","2024-03-08T15:35:31.000000","0.0","web","urgent"
"544","29","2","3","2024-03-01T23:39:39.000000","0.04","store"," OK "
"545","98","2","2","2024-02-17T22:32:03.000000","0.07","web","  "
"546","95","33","4","2024-03-06T07:39:44.000000","0.06","web","VIP"
"547","77","30","3","2024-03-09T16:18:51.000000","0.07","web","  "
"548","198","8","1","2024-02-21T00:35:08.000000","0.2","web","gift "
"549","23","6","2","2024-01-25T02:10:34.000000","0.1","app","gift "
"550","183","6","1","2024-03-09T06:11:31.000000","0.18","web","return?"
"551","174","36","4","2024-03-05T14:02:45.000000","","app","gift "
"552","5","31","5","2024-03-29T12:10:51.000000","","app","  "
"553","141","38","5","2024-01-14T11:32:04.000000","0.21","web","Gift"
"554","42","5","2","2024-02-07T17:37:42.000000","0.11","web"," OK "
"555","9","28","3","2024-03-24T04:19:46.000000","0.05","web","Gift"
"556","173","37","1","2024-02-16T07:29:57.000000","0.1","web","VIP"
"557","24","22","2","2024-03-25T20:03:55.000000","0.29","app","  "
"558","60","31","1","2024-01-02T02:56:05.000000","0.19","web","  "
"559","20","25","4","2024-01-04T03:58:00.000000","0.08","web","VIP"
"560","29","1","5","2024-03-12T15:25:18.000000","0.14","app","urgent"
"561","13","18","1","2024-02-02T06:12:40.000000","0.25","web","VIP"
"562","169","11","4","2024-02-16T19:41:49.000000","0.2","store","VIP"
"563","12","4","3","2024-02-08T12:30:01.000000","","app","Gift"
"564","152","24","3","2024-02-06T17:11:48.000000","0.27","app","gift "
"565","32","38","4","2024-03-25T13:15:52.000000","0.2","app","return?"
"566","183","3","4","2024-01-09T11:11:43.000000","0.19","web","urgent"
"567","170","14","2","2024-03-10T11:59:19.000000","0.06","web","Gift"
"568","126","27","4","2024-03-21T01:39:28.000000","0.03","app","urgent"
"569","166","13","4","2024-02-29T04:00:34.000000","0.29","web","Gift"
"570","60","5","2","2024-02-05T13:12:56.000000","","web","urgent"
"571","157","8","4","2024-01-15T09:37:47.000000","0.12","app","VIP"
"572","45","1","4","2024-03-02T10:22:34.000000","","app","return?"
"573","123","40","1","2024-02-12T04:36:11.000000","0.02","app","return?"
"574","184","20","1","2024-01-14T10:38:53.000000","0.25","web","Gift"
"575","145","38","2","2024-02-02T08:50:41.000000","0.06","store","return?"
"576","54","28","1","2024-03-27T12:56:49.000000","0.24","web"," OK "
"577","148","14","3","2024-01-24T21:13:58.000000","","store"," OK "
"578","177","38","3","2024-01-17T01:26:03.000000","0.08","web","Gift"
"579","178","11","4","2024-03-02T09:04:00.000000","0.01","store","Gift"
"580","148","8","1","2024-01-18T23:00:38.000000","","store","return?"
"581","147","33","3","2024-03-23T19:00:12.000000","0.05","web","VIP"
"582","157","23","4","2024-03-18T07:24:10.000000","0.02","app","VIP"
"583","148","17","3","2024-03-29T12:25:30.000000","0.23","web","VIP"
"584","27","24","5","2024-03-23T03:10:43.000000","0.11","web","VIP"
"585","161","39","2","2024-01-22T22:31:50.000000","0.12","web","gift "
"586","36","12","3","2024-01-20T02:14:18.000000","0.07","app"," OK "
"587","112","37","1","2024-01-31T20:06:04.000000","0.26","web"," OK "
"588","68","37","3","2024-02-12T06:46:11.000000","0.09","app","return?"
"589","43","31","1","2024-03-20T04:47:26.000000","0.06","store","gift "
"590","57","7","5","2024-03-07T00:20:56.000000","0.09","store","return?"
"591","17","4","2","2024-02-27T23:58:44.000000","","web"," OK "
"592","88","5","5","2024-03-20T01:16:11.000000","0.1","app","  "
"593","84","29","1","2024-02-28T03:07:00.000000","0.02","web","urgent"
"594","81","16","2","2024-02-04T02:45:13.000000","0.05","web","Gift"
"595","19","40","1","2024-02-07T04:04:54.000000","0.13","store","  "
"596","122","1","2","2024-02-16T12:45:43.000000","0.26","store","gift "
"597","34","15","4","2024-01-08T23:44:52.000000","0.02","web"," OK "
"598","172","11","3","2024-03-07T18:06:26.000000","0.06","web","return?"
"599","5","36","4","2024-02-28T17:59:45.000000","0.27","web","  "
"600","12","5","5","2024-03-06T19:15:13.000000","0.27","web","Gift"
"601","61","17","1","2024-02-18T01:18:56.000000","0.2","web","  "
"602","82","35","3","2024-03-11T11:11:37.000000","","web","urgent"
"603","194","39","3","2024-03-26T11:27:43.000000","0.13","web","gift "
"604","106","37","3","2024-02-21T07:03:25.000000","0.06","web","Gift"
"605","76","27","1","2024-02-09T23:52:08.000000","0.04","app","Gift"
"606","168","7","2","2024-01-10T09:58:06.000000","0.11","app","gift "
"607","49","4","2","2024-03-11T01:56:34.000000","0.17","app","return?"
"608","180","17","4","2024-03-22T08:34:56.000000","","web"," OK "
"609","81","20","5","2024-03-03T22:53:55.000000","0.18","app","gift "
"610","63","21","2","2024-03-18T21:38:12.000000","0.09","web","return?"
"611","61","2","3","2024-03-18T12:11:27.000000","0.1","store","return?"
"612","2","28","2","2024-03-12T19:53:25.000000","","web","return?"
"613","135","16","1","2024-02-15T06:13:18.000000","0.26","store","Gift"
"614","116","5","2","2024-01-09T23:42:10.000000","0.1","web","gift "
"615","127","37","2","2024-01-01T07:00:39.000000","0.17","app","  "
"616","131","15","1","2024-01-19T09:29:53.000000","0.08","web","VIP"
"617","6","10","4","2024-02-08T19:00:47.000000","0.02","app","return?"
"618","176","20","2","2024-03-07T22:10:36.000000","","app","urgent"
"619","103","39","2","2024-02-11T00:32:35.000000","0.05","web"," OK "
"620","139","33","2","2024-01-03T01:58:57.000000","0.13","app","urgent"
"621","8","4","5","2024-01-19T22:20:47.000000","0.15","web","urgent"
"622","153","28","4","2024-03-29T03:07:30.000000","0.06","app","Gift"
"623","136","27","3","2024-03-29T22:07:41.000000","","web","return?"
"624","74","36","5","2024-02-03T22:37:57.000000","0.1","app","urgent"
"625","188","39","1","2024-03-13T10:46:07.000000","0.29","store","Gift"
"626","131","30","2","2024-03-05T17:42:54.000000","","web","Gift"
"627","182","27","3","2024-03-24T19:32:24.000000","0.11","app","urgent"
"628","165","15","3","2024-03-20T21:09:12.000000","0.01","store","urgent"
"629","42","36","4","2024-02-26T14:04:54.000000","0.18","app","return?"
"630","200","38","4","2024-02-05T12:24:02.000000","","web","  "
"631","149","40","3","2024-02-26T09:34:58.000000","","web"," OK "
"632","38","39","5","2024-01-29T17:19:34.000000","0.23","web","  "
"633","159","26","5","2024-02-01T07:52:32.000000","0.13","web","  "
"634","86","39","3","2024-02-24T18:52:51.000000","","web","Gift"
"635","173","32","5","2024-02-21T10:13:16.000000","0.01","app","VIP"
"636","35","10","4","2024-02-22T06:56:13.000000","0.01","app","VIP"
"637","52","2","1","2024-02-04T14:53:58.000000","","app","VIP"
"638","70","40","1","2024-02-06T19:44:32.000000","0.27","web","  "
"639","91","18","1","2024-01-01T22:00:53.000000","0.07","web","gift "
"640","127","35","2","2024-02-24T03:50:00.000000","0.17","app","urgent"
"641","45","12","2","2024-02-21T19:41:44.000000","0.21","app"," OK "
"642","142","15","1","2024-03-25T04:25:25.000000","0.02","store","return?"
"643","5","33","4","2024-02-15T09:14:37.000000","0.05","app","VIP"
"644","67","22","3","2024-02-12T02:06:10.000000","","web","urgent"
"645","132","28","4","2024-01-07T02:11:38.000000","","app","VIP"
"646","53","13","3","2024-01-18T16:57:47.000000","","app"," OK "
"647","87","25","2","2024-01-31T10:09:39.000000","0.22","web","urgent"
"648","122","20","4","2024-02-03T22:45:53.000000","0.26","app","urgent"
"649","50","38","5","2024-02-02T15:24:05.000000","","web","Gift"
"650","193","20","2","2024-02-05T11:16:15.000000","0.3","web","Gift"
"651","170","4","2","2024-03-10T04:51:44.000000","0.23","web","gift "
"652","195","30","3","2024-01-12T19:11:41.000000","","app","gift "
"653","100","39","5","2024-01-30T21:40:50.000000","","app"," OK "
"654","69","36","3","2024-01-15T15:48:08.000000","0.22","web","urgent"
"655","199","5","5","2024-01-28T16:50:18.000000","","app","VIP"
"656","146","40","1","2024-03-02T14:39:14.000000","0.28","app","gift "
"657","159","14","1","2024-01-05T05:00:35.000000","","web","return?"
"658","37","34","3","2024-01-31T13:16:19.000000","0.19","web"," OK "
"659","174","26","2","2024-01-03T03:09:45.000000","0.15","web","Gift"
"660","106","39","1","2024-03-26T22:34:49.000000","0.26","web","urgent"
"661","155","14","2","2024-03-06T10:52:45.000000","0.13","store","return?"
"662","166","25","2","2024-01-22T22:10:08.000000","0.25","app","urgent"
"663","22","28","5","2024-01-18T20:06:21.000000","0.24","web","VIP"
"664","20","7","4","2024-01-09T21:40:36.000000","0.29","app","urgent"
"665","14","32","2","2024-02-12T13:25:13.000000","0.07","web","VIP"
"666","129","6","5","2024-03-08T19:34:11.000000","","web","gift "
"667","184","34","5","2024-02-22T13:53:38.000000","0.23","web","return?"
"668","7","6","2","2024-03-20T07:02:16.000000","0.28","web"," OK "
"669","28","8","3","2024-01-31T22:38:46.000000","0.27","web","Gift"
"670","98","20","5","2024-01-26T00:43:29.000000","0.17","web","VIP"
"671","79","8","3","2024-02-13T00:35:29.000000","0.17","web","return?"
"672","21","4","2","2024-01-19T04:30:37.000000","0.05","web","gift "
"673","122","3","5","2024-03-28T19:23:34.000000","0.29","app"," OK "
"674","182","12","4","2024-01-17T17:15:17.000000","0.08","web","  "
"675","43","20","3","2024-02-13T02:21:07.000000","0.22","web","gift "
"676","1","2","5","2024-02-16T23:32:47.000000","0.24","web","VIP"
"677","46","6","4","2024-01-06T03:13:12.000000","0.13","store","gift "
"678","37","25","2","2024-02-12T03:46:47.000000","","web","return?"
"679","94","13","3","2024-02-10T22:09:25.000000","0.06","app"," OK "
"680","22","31","1","2024-01-24T08:23:24.000000","0.26","web","  "
"681","73","34","1","2024-01-12T12:24:41.000000","0.15","web","VIP"
"682","24","2","5","2024-01-05T01:34:26.000000","0.03","app","Gift"
"683","136","38","1","2024-01-01T18:32:11.000000","0.22","app","gift "
"684","94","28","5","2024-02-13T08:01:16.000000","0.08","store","  "
"685","16","33","2","2024-01-09T02:03:24.000000","0.26","web","gift "
"686","9","20","3","2024-03-27T08:09:28.000000","0.09","web","Gift"
"687","98","1","4","2024-01-23T00:39:13.000000","0.06","app","  "
"688","119","36","5","2024-02-28T17:26:29.000000","0.03","web","VIP"
"689","35","23","2","2024-03-01T14:44:04.000000","0.15","app"," OK "
"690","65","2","5","2024-02-14T14:17:38.000000","0.14","app","return?"
"691","122","7","3","2024-03-20T12:36:11.000000","0.23","web","urgent"
"692","95","9","5","2024-01-10T23:05:41.000000","","app"," OK "
"693","24","16","1","2024-01-22T01:30:29.000000","0.1","web","urgent"
"694","79","18","2","2024-01-23T17:15:44.000000","0.08","web"," OK "
"695","40","18","4","2024-01-13T04:29:42.000000","0.08","store","return?"
"696","186","35","4","2024-01-27T12:42:42.000000","0.28","web","Gift"
"697","161","38","5","2024-01-29T03:24:15.000000","0.05","web","VIP"
"698","63","28","2","2024-03-09T19:58:32.000000","0.3","app","urgent"
"699","48","26","4","2024-01-28T03:30:48.000000","","web","gift "
"700","27","35","4","2024-03-19T21:41:43.000000","0.03","web","Gift"
"701","148","11","5","2024-03-10T12:58:33.000000","0.07","web","  "
"702","184","23","1","2024-03-22T03:32:47.000000","0.02","web","return?"
"703","55","26","1","2024-01-10T11:17:06.000000","0.24","web","  "
"704","128","12","3","2024-03-29T14:40:05.000000","0.15","app","  "
"705","48","39","1","2024-02-25T06:09:35.000000","0.1","web","urgent"
"706","184","10","1","2024-03-29T09:54:43.000000","0.2","store"," OK "
"707","60","3","3","2024-02-01T22:27:33.000000","","web"," OK "
"708","20","13","2","2024-03-26T18:28:41.000000","","web","Gift"
"709","177","33","2","2024-02-22T23:23:17.000000","0.29","store","gift "
"710","190","15","2","2024-01-07T11:08:08.000000","0.2","app"," OK "
"711","80","9","4","2024-02-06T21:52:07.000000","0.25","web","urgent"
"712","182","35","2","2024-01-13T09:38:02.000000","0.24","web","  "
"713","49","7","4","2024-03-25T17:09:50.000000","0.15","app","return?"
"714","55","7","1","2024-01-28T09:38:51.000000","0.21","web","return?"
"715","108","36","1","2024-01-21T00:18:00.000000","0.02","web","urgent"
"716","121","13","1","2024-02-19T18:15:36.000000","0.23","app"," OK "
"717","78","1","5","2024-02-08T06:20:55.000000","0.29","app","  "
"718","160","18","2","2024-01-09T17:28:20.000000","0.03","app","return?"
"719","159","30","1","2024-03-14T11:37:38.000000","0.25","web","Gift"
"720","25","31","2","2024-03-17T02:55:17.000000","0.28","store","return?"
"721","199","4","4","2024-03-07T20:47:53.000000","0.07","web","VIP"
"722","32","12","2","2024-02-25T12:11:36.000000","0.16","app","return?"
"723","106","25","2","2024-02-06T05:31:28.000000","0.28","web","return?"
"724","85","27","1","2024-02-18T19:30:25.000000","0.29","app"," OK "
"725","91","25","4","2024-02-16T21:21:08.000000","0.04","app","Gift"
"726","26","14","2","2024-01-15T21:04:20.000000","0.1","web"," OK "
"727","69","35","1","2024-01-08T08:42:59.000000","0.21","app"," OK "
"728","7","4","4","2024-01-23T19:01:54.000000","0.07","store","gift "
"729","195","33","5","2024-02-10T21:21:37.000000","0.1","web","  "
"730","29","38","4","2024-01-15T10:16:26.000000","0.01","web","return?"
"731","97","28","5","2024-01-10T14:24:06.000000","0.05","web"," OK "
"732","44","18","3","2024-03-17T16:10:32.000000","0.17","app"," OK "
"733","36","16","3","2024-02-03T17:59:34.000000","0.2","app"," OK "
"734","79","18","2","2024-02-22T13:55:55.000000","0.19","web","return?"
"735","194","7","3","2024-02-17T03:54:03.000000","0.23","web","  "
"736","96","9","5","2024-03-07T03:52:46.000000","","app","gift "
"737","193","26","4","2024-03-07T13:59:39.000000","0.08","web"," OK "
"738","166","23","1","2024-01-27T15:25:51.000000","0.0","web","Gift"
"739","88","20","3","2024-03-17T07:28:47.000000","0.06","web"," OK "
"740","181","19","2","2024-02-03T09:54:20.000000","","app"," OK "
"741","70","4","3","2024-03-16T04:02:44.000000","0.05","store","gift "
"742","101","35","3","2024-02-06T10:29:12.000000","0.01","app","gift "
"743","137","39","3","2024-01-10T23:44:50.000000","0.05","web","gift "
"744","118","10","5","2024-03-09T09:37:56.000000","","app","return?"
"745","166","13","5","2024-01-03T17:08:54.000000","0.19","web","return?"
"746","33","26","5","2024-03-10T12:16:56.000000","0.28","store"," OK "
"747","100","1","4","2024-01-04T21:13:52.000000","0.24","web","urgent"
"748","133","5","2","2024-01-19T14:43:01.000000","0.17","store","gift "
"749","67","37","1","2024-02-24T07:16:03.000000","0.04","store","Gift"
"750","174","7","5","2024-03-25T17:43:26.000000","0.17","store","gift "
"751","61","24","5","2024-02-06T18:18:42.000000","0.02","web","  "
"752","61","36","1","2024-01-11T20:36:55.000000","0.13","app","urgent"
"753","66","30","2","2024-01-21T23:05:00.000000","0.12","app","VIP"
"754","136","11","4","2024-03-21T15:37:25.000000","0.13","web","urgent"
"755","24","7","1","2024-03-06T09:44:57.000000","0.08","web","Gift"
"756","29","29","1","2024-01-10T00:51:16.000000","0.21","app","urgent"
"757","156","17","5","2024-02-04T15:22:40.000000","0.25","store","  "
"758","42","39","1","2024-01-24T19:24:21.000000","0.23","app","  "
"759","21","26","2","2024-01-17T00:07:01.000000","0.19","web","  "
"760","53","1","5","2024-03-17T04:23:37.000000","0.16","app","gift "
"761","80","11","1","2024-02-25T14:15:25.000000","0.01","web","Gift"
"762","7","30","4","2024-01-17T03:42:10.000000","0.22","web","  "
"763","167","29","3","2024-02-28T13:30:05.000000","0.16","app"," OK "
"764","24","30","3","2024-02-07T05:18:24.000000","0.08","app","Gift"
"765","81","10","5","2024-01-06T12:47:22.000000","0.1","app","  "
"766","41","10","1","2024-02-10T11:41:45.000000","0.28","app","  "
"767","59","9","1","2024-01-17T16:06:03.000000","0.19","web","urgent"
"768","10","28","1","2024-01-23T01:45:33.000000","","app","Gift"
"769","190","1","3","2024-03-20T02:38:08.000000","0.19","web","Gift"
"770","188","33","5","2024-03-04T22:07:46.000000","","store","return?"
"771","26","12","1","2024-01-13T01:38:14.000000","0.14","store","  "
"772","40","20","3","2024-03-17T14:52:58.000000","0.09","store"," OK "
"773","177","10","3","2024-02-21T16:30:13.000000","","store","urgent"
"774","83","18","1","2024-03-19T17:04:56.000000","0.21","app"," OK "
"775","13","31","2","2024-03-08T05:40:58.000000","0.01","web","urgent"
"776","28","8","2","2024-01-31T12:56:09.000000","0.24","app","urgent"
"777","83","23","1","2024-02-18T03:18:56.000000","0.08","web","gift "
"778","112","3","3","2024-02-17T18:38:12.000000","0.2","app","VIP"
"779","127","8","5","2024-03-05T19:04:25.000000","","web","return?"
"780","31","28","3","2024-01-23T08:33:28.000000","","store","gift "
"781","75","23","4","2024-01-30T23:28:15.000000","0.18","app","VIP"
"782","53","25","4","2024-01-23T00:45:37.000000","0.29","app","  "
"783","107","10","5","2024-01-27T15:40:07.000000","0.15","web","Gift"
"784","65","9","5","2024-01-15T12:18:31.000000","0.22","app","  "
"785","41","18","5","2024-01-04T06:56:25.000000","0.21","store","Gift"
"786","164","6","5","2024-03-25T14:26:27.000000","0.07","web","Gift"
"787","114","36","5","2024-01-07T16:31:16.000000","0.08","web","return?"
"788","95","11","5","2024-03-20T22:03:21.000000","0.13","web","return?"
"789","27","29","4","2024-01-01T06:38:53.000000","","app","  "
"790","15","7","3","2024-03-10T23:05:41.000000","","app","  "
"791","160","27","2","2024-01-30T13:21:10.000000","0.12","app","  "
"792","194","9","3","2024-02-16T14:08:55.000000","0.18","web","VIP"
"793","117","12","5","2024-01-26T09:35:49.000000","0.07","web"," OK "
"794","8","17","4","2024-02-14T03:42:47.000000","0.24","store","Gift"
"795","97","5","3","2024-02-10T15:22:26.000000","0.13","app"," OK "
"796","57","5","1","2024-02-17T16:15:02.000000","0.21","web","gift "
"797","11","31","2","2024-02-05T09:29:27.000000","0.02","web","Gift"
"798","29","14","3","2024-02-18T06:59:12.000000","0.14","web","Gift"
"799","100","23","2","2024-03-15T06:59:24.000000","0.01","app","VIP"
"800","86","26","3","2024-02-09T02:39:22.000000","0.2","app","urgent"
"801","113","25","2","2024-02-02T12:34:13.000000","0.1","app","return?"
"802","139","26","1","2024-01-12T20:35:25.000000","","app","Gift"
"803","54","40","3","2024-02-02T08:59:26.000000","0.1","store","urgent"
"804","58","26","3","2024-01-12T07:26:02.000000","","web","urgent"
"805","136","14","4","2024-01-17T10:12:21.000000","0.08","web","  "
"806","40","12","1","2024-03-26T16:51:33.000000","0.19","web","return?"
"807","16","33","3","2024-01-09T01:08:07.000000","0.14","store","return?"
"808","171","17","5","2024-02-13T09:11:11.000000","0.11","app","urgent"
"809","42","23","2","2024-03-16T02:05:19.000000","0.06","app","return?"
"810","25","33","2","2024-03-26T18:55:26.000000","","app","urgent"
"811","148","10","1","2024-01-14T04:54:07.000000","0.04","web","gift "
"812","107","9","3","2024-01-15T17:19:33.000000","","web"," OK "
"813","30","3","5","2024-02-03T12:48:33.000000","0.12","app","urgent"
"814","171","3","3","2024-02-19T21:32:23.000000","0.0","store","Gift"
"815","50","25","3","2024-03-27T09:11:03.000000","0.29","web","return?"
"816","136","21","4","2024-01-19T16:40:09.000000","0.01","web","urgent"
"817","131","12","3","2024-01-15T19:05:36.000000","0.13","store","urgent"
"818","166","9","2","2024-01-23T18:52:43.000000","0.22","app","urgent"
"819","146","28","4","2024-03-19T16:31:47.000000","0.27","app","urgent"
"820","141","4","2","2024-01-03T16:55:04.000000","0.21","web","gift "
"821","11","29","5","2024-02-04T05:05:18.000000","","web","urgent"
"822","188","37","2","2024-01-11T16:56:20.000000","0.29","web","Gift"
"823","26","19","3","2024-01-15T03:16:38.000000","0.01","web","gift "
"824","51","20","2","2024-03-23T12:23:33.000000","","app","VIP"
"825","90","22","4","2024-01-01T03:35:20.000000","0.25","app"," OK "
"826","58","4","3","2024-01-29T22:30:40.000000","0.28","app","Gift"
"827","119","26","2","2024-03-23T09:19:00.000000","","web","gift "
"828","11","15","4","2024-02-24T17:33:32.000000","0.04","web","return?"
"829","91","19","5","2024-01-07T10:59:28.000000","0.2","app","return?"
"830","70","1","1","2024-02-11T20:25:49.000000","0.15","web","return?"
"831","130","36","3","2024-03-28T09:14:35.000000","0.16","web","gift "
"832","104","14","4","2024-02-06T00:58:28.000000","0.28","web"," OK "
"833","152","4","4","2024-02-17T13:50:36.000000","","web","return?"
"834","33","32","2","2024-02-17T20:52:26.000000","0.09","web","  "
"835","190","40","1","2024-02-29T10:33:56.000000","0.12","web","return?"
"836","79","21","3","2024-01-17T20:26:10.000000","0.04","store","return?"
"837","70","2","4","2024-03-16T13:43:06.000000","0.06","web","VIP"
"838","110","40","2","2024-03-29T23:23:03.000000","0.04","app","Gift"
"839","33","9","2","2024-01-13T19:54:55.000000","0.24","app","  "
"840","163","10","3","2024-03-14T15:32:41.000000","0.21","app","  "
"841","53","29","3","2024-03-14T12:31:29.000000","0.16","app","return?"
"842","186","14","3","2024-03-07T17:53:15.000000","0.11","web","urgent"
"843","30","4","4","2024-02-03T09:05:36.000000","0.2","web","gift "
"844","173","28","5","2024-02-12T04:31:12.000000","0.24","app","  "
"845","79","11","4","2024-03-16T12:41:47.000000","0.26","store","urgent"
"846","122","35","1","2024-01-14T18:12:52.000000","0.16","web","Gift"
"847","175","7","2","2024-03-15T14:05:21.000000","0.25","web","return?"
"848","26","37","1","2024-03-23T20:38:17.000000","0.15","store"," OK "
"849","70","29","5","2024-03-02T08:50:11.000000","0.14","app","gift "
"850","190","10","4","2024-01-31T17:23:45.000000","0.26","app","  "
"851","30","24","2","2024-02-20T07:45:58.000000","0.12","app","return?"
"852","21","38","5","2024-01-05T12:13:49.000000","0.12","store","urgent"
"853","105","3","3","2024-03-24T20:41:45.000000","0.09","app","Gift"
"854","5","33","1","2024-01-31T19:35:30.000000","0.16","app"," OK "
"855","199","19","1","2024-01-06T03:19:56.000000","0.16","app","Gift"
"856","181","38","5","2024-03-12T12:01:37.000000","0.2","web","return?"
"857","38","9","2","2024-02-29T04:19:32.000000","0.13","store","VIP"
"858","35","29","3","2024-02-26T01:03:03.000000","0.07","store","Gift"
"859","156","39","5","2024-01-05T20:50:56.000000","0.26","app","  "
"860","105","14","2","2024-03-08T13:48:40.000000","","web","return?"
"861","165","5","1","2024-02-27T08:36:20.000000","0.28","app","gift "
"862","194","16","1","2024-03-12T10:15:08.000000","0.06","web","Gift"
"863","81","24","5","2024-03-15T11:01:58.000000","0.17","app","return?"
"864","51","26","3","2024-01-20T01:49:19.000000","0.16","web","VIP"
"865","124","20","2","2024-01-19T22:58:54.000000","0.25","app","gift "
"866","128","38","1","2024-03-24T03:22:19.000000","0.04","store"," OK "
"867","87","24","4","2024-02-17T19:01:03.000000","0.27","web"," OK "
"868","60","26","1","2024-02-09T10:03:27.000000","0.16","app"," OK "
"869","53","39","1","2024-01-26T20:21:20.000000","0.18","store","  "
"870","105","38","3","2024-02-27T12:16:10.000000","","web","urgent"
"871","86","14","4","2024-03-08T20:33:01.000000","0.01","web"," OK "
"872","92","12","3","2024-01-01T04:59:13.000000","0.15","web","  "
"873","20","30","5","2024-02-19T17:41:53.000000","0.08","app","gift "
"874","177","22","2","2024-03-30T09:40:33.000000","0.1","web","gift "
"875","142","18","3","2024-01-26T06:10:57.000000","","web","urgent"
"876","184","28","2","2024-01-26T06:44:10.000000","0.15","web","urgent"
"877","166","27","2","2024-03-20T00:45:42.000000","0.03","web","urgent"
"878","124","37","1","2024-01-06T14:03:22.000000","","web","  "
"879","62","15","4","2024-02-05T18:38:44.000000","","app","return?"
"880","131","31","4","2024-02-11T05:50:45.000000","","web","return?"
"881","114","10","4","2024-03-12T19:25:09.000000","0.18","app"," OK "
"882","185","38","1","2024-01-12T14:42:17.000000","0.05","app","  "
"883","47","4","1","2024-02-09T01:34:01.000000","0.26","store","VIP"
"884","6","31","4","2024-01-14T17:01:32.000000","","web"," OK "
"885","26","5","4","2024-03-11T21:17:33.000000","0.03","app","  "
"886","36","36","1","2024-02-26T21:43:51.000000","0.26","app","gift "
"887","133","39","4","2024-02-14T16:57:15.000000","0.09","app","urgent"
"888","30","33","5","2024-02-05T08:43:23.000000","0.13","web","VIP"
"889","27","32","4","2024-01-14T18:51:23.000000","0.29","web","return?"
"890","80","20","2","2024-03-23T23:12:04.000000","0.28","app","  "
"891","157","10","2","2024-02-28T06:56:55.000000","0.21","web","urgent"
"892","85","40","4","2024-01-29T17:22:40.000000","0.02","store","gift "
"893","55","22","3","2024-02-07T06:06:14.000000","0.18","app","gift "
"894","57","33","4","2024-03-06T08:32:56.000000","0.3","app","return?"
"895","164","29","5","2024-03-05T18:15:35.000000","0.28","store","VIP"
"896","87","29","3","2024-02-11T11:58:29.000000","","app","  "
"897","74","15","3","2024-01-28T06:15:53.000000","0.12","web","VIP"
"898","155","18","3","2024-02-29T09:29:41.000000","0.09","web","  "
"899","74","18","3","2024-02-29T05:46:59.000000","0.04","app","Gift"
"900","72","25","1","2024-02-23T23:20:31.000000","0.21","web"," OK "
"901","151","29","5","2024-01-07T13:21:38.000000","0.08","store","VIP"
"902","66","8","3","2024-02-12T13:12:48.000000","0.1","web","gift "
"903","103","10","2","2024-02-25T06:03:55.000000","0.03","web","return?"
"904","133","2","3","2024-03-26T12:07:55.000000","0.15","app","  "
"905","41","22","2","2024-02-17T07:12:58.000000","0.05","app","gift "
"906","26","27","5","2024-01-31T20:15:41.000000","0.13","store","  "
"907","171","9","4","2024-02-20T00:30:46.000000","0.04","web","  "
"908","60","29","2","2024-01-16T22:49:43.000000","0.29","web","return?"
"909","69","1","4","2024-01-09T03:54:07.000000","0.04","app","Gift"
"910","118","35","1","2024-03-02T00:40:59.000000","0.16","store","Gift"
"911","21","28","5","2024-03-29T18:09:23.000000","","web","Gift"
"912","10","28","3","2024-03-17T03:22:34.000000","0.02","app"," OK "
"913","84","29","4","2024-02-22T12:42:34.000000","","web","gift "
"914","194","15","4","2024-01-04T14:56:53.000000","","app","gift "
"915","115","40","2","2024-03-29T22:01:02.000000","0.04","web","urgent"
"916","116","30","4","2024-02-10T11:12:23.000000","0.15","store","VIP"
"917","122","8","2","2024-01-27T01:40:21.000000","0.2","web","  "
"918","173","37","4","2024-03-21T07:46:24.000000","0.03","app","urgent"
"919","168","30","1","2024-03-08T04:13:48.000000","0.13","app","urgent"
"920","5","13","1","2024-03-08T11:10:34.000000","0.17","web","  "
"921","109","38","5","2024-01-25T23:56:48.000000","0.07","web"," OK "
"922","110","10","4","2024-03-30T06:18:16.000000","0.11","app","urgent"
"923","45","26","1","2024-02-10T18:11:38.000000","0.02","app","gift "
"924","196","27","2","2024-02-17T19:51:13.000000","0.07","app","return?"
"925","53","39","3","2024-03-08T14:04:05.000000","0.14","app"," OK "
"926","167","23","1","2024-02-29T09:35:26.000000","","web","gift "
"927","21","40","3","2024-01-16T12:08:23.000000","0.3","store","gift "
"928","121","12","2","2024-01-28T05:21:26.000000","0.29","web","urgent"
"929","148","33","1","2024-02-02T12:09:39.000000","0.13","app","gift "
"930","101","10","2","2024-03-26T06:40:36.000000","","store","  "
"931","22","40","2","2024-03-05T07:19:58.000000","0.1","store"," OK "
"932","25","31","1","2024-02-02T23:17:04.000000","0.07","web","return?"
"933","122","26","4","2024-03-07T03:00:01.000000","0.0","web","urgent"
"934","173","3","2","2024-03-07T11:10:59.000000","0.03","app","Gift"
"935","120","20","1","2024-02-05T11:31:07.000000","0.14","web"," OK "
"936","21","6","1","2024-02-06T06:46:58.000000","0.1","app","  "
"937","158","37","5","2024-03-21T11:40:27.000000","0.05","app","  "
"938","92","16","1","2024-02-20T13:31:43.000000","0.21","web"," OK "
"939","15","34","5","2024-01-14T10:57:13.000000","0.11","web","Gift"
"940","74","37","1","2024-03-05T18:43:48.000000","0.26","app","VIP"
"941","41","5","1","2024-02-23T01:28:01.000000","","app","  "
"942","198","31","3","2024-02-15T19:17:51.000000","","web","Gift"
"943","182","13","5","2024-03-06T06:13:30.000000","0.06","web","  "
"944","22","5","1","2024-03-22T15:18:23.000000","","web","VIP"
"945","115","11","2","2024-01-30T17:44:31.000000","0.05","app","Gift"
"946","2","22","4","2024-02-07T17:41:24.000000","0.05","app","urgent"
"947","92","35","1","2024-01-18T01:18:34.000000","","store"," OK "
"948","32","28","1","2024-02-28T05:40:30.000000","0.08","store","return?"
"949","150","10","2","2024-02-06T05:51:42.000000","0.05","app","Gift"
"950","15","12","5","2024-01-31T19:30:10.000000","0.28","store","VIP"
"951","181","13","5","2024-03-03T16:29:25.000000","0.01","web","Gift"
"952","47","30","4","2024-02-06T17:37:06.000000","0.17","app","  "
"953","53","21","4","2024-02-11T19:02:04.000000","0.16","app","Gift"
"954","178","1","1","2024-02-09T14:30:29.000000","0.08","app","  "
"955","181","4","2","2024-01-24T06:26:33.000000","0.14","app","return?"
"956","20","4","5","2024-01-12T07:44:35.000000","0.03","web","VIP"
"957","22","39","4","2024-03-15T10:49:29.000000","0.22","store","urgent"
"958","171","21","2","2024-01-09T06:07:23.000000","0.07","store","gift "
"959","196","20","4","2024-01-30T05:44:17.000000","0.06","store","urgent"
"960","98","31","4","2024-03-01T01:46:41.000000","0.09","web","urgent"
"961","33","8","4","2024-01-12T19:35:49.000000","0.27","store","VIP"
"962","31","2","5","2024-02-28T23:55:05.000000","0.24","app","return?"
"963","54","11","3","2024-03-06T23:25:21.000000","0.28","app","return?"
"964","138","9","1","2024-02-29T15:53:05.000000","0.2","web","VIP"
"965","20","32","5","2024-01-28T10:52:13.000000","0.2","app","gift "
"966","129","33","1","2024-01-02T18:41:43.000000","","app","gift "
"967","161","26","4","2024-03-20T20:40:50.000000","","app","gift "
"968","29","37","4","2024-01-30T09:20:28.000000","0.15","store","VIP"
"969","197","19","1","2024-03-13T10:48:48.000000","0.11","web"," OK "
"970","198","10","4","2024-01-18T19:16:09.000000","0.19","app","VIP"
"971","60","14","5","2024-01-15T14:48:23.000000","0.16","web","VIP"
"972","23","6","4","2024-03-11T00:48:25.000000","0.04","web","return?"
"973","66","37","2","2024-03-25T13:49:15.000000","0.12","web","  "
"974","52","25","2","2024-03-18T10:57:41.000000","0.09","web","gift "
"975","56","31","4","2024-03-08T14:41:30.000000","0.25","web","gift "
"976","185","12","1","2024-01-23T04:49:46.000000","0.11","web","  "
"977","31","29","4","2024-03-23T04:32:04.000000","","web","Gift"
"978","64","14","1","2024-03-01T02:33:15.000000","","app","VIP"
"979","158","18","2","2024-01-16T11:52:30.000000","","web","gift "
"980","12","27","3","2024-01-12T15:25:25.000000","0.04","web","urgent"
"981","13","40","1","2024-03-19T09:42:34.000000","0.28","web","VIP"
"982","61","23","4","2024-01-25T18:19:46.000000","0.14","web","Gift"
"983","194","29","4","2024-03-09T22:19:39.000000","","web"," OK "
"984","168","24","1","2024-01-13T11:29:37.000000","0.07","store","gift "
"985","186","17","5","2024-01-26T05:57:51.000000","0.08","app","gift "
"986","173","38","4","2024-01-26T12:24:17.000000","0.11","web","Gift"
"987","24","39","5","2024-01-26T07:11:06.000000","0.22","app"," OK "
"988","81","13","4","2024-03-01T17:25:51.000000","","web","gift "
"989","106","36","4","2024-03-23T07:04:48.000000","0.2","app","VIP"
"990","34","19","2","2024-03-22T22:18:22.000000","0.16","store","VIP"
"991","199","30","2","2024-03-07T17:44:55.000000","0.13","web","urgent"
"992","121","21","2","2024-01-19T05:26:54.000000","0.25","web","gift "
"993","171","31","2","2024-03-27T10:51:10.000000","0.25","app","return?"
"994","52","35","2","2024-02-18T18:53:26.000000","0.09","web","Gift"
"995","144","17","4","2024-02-19T03:17:19.000000","0.29","web","gift "
"996","22","29","3","2024-03-04T03:00:17.000000","","app","  "
"997","5","21","3","2024-03-10T05:14:46.000000","0.24","app","gift "
"998","129","32","4","2024-03-26T18:18:45.000000","0.29","web","VIP"
"999","14","8","4","2024-02-22T09:56:23.000000","0.21","app","Gift"
"1000","56","30","5","2024-02-24T21:43:50.000000","0.05","web","gift "
"1001","159","24","2","2024-03-08T02:20:24.000000","0.18","web","gift "
"1002","100","19","2","2024-01-23T23:01:51.000000","0.04","app","VIP"
"1003","76","15","1","2024-01-28T16:39:35.000000","0.24","app","Gift"
"1004","59","29","1","2024-02-26T07:01:58.000000","0.08","app","urgent"
"1005","134","14","4","2024-01-06T18:31:01.000000","0.21","app","Gift"
"1006","191","2","5","2024-01-29T20:15:39.000000","0.27","app","urgent"
"1007","148","38","4","2024-03-05T14:52:15.000000","0.05","store","urgent"
"1008","72","18","5","2024-03-28T20:26:14.000000","0.12","app","VIP"
"1009","85","7","4","2024-02-16T18:06:43.000000","0.19","web","Gift"
"1010","21","10","5","2024-02-05T23:18:01.000000","0.13","app","urgent"
"1011","29","34","2","2024-02-09T15:12:47.000000","0.05","web","VIP"
"1012","54","14","2","2024-03-02T16:31:25.000000","0.01","app","VIP"
"1013","78","12","5","2024-02-19T00:03:57.000000","","web","urgent"
"1014","199","20","4","2024-01-03T02:10:17.000000","0.19","web","Gift"
"1015","175","2","3","2024-02-18T12:45:30.000000","0.17","app","VIP"
"1016","23","23","5","2024-02-06T00:07:57.000000","","app","urgent"
"1017","67","2","4","2024-03-04T01:43:54.000000","0.14","web","return?"
"1018","12","34","2","2024-03-19T18:13:56.000000","0.11","web","  "
"1019","13","18","4","2024-03-27T14:53:19.000000","0.08","app","  "
"1020","75","9","2","2024-02-24T22:05:28.000000","","store","gift "
"1021","192","19","3","2024-02-02T15:08:03.000000","0.09","web"," OK "
"1022","38","8","5","2024-02-09T22:54:59.000000","","web","VIP"
"1023","137","13","4","2024-01-16T21:09:25.000000","","web","gift "
"1024","79","6","1","2024-03-25T05:37:29.000000","0.16","web","urgent"
"1025","109","27","3","2024-03-17T06:11:35.000000","0.19","web","VIP"
"1026","174","40","4","2024-03-17T20:36:22.000000","0.02","store","Gift"
"1027","166","20","3","2024-01-30T12:44:47.000000","0.05","app","Gift"
"1028","166","4","2","2024-01-29T23:59:09.000000","0.03","web","  "
"1029","83","3","4","2024-03-18T02:17:05.000000","0.23","web","urgent"
"1030","10","34","5","2024-02-19T00:13:28.000000","","web"," OK "
"1031","198","14","1","2024-03-04T10:03:26.000000","0.06","app","Gift"
"1032","199","12","4","2024-02-14T02:01:13.000000","0.07","web","  "
"1033","172","5","5","2024-02-09T20:23:00.000000","0.1","web","Gift"
"1034","96","27","3","2024-02-26T21:33:26.000000","0.18","app","  "
"1035","57","3","2","2024-03-14T04:02:20.000000","0.19","web"," OK "
"1036","35","37","2","2024-01-31T01:40:49.000000","0.21","app","urgent"
"1037","75","9","2","2024-03-13T19:45:12.000000","0.27","store","urgent"
"1038","67","3","2","2024-01-22T23:28:58.000000","0.09","web"," OK "
"1039","56","29","4","2024-02-06T06:06:27.000000","0.2","web","  "
"1040","191","15","1","2024-03-23T03:22:16.000000","0.17","store","urgent"
"1041","132","28","2","2024-03-26T21:37:07.000000","0.09","web","gift "
"1042","45","2","5","2024-03-24T03:34:08.000000","0.27","web","return?"
"1043","128","35","5","2024-01-29T10:39:18.000000","0.03","app","urgent"
"1044","142","13","2","2024-03-16T21:34:38.000000","0.21","app","urgent"
"1045","105","31","3","2024-03-25T05:56:54.000000","0.22","store","return?"
"1046","190","38","3","2024-03-29T00:55:17.000000","0.27","web","Gift"
"1047","194","22","2","2024-01-02T21:09:05.000000","0.16","web","Gift"
"1048","87","14","1","2024-03-08T01:10:54.000000","0.1","web","VIP"
"1049","95","13","1","2024-03-30T16:58:14.000000","0.25","web"," OK "
"1050","44","28","4","2024-03-09T19:40:52.000000","0.23","app","Gift"
"1051","157","1","1","2024-01-21T23:39:24.000000","0.15","web","urgent"
"1052","187","6","4","2024-03-09T15:11:40.000000","0.23","web","return?"
"1053","132","26","1","2024-01-10T11:19:39.000000","0.08","web","Gift"
"1054","41","2","1","2024-02-13T06:06:44.000000","0.18","web","gift "
"1055","104","12","1","2024-02-26T08:39:05.000000","0.26","web","gift "
"1056","159","26","2","2024-02-11T01:56:12.000000","0.1","app","gift "
"1057","9","11","2","2024-03-03T23:38:25.000000","0.15","web"," OK "
"1058","119","38","2","2024-01-22T14:53:19.000000","0.29","app","urgent"
"1059","132","39","2","2024-02-24T13:26:11.000000","0.24","web","VIP"
"1060","108","2","5","2024-02-28T00:48:34.000000","0.27","web","gift "
"1061","129","7","3","2024-02-27T00:59:58.000000","0.12","store","return?"
"1062","180","37","5","2024-01-27T00:55:53.000000","0.3","store","gift "
"1063","25","2","2","2024-01-28T11:37:28.000000","0.05","web","Gift"
"1064","115","20","3","2024-01-24T04:51:58.000000","0.16","web","Gift"
"1065","160","38","1","2024-02-11T13:26:18.000000","0.14","store","VIP"
"1066","165","24","2","2024-02-22T17:40:35.000000","0.24","app","urgent"
"1067","94","13","1","2024-02-02T15:04:40.000000","0.27","web","  "
"1068","200","1","1","2024-02-06T21:33:43.000000","","web","return?"
"1069","65","16","1","2024-01-26T18:38:55.000000","0.19","web","VIP"
"1070","89","22","1","2024-01-20T16:43:48.000000","0.13","app","Gift"
"1071","165","4","2","2024-02-29T04:03:59.000000","0.15","app","urgent"
"1072","88","22","4","2024-03-14T10:40:51.000000","","web","  "
"1073","69","17","1","2024-01-27T03:55:17.000000","0.01","web","  "
"1074","112","14","4","2024-03-18T10:49:51.000000","0.15","web","VIP"
"1075","125","39","2","2024-02-21T09:18:46.000000","0.26","app"," OK "
"1076","194","36","3","2024-01-16T02:13:51.000000","0.21","store","gift "
"1077","124","28","5","2024-02-02T22:33:28.000000","","app"," OK "
"1078","38","24","3","2024-01-01T16:12:54.000000","0.12","app","return?"
"1079","11","19","2","2024-01-04T12:36:22.000000","0.16","web","return?"
"1080","194","3","2","2024-01-31T06:02:26.000000","0.01","app","VIP"
"1081","85","13","1","2024-02-10T21:38:19.000000","0.11","web","Gift"
"1082","41","1","5","2024-03-12T18:37:24.000000","","web","VIP"
"1083","45","15","4","2024-01-13T02:05:35.000000","0.08","web","gift "
"1084","22","19","2","2024-03-16T12:36:55.000000","0.01","app","  "
"1085","40","25","3","2024-01-22T02:34:09.000000","0.21","web","urgent"
"1086","157","15","3","2024-01-13T10:47:26.000000","0.13","web","gift "
"1087","131","11","1","2024-03-03T23:46:05.000000","","store","return?"
"1088","120","29","5","2024-03-10T16:33:55.000000","0.07","app","urgent"
"1089","3","7","4","2024-02-24T10:36:37.000000","0.16","web","Gift"
"1090","135","6","3","2024-01-11T09:55:15.000000","0.13","web","Gift"
"1091","194","28","4","2024-01-11T09:08:40.000000","0.14","app","urgent"
"1092","185","24","1","2024-02-05T02:32:06.000000","0.17","web","Gift"
"1093","80","35","5","2024-02-10T13:17:46.000000","0.0","web","  "
"1094","121","30","4","2024-03-30T20:59:47.000000","0.27","web"," OK "
"1095","60","37","5","2024-01-26T18:47:09.000000","","web","urgent"
"1096","178","27","5","2024-01-18T07:59:46.000000","0.14","app","VIP"
"1097","184","34","3","2024-03-26T03:08:48.000000","0.06","app","urgent"
"1098","45","7","2","2024-01-14T20:33:40.000000","0.16","web","Gift"
"1099","98","22","4","2024-01-03T09:01:46.000000","0.08","store","  "
"1100","48","38","3","2024-02-08T01:14:55.000000","0.26","app","VIP"
"1101","123","32","3","2024-02-06T02:20:11.000000","0.12","app","return?"
"1102","59","17","4","2024-02-25T18:29:02.000000","0.19","web","urgent"
"1103","140","38","5","2024-03-19T23:54:25.000000","0.07","web","VIP"
"1104","197","13","1","2024-03-24T23:03:56.000000","0.01","app","VIP"
"1105","175","1","3","2024-01-27T01:37:12.000000","","app"," OK "
"1106","37","32","4","2024-03-29T06:34:25.000000","0.16","web","return?"
"1107","26","17","2","2024-02-26T22:32:52.000000","0.14","web","Gift"
"1108","163","2","2","2024-01-07T06:25:25.000000","0.29","web","Gift"
"1109","17","9","1","2024-03-25T11:02:39.000000","0.21","web","VIP"
"1110","81","3","2","2024-01-13T10:04:28.000000","","web","gift "
"1111","199","40","3","2024-02-22T23:21:59.000000","0.09","web","urgent"
"1112","90","34","5","2024-03-12T03:59:38.000000","0.24","web","Gift"
"1113","2","38","3","2024-01-23T10:47:11.000000","0.17","store","VIP"
"1114","196","8","2","2024-01-25T08:33:55.000000","0.18","app","urgent"
"1115","142","33","5","2024-02-12T20:32:33.000000","0.3","web","gift "
"1116","67","23","1","2024-03-20T15:16:26.000000","0.2","web","VIP"
"1117","123","12","1","2024-01-21T02:58:59.000000","","web","return?"
"1118","123","27","3","2024-02-29T17:03:32.000000","0.22","web","VIP"
"1119","111","39","5","2024-02-10T17:35:52.000000","","app","Gift"
"1120","193","19","2","2024-01-11T01:35:05.000000","0.21","web","urgent"
"1121","158","2","1","2024-03-04T23:29:38.000000","0.15","store","return?"
"1122","52","34","4","2024-03-15T22:15:47.000000","0.28","web","  "
"1123","199","8","3","2024-02-21T19:22:10.000000","0.24","store","Gift"
"1124","193","8","4","2024-01-16T20:55:47.000000","0.03","app","return?"
"1125","10","25","2","2024-01-15T00:22:02.000000","0.04","app","VIP"
"1126","60","32","1","2024-02-08T02:45:00.000000","0.02","store","gift "
"1127","123","32","2","2024-02-15T13:51:52.000000","0.15","web","urgent"
"1128","176","35","3","2024-02-19T16:43:10.000000","0.02","web"," OK "
"1129","144","36","3","2024-01-22T22:17:48.000000","0.22","web","gift "
"1130","115","6","5","2024-02-15T01:39:17.000000","0.17","app"," OK "
"1131","62","13","2","2024-01-27T13:22:14.000000","0.25","store","Gift"
"1132","20","29","2","2024-03-02T18:06:42.000000","0.08","web","  "
"1133","179","16","1","2024-03-12T16:23:02.000000","","app"," OK "
"1134","107","29","3","2024-02-28T17:48:12.000000","0.04","web","return?"
"1135","92","19","5","2024-01-01T02:41:39.000000","0.27","web","gift "
"1136","196","19","5","2024-03-30T06:48:38.000000","0.05","app","return?"
"1137","33","2","2","2024-01-03T03:20:16.000000","0.03","web","urgent"
"1138","51","25","3","2024-03-30T22:45:04.000000","0.06","web","gift "
"1139","171","35","4","2024-01-03T20:37:58.000000","0.24","app","return?"
"1140","57","33","1","2024-02-16T11:33:08.000000","0.03","app","  "
"1141","189","14","4","2024-01-10T12:53:49.000000","0.18","app","VIP"
"1142","172","28","1","2024-01-09T13:37:48.000000","","web","  "
"1143","20","8","1","2024-03-02T12:08:06.000000","0.23","web","VIP"
"1144","92","26","1","2024-03-06T12:08:29.000000","0.06","app","Gift"
"1145","151","17","5","2024-01-11T15:23:28.000000","0.02","store","gift "
"1146","98","38","4","2024-03-28T21:35:39.000000","0.13","web"," OK "
"1147","44","29","4","2024-01-29T20:11:48.000000","0.06","app","urgent"
"1148","10","3","4","2024-01-29T15:35:05.000000","0.21","app"," OK "
"1149","2","35","4","2024-01-27T17:28:15.000000","0.11","app","Gift"
"1150","36","29","3","2024-02-11T12:12:40.000000","","app","VIP"
"1151","53","9","5","2024-01-17T00:07:18.000000","","web","urgent"
"1152","61","12","1","2024-02-08T05:31:05.000000","","app","gift "
"1153","171","7","3","2024-01-19T21:33:34.000000","0.06","web","gift "
"1154","102","13","4","2024-01-05T15:03:55.000000","0.2","web","urgent"
"1155","29","38","5","2024-02-03T04:28:17.000000","0.02","web","VIP"
"1156","17","37","2","2024-03-01T12:05:28.000000","0.29","web","VIP"
"1157","27","23","1","2024-03-09T16:16:26.000000","0.21","app","urgent"
"1158","63","15","4","2024-02-01T19:12:33.000000","0.05","store"," OK "
"1159","148","15","1","2024-01-30T03:17:30.000000","0.0","web"," OK "
"1160","10","39","4","2024-03-11T20:55:19.000000","0.1","web","Gift"
"1161","82","8","4","2024-03-02T07:22:00.000000","0.05","store"," OK "
"1162","90","31","4","2024-03-15T21:22:45.000000","","web"," OK "
"1163","30","40","2","2024-03-22T13:10:44.000000","0.26","web","gift "
"1164","12","35","1","2024-03-14T21:51:30.000000","0.18","app","gift "
"1165","47","29","4","2024-03-25T06:48:32.000000","0.05","store"," OK "
"1166","31","36","2","2024-02-07T11:59:54.000000","0.17","app","  "
"1167","159","9","2","2024-02-05T12:29:28.000000","0.08","web","Gift"
"1168","184","40","1","2024-01-29T22:32:19.000000","","app","urgent"
"1169","125","4","2","2024-01-22T04:04:50.000000","0.01","app"," OK "
"1170","152","1","5","2024-03-08T09:27:10.000000","0.22","store","VIP"
"1171","153","8","5","2024-03-05T07:12:52.000000","0.23","web"," OK "
"1172","176","25","2","2024-03-13T03:00:04.000000","","store","urgent"
"1173","20","10","1","2024-01-16T01:33:51.000000","0.05","app","  "
"1174","200","26","1","2024-02-14T05:06:57.000000","0.12","web","  "
"1175","92","5","1","2024-01-20T23:25:52.000000","0.26","web","return?"
"1176","109","28","1","2024-03-21T08:56:49.000000","0.16","web"," OK "
"1177","160","10","4","2024-01-25T01:36:29.000000","0.2","store","urgent"
"1178","99","21","4","2024-01-13T22:50:34.000000","0.23","web","  "
"1179","54","5","4","2024-02-21T06:54:24.000000","0.25","app","urgent"
"1180","4","39","2","2024-03-20T02:47:18.000000","","web","Gift"
"1181","34","16","5","2024-03-23T09:58:45.000000","0.15","app","Gift"
"1182","17","25","1","2024-01-09T15:33:56.000000","0.22","web","VIP"
"1183","77","20","2","2024-01-30T07:55:47.000000","0.08","store","VIP"
"1184","156","24","5","2024-01-14T19:36:54.000000","0.26","app","VIP"
"1185","67","19","5","2024-01-28T16:59:24.000000","0.01","app","gift "
"1186","120","3","3","2024-02-18T01:05:39.000000","0.06","app","gift "
"1187","38","34","4","2024-01-26T06:02:06.000000","0.24","app","gift "
"1188","119","26","4","2024-01-07T01:50:23.000000","0.1","store"," OK "
"1189","191","11","5","2024-02-15T21:39:51.000000","0.04","web","gift "
"1190","64","4","2","2024-01-05T18:03:48.000000","0.06","store","urgent"
"1191","97","36","1","2024-01-21T09:39:48.000000","0.16","web","return?"
"1192","193","14","1","2024-01-01T01:07:13.000000","0.25","app","urgent"
"1193","122","37","2","2024-01-08T19:32:05.000000","0.02","store"," OK "
"1194","80","31","2","2024-02-09T06:26:38.000000","0.01","store","return?"
"1195","25","39","3","2024-03-17T13:32:28.000000","0.14","web","urgent"
"1196","188","27","1","2024-03-10T17:11:15.000000","0.29","web","gift "
"1197","123","8","3","2024-01-09T21:28:27.000000","0.08","app","Gift"
"1198","12","2","4","2024-01-04T03:15:03.000000","0.29","web","urgent"
"1199","112","10","1","2024-01-31T10:16:06.000000","","store","gift "
"1200","194","18","2","2024-02-28T16:52:35.000000","0.08","web","VIP"
"1201","187","25","3","2024-03-08T04:56:32.000000","0.25","web"," OK "
"1202","40","36","1","2024-03-15T01:57:18.000000","0.21","app","  "
"1203","83","6","4","2024-01-31T19:09:44.000000","0.15","web","return?"
"1204","198","26","4","2024-01-16T02:52:54.000000","0.13","web","Gift"
"1205","157","4","2","2024-01-03T08:54:41.000000","0.24","web","  "
"1206","113","20","1","2024-01-14T05:13:32.000000","0.24","store","return?"
"1207","61","3","3","2024-01-06T20:44:57.000000","0.23","app","return?"
"1208","153","15","5","2024-03-18T11:19:48.000000","","store","  "
"1209","116","25","2","2024-01-25T03:46:21.000000","0.14","web","return?"
"1210","105","30","5","2024-03-15T01:56:56.000000","0.24","web","VIP"
"1211","186","33","5","2024-02-19T18:49:23.000000","0.26","web","gift "
"1212","76","21","2","2024-02-18T12:06:51.000000","0.06","web"," OK "
"1213","126","11","3","2024-02-10T22:21:12.000000","","web","VIP"
"1214","9","37","1","2024-03-14T17:28:18.000000","0.12","web","Gift"
"1215","143","38","3","2024-01-04T21:51:00.000000","","web","VIP"
"1216","110","39","5","2024-01-09T08:21:11.000000","0.09","app","  "
"1217","176","32","5","2024-02-08T02:31:04.000000","0.21","web","Gift"
"1218","67","32","1","2024-02-05T12:04:48.000000","0.0","app","VIP"
"1219","186","4","4","2024-02-19T02:29:21.000000","0.11","web","  "
"1220","116","23","1","2024-03-07T09:38:33.000000","0.18","app","VIP"
"1221","42","17","2","2024-02-22T21:05:51.000000","0.04","app","return?"
"1222","33","11","5","2024-01-24T04:05:46.000000","0.27","app","urgent"
"1223","40","3","4","2024-01-30T10:56:58.000000","","app","VIP"
"1224","61","9","2","2024-03-08T17:01:49.000000","0.27","web"," OK "
"1225","111","37","5","2024-01-19T03:10:13.000000","0.06","web","  "
"1226","174","37","4","2024-02-15T09:01:32.000000","0.3","app","urgent"
"1227","200","30","1","2024-02-18T11:47:22.000000","","store","urgent"
"1228","136","5","1","2024-03-08T12:34:28.000000","0.03","app","urgent"
"1229","99","28","4","2024-03-05T07:00:20.000000","0.02","web","VIP"
"1230","123","6","5","2024-02-11T19:42:28.000000","0.02","app","Gift"
"1231","67","28","1","2024-01-28T19:47:43.000000","","store","Gift"
"1232","49","2","3","2024-02-03T02:40:24.000000","0.24","web","Gift"
"1233","108","12","5","2024-02-07T01:02:05.000000","0.12","web","  "
"1234","166","5","5","2024-01-20T17:26:55.000000","","app","return?"
"1235","13","38","4","2024-02-26T06:52:47.000000","0.18","app","  "
"1236","23","23","5","2024-01-19T18:05:57.000000","0.16","web"," OK "
"1237","36","37","5","2024-02-28T09:08:33.000000","","web","gift "
"1238","42","1","5","2024-03-08T15:13:12.000000","0.14","app"," OK "
"1239","30","30","4","2024-03-27T13:34:16.000000","0.21","app","urgent"
"1240","27","20","5","2024-01-11T16:50:46.000000","0.3","app","urgent"
"1241","6","19","1","2024-03-09T09:01:10.000000","0.11","web","  "
"1242","70","35","1","2024-01-08T17:43:18.000000","","web","return?"
"1243","145","2","3","2024-01-31T08:27:17.000000","0.04","app","urgent"
"1244","32","38","4","2024-01-16T20:47:21.000000","0.17","web","return?"
"1245","66","2","5","2024-01-15T14:32:01.000000","0.1","web","urgent"
"1246","195","15","4","2024-01-16T18:44:54.000000","0.28","app","Gift"
"1247","34","6","2","2024-01-04T22:54:23.000000","0.19","web"," OK "
"1248","198","21","5","2024-03-15T01:54:44.000000","0.16","app"," OK "
"1249","103","24","1","2024-01-06T12:02:15.000000","0.24","web","  "
"1250","145","26","1","2024-02-05T20:46:27.000000","0.08","app","Gift"
"1251","65","32","4","2024-03-03T22:11:28.000000","0.25","app"," OK "
"1252","65","31","5","2024-03-30T03:14:20.000000","0.0","app","gift "
"1253","79","38","3","2024-03-17T20:00:13.000000","0.19","store","Gift"
"1254","26","18","1","2024-01-13T08:22:34.000000","0.28","web","Gift"
"1255","64","8","1","2024-03-29T21:30:56.000000","0.24","app","return?"
"1256","179","7","5","2024-02-28T19:38:45.000000","0.26","web","Gift"
"1257","1","12","2","2024-01-17T03:52:02.000000","","store","gift "
"1258","115","25","4","2024-02-10T09:15:20.000000","0.25","web","  "
"1259","138","3","2","2024-03-23T14:37:32.000000","0.17","app","return?"
"1260","29","39","2","2024-02-05T08:42:11.000000","","web","VIP"
"1261","23","40","4","2024-01-17T12:39:27.000000","0.02","web","gift "
"1262","111","7","4","2024-03-19T18:10:54.000000","0.06","web","Gift"
"1263","44","32","3","2024-03-26T18:25:38.000000","0.17","web","urgent"
"1264","196","24","3","2024-03-28T19:17:11.000000","0.02","web"," OK "
"1265","39","20","3","2024-03-27T00:20:02.000000","","web","VIP"
"1266","27","30","3","2024-03-19T13:22:31.000000","","app","VIP"
"1267","67","24","5","2024-02-10T21:41:50.000000","0.28","web","Gift"
"1268","67","13","4","2024-01-18T07:22:10.000000","0.03","web","return?"
"1269","33","23","2","2024-02-25T13:03:29.000000","","store","return?"
"1270","133","6","2","2024-01-20T20:55:24.000000","0.02","app","  "
"1271","70","11","4","2024-02-12T14:00:56.000000","0.14","web","urgent"
"1272","106","39","4","2024-02-29T01:07:10.000000","0.25","web","gift "
"1273","49","8","2","2024-03-26T04:36:45.000000","0.02","web","VIP"
"1274","20","24","5","2024-01-27T00:25:13.000000","0.01","app","gift "
"1275","13","12","3","2024-01-23T16:08:02.000000","0.01","store","gift "
"1276","11","19","2","2024-03-07T03:00:22.000000","0.15","app","gift "
"1277","175","10","3","2024-01-01T13:57:12.000000","0.24","store","VIP"
"1278","53","23","1","2024-02-20T23:28:06.000000","","app","Gift"
"1279","62","23","4","2024-03-08T03:10:43.000000","","store","urgent"
"1280","116","25","5","2024-02-19T13:57:46.000000","0.17","app","gift "
"1281","20","13","5","2024-02-04T13:20:34.000000","0.07","app","  "
"1282","121","24","3","2024-03-15T13:39:40.000000","0.22","app","return?"
"1283","105","30","2","2024-02-03T09:26:04.000000","0.28","app"," OK "
"1284","159","29","3","2024-03-04T22:45:02.000000","0.23","web","return?"
"1285","25","23","1","2024-02-11T18:32:45.000000","0.26","web","VIP"
"1286","4","12","4","2024-01-03T09:24:28.000000","0.16","web","  "
"1287","155","22","3","2024-02-17T17:54:56.000000","","web","urgent"
"1288","75","22","1","2024-01-05T10:49:54.000000","0.05","store","urgent"
"1289","13","39","3","2024-03-24T18:52:12.000000","0.02","app","Gift"
"1290","112","16","4","2024-02-24T03:21:58.000000","0.2","web","urgent"
"1291","93","13","2","2024-02-03T11:35:22.000000","0.02","web","  "
"1292","191","30","3","2024-02-13T18:10:29.000000","0.27","web","VIP"
"1293","189","26","5","2024-02-25T17:25:42.000000","0.21","app","gift "
"1294","108","18","4","2024-01-24T09:59:55.000000","0.29","store","  "
"1295","32","1","4","2024-01-26T22:55:50.000000","0.09","web","VIP"
"1296","150","29","3","2024-02-07T16:17:49.000000","0.15","web","return?"
"1297","41","30","3","2024-01-24T06:30:57.000000","","store","  "
"1298","168","38","3","2024-03-09T05:05:10.000000","0.07","app","urgent"
"1299","121","21","3","2024-01-10T08:14:28.000000","0.16","store"," OK "
"1300","71","21","1","2024-03-15T09:28:50.000000","0.2","web","return?"
"1301","196","9","1","2024-02-01T08:49:10.000000","0.29","web","VIP"
"1302","103","19","5","2024-02-20T12:14:30.000000","0.22","app","VIP"
"1303","78","1","3","2024-01-15T04:45:07.000000","0.04","web","Gift"
"1304","38","21","3","2024-02-04T16:23:53.000000","0.14","app","urgent"
"1305","130","29","3","2024-03-08T21:55:46.000000","0.18","app","  "
"1306","54","32","3","2024-01-25T08:42:18.000000","0.04","web","  "
"1307","31","27","5","2024-01-12T21:42:57.000000","0.13","web","urgent"
"1308","24","33","3","2024-02-16T23:20:38.000000","0.09","app","gift "
"1309","129","27","3","2024-01-15T14:58:49.000000","","store","Gift"
"1310","185","32","3","2024-01-29T07:51:33.000000","0.15","web","urgent"
"1311","51","18","1","2024-02-10T12:59:43.000000","0.05","app","VIP"
"1312","44","25","1","2024-02-20T18:26:43.000000","0.18","web","gift "
"1313","123","26","1","2024-02-27T13:03:12.000000","0.05","store","return?"
"1314","29","23","2","2024-03-01T21:34:08.000000","0.22","app"," OK "
"1315","18","23","1","2024-03-16T23:39:36.000000","0.06","web","return?"
"1316","128","32","2","2024-01-06T22:43:51.000000","0.27","app","  "
"1317","105","10","5","2024-02-02T14:37:09.000000","0.01","app","  "
"1318","6","13","2","2024-01-01T02:18:20.000000","0.16","app","Gift"
"1319","48","21","4","2024-01-01T20:23:46.000000","0.1","web"," OK "
"1320","40","26","2","2024-01-20T02:31:07.000000","0.07","app","urgent"
"1321","137","21","5","2024-02-23T19:59:21.000000","0.14","app","gift "
"1322","134","8","4","2024-03-21T12:08:41.000000","0.25","web","Gift"
"1323","150","33","5","2024-03-10T14:50:56.000000","0.27","web","urgent"
"1324","20","22","2","2024-02-28T03:59:16.000000","0.09","store"," OK "
"1325","170","18","1","2024-03-11T00:50:01.000000","0.05","app","  "
"1326","42","36","2","2024-01-16T11:26:03.000000","0.22","web","  "
"1327","199","18","4","2024-03-16T14:02:38.000000","","store","urgent"
"1328","175","7","4","2024-03-21T02:58:12.000000","0.06","web","VIP"
"1329","92","40","4","2024-01-09T13:19:03.000000","0.23","app","return?"
"1330","158","16","5","2024-02-12T07:06:17.000000","0.16","web","return?"
"1331","135","36","2","2024-03-15T16:52:49.000000","0.2","web","urgent"
"1332","155","21","3","2024-02-12T20:21:29.000000","0.11","store","Gift"
"1333","4","10","3","2024-03-16T15:25:15.000000","0.13","app"," OK "
"1334","17","16","1","2024-03-25T04:46:14.000000","0.05","web"," OK "
"1335","182","37","4","2024-02-12T17:16:30.000000","0.23","store","VIP"
"1336","157","38","1","2024-01-06T08:29:28.000000","0.05","store","return?"
"1337","124","6","5","2024-01-31T14:30:49.000000","0.23","app","urgent"
"1338","63","40","1","2024-01-20T08:47:06.000000","0.24","web","gift "
"1339","85","35","1","2024-02-12T16:05:18.000000","0.22","web"," OK "
"1340","79","26","1","2024-02-22T17:15:57.000000","0.01","app","VIP"
"1341","87","8","5","2024-02-11T18:01:14.000000","0.08","store","gift "
"1342","126","24","5","2024-01-18T14:15:03.000000","0.14","web","Gift"
"1343","152","18","5","2024-01-28T02:30:58.000000","0.18","web","return?"
"1344","77","5","5","2024-03-02T03:46:42.000000","0.28","web"," OK "
"1345","167","40","5","2024-01-03T10:17:00.000000","","web","urgent"
"1346","19","25","3","2024-01-20T06:26:21.000000","0.26","app","VIP"
"1347","162","4","1","2024-03-21T07:27:27.000000","0.05","web","Gift"
"1348","136","14","3","2024-01-09T22:10:44.000000","0.11","app","  "
"1349","103","34","2","2024-02-07T07:51:04.000000","0.02","app","urgent"
"1350","76","18","2","2024-01-19T15:05:16.000000","0.22","web","  "
"1351","75","20","4","2024-01-10T10:02:44.000000","0.05","store","gift "
"1352","73","6","1","2024-02-08T01:06:19.000000","0.08","web"," OK "
"1353","190","5","2","2024-02-16T22:18:53.000000","0.23","web","Gift"
"1354","6","40","2","2024-01-16T20:27:31.000000","0.16","web","Gift"
"1355","127","39","1","2024-01-08T00:02:06.000000","0.0","app","  "
"1356","198","4","4","2024-01-13T02:56:05.000000","0.0","web","gift "
"1357","109","22","4","2024-02-28T15:20:08.000000","0.15","store","gift "
"1358","128","28","3","2024-03-18T10:12:31.000000","","web","urgent"
"1359","120","36","1","2024-01-17T05:25:43.000000","","web","return?"
"1360","102","23","4","2024-01-29T20:03:28.000000","0.18","app","VIP"
"1361","126","35","3","2024-01-31T22:38:29.000000","0.07","store","  "
"1362","181","5","2","2024-02-02T11:14:19.000000","0.18","app","urgent"
"1363","143","1","5","2024-01-22T23:41:20.000000","0.11","web","  "
"1364","170","19","5","2024-01-05T23:23:02.000000","","web","urgent"
"1365","111","11","3","2024-02-17T06:20:10.000000","0.04","web","gift "
"1366","155","31","3","2024-02-02T03:55:06.000000","0.07","app","urgent"
"1367","176","14","5","2024-01-31T19:16:36.000000","0.01","app","Gift"
"1368","43","17","1","2024-01-24T19:59:00.000000","0.09","web","  "
"1369","172","22","3","2024-03-24T15:22:24.000000","0.27","app","Gift"
"1370","138","39","3","2024-02-24T22:38:51.000000","0.25","app","VIP"
"1371","89","3","2","2024-02-07T16:22:27.000000","0.11","web","gift "
"1372","155","23","2","2024-01-19T11:38:34.000000","0.17","web","return?"
"1373","34","16","1","2024-03-13T02:25:37.000000","0.17","app","urgent"
"1374","140","2","2","2024-03-20T22:52:09.000000","0.25","web","return?"
"1375","116","33","2","2024-01-03T21:48:31.000000","0.07","web"," OK "
"1376","178","37","5","2024-03-24T16:04:47.000000","0.09","web","gift "
"1377","125","7","2","2024-03-03T22:44:50.000000","0.09","app","Gift"
"1378","106","31","1","2024-01-09T23:38:06.000000","0.01","app","VIP"
"1379","105","29","5","2024-03-08T18:49:06.000000","0.09","app"," OK "
"1380","111","29","2","2024-01-10T15:59:25.000000","0.26","web","urgent"
"1381","179","19","5","2024-01-05T13:51:41.000000","0.27","app","urgent"
"1382","158","13","1","2024-01-11T09:06:18.000000","0.03","web","return?"
"1383","19","3","1","2024-02-11T09:14:14.000000","0.14","app","gift "
"1384","107","2","5","2024-02-25T18:16:10.000000","0.11","store","urgent"
"1385","58","8","1","2024-02-06T15:49:18.000000","0.15","app","VIP"
"1386","33","22","1","2024-01-11T23:27:10.000000","0.17","web","urgent"
"1387","174","6","4","2024-01-18T22:12:14.000000","0.01","app","urgent"
"1388","172","28","2","2024-03-17T17:08:44.000000","0.25","web","gift "
"1389","188","25","3","2024-03-27T15:16:02.000000","0.29","web","VIP"
"1390","79","14","3","2024-03-08T21:13:35.000000","0.2","store","VIP"
"1391","86","4","2","2024-01-10T07:22:26.000000","0.2","web"," OK "
"1392","156","21","3","2024-03-14T18:47:13.000000","0.16","web","return?"
"1393","39","33","2","2024-03-03T06:41:45.000000","","app","return?"
"1394","11","16","2","2024-02-17T08:17:26.000000","0.04","app","Gift"
"1395","85","33","2","2024-01-13T21:23:42.000000","0.18","app","gift "
"1396","126","12","1","2024-03-30T16:49:21.000000","0.01","web","Gift"
"1397","92","4","3","2024-02-09T20:01:47.000000","0.25","app","gift "
"1398","43","26","3","2024-01-04T23:25:05.000000","0.13","web","  "
"1399","104","36","1","2024-01-19T21:31:55.000000","","store","  "
"1400","189","36","3","2024-02-06T02:43:56.000000","0.1","web","gift "
"1401","55","39","4","2024-01-06T14:37:33.000000","0.29","web","gift "
"1402","81","5","1","2024-01-30T03:42:11.000000","0.05","app","gift "
"1403","63","2","2","2024-02-12T03:45:06.000000","0.05","web","Gift"
"1404","59","23","5","2024-03-26T09:04:27.000000","0.05","app"," OK "
"1405","132","39","3","2024-01-08T18:34:12.000000","0.2","web","Gift"
"1406","75","40","1","2024-02-21T22:01:10.000000","0.3","web","VIP"
"1407","125","12","3","2024-03-23T10:02:38.000000","0.07","web","return?"
"1408","4","16","3","2024-03-13T13:22:20.000000","0.27","web","VIP"
"1409","133","27","2","2024-03-24T05:52:25.000000","","web","return?"
"1410","22","37","1","2024-01-16T07:56:13.000000","","web","VIP"
"1411","76","7","5","2024-03-13T02:54:04.000000","","web","gift "
"1412","175","40","5","2024-03-29T01:50:59.000000","0.15","app","  "
"1413","68","33","4","2024-01-30T08:13:50.000000","0.2","app","VIP"
"1414","140","3","1","2024-02-14T21:03:41.000000","0.16","web","urgent"
"1415","71","34","5","2024-02-17T18:37:02.000000","0.07","web","urgent"
"1416","181","26","3","2024-02-14T10:19:54.000000","0.25","web","urgent"
"1417","191","40","3","2024-01-27T01:55:43.000000","0.29","web","gift "
"1418","182","9","5","2024-03-28T09:06:39.000000","0.14","web","VIP"
"1419","80","40","3","2024-03-27T02:01:58.000000","0.19","web","gift "
"1420","64","2","2","2024-02-04T06:22:54.000000","0.24","store","return?"
"1421","122","4","2","2024-03-13T11:25:50.000000","0.07","app","Gift"
"1422","164","18","5","2024-02-05T18:39:14.000000","0.26","web","gift "
"1423","105","27","3","2024-03-12T12:47:27.000000","0.08","web","return?"
"1424","148","7","3","2024-02-22T15:03:57.000000","0.23","web","urgent"
"1425","176","11","3","2024-02-12T07:33:59.000000","0.03","web","VIP"
"1426","151","16","2","2024-01-12T12:35:37.000000","0.09","app","urgent"
"1427","74","6","3","2024-02-28T21:54:58.000000","0.16","web","return?"
"1428","50","8","5","2024-01-29T21:32:41.000000","0.16","web","Gift"
"1429","87","6","1","2024-01-20T12:24:52.000000","0.26","web","  "
"1430","116","39","5","2024-01-18T09:19:47.000000","0.3","app","  "
"1431","169","38","2","2024-03-29T08:51:20.000000","0.03","web","Gift"
"1432","61","26","2","2024-01-10T07:05:32.000000","","store","gift "
"1433","33","28","1","2024-03-12T20:48:56.000000","0.11","web","VIP"
"1434","64","6","4","2024-03-18T22:52:20.000000","","web","return?"
"1435","119","3","2","2024-01-03T19:04:27.000000","","web"," OK "
"1436","47","16","3","2024-02-23T00:57:19.000000","0.26","app","gift "
"1437","80","40","3","2024-02-21T23:11:39.000000","0.23","web","VIP"
"1438","52","20","4","2024-02-02T06:43:59.000000","0.01","web","gift "
"1439","198","33","5","2024-03-01T00:06:10.000000","0.14","web"," OK "
"1440","103","15","3","2024-02-06T18:43:33.000000","0.19","web"," OK "
"1441","145","13","1","2024-02-09T13:44:01.000000","0.14","web","VIP"
"1442","105","33","4","2024-02-08T20:04:51.000000","0.04","app","Gift"
"1443","3","19","1","2024-03-13T01:27:23.000000","0.12","app","  "
"1444","53","30","5","2024-02-26T23:36:08.000000","0.12","app","return?"
"1445","168","30","2","2024-02-04T02:44:29.000000","0.06","store"," OK "
"1446","103","30","4","2024-03-24T09:49:18.000000","0.23","web","gift "
"1447","141","28","1","2024-03-13T04:26:49.000000","","store","urgent"
"1448","153","33","3","2024-03-24T22:48:14.000000","0.18","web","VIP"
"1449","113","19","4","2024-03-06T17:52:54.000000","0.15","web","gift "
"1450","116","13","4","2024-02-05T05:37:21.000000","0.26","app","return?"
"1451","48","21","1","2024-03-10T13:33:14.000000","0.04","web","Gift"
"1452","50","13","1","2024-01-30T15:12:24.000000","0.03","web","urgent"
"1453","30","2","5","2024-01-25T09:12:22.000000","0.09","app","return?"
"1454","60","15","3","2024-02-10T14:15:37.000000","0.13","web","  "
"1455","126","21","5","2024-03-28T05:41:46.000000","0.09","web","urgent"
"1456","186","21","1","2024-02-21T02:44:16.000000","0.23","app","  "
"1457","88","14","3","2024-02-04T12:46:37.000000","","web","Gift"
"1458","121","30","3","2024-02-11T13:31:36.000000","0.03","web"," OK "
"1459","173","12","5","2024-01-27T05:01:37.000000","0.12","web","urgent"
"1460","136","26","4","2024-02-29T06:54:26.000000","","store","VIP"
"1461","53","11","4","2024-02-01T12:55:02.000000","0.26","store"," OK "
"1462","57","40","2","2024-02-19T21:30:06.000000","","app","Gift"
"1463","128","26","5","2024-02-03T06:48:26.000000","0.17","web","urgent"
"1464","58","23","2","2024-01-29T20:44:44.000000","0.22","web","VIP"
"1465","50","18","2","2024-03-28T07:42:32.000000","","web","return?"
"1466","119","31","4","2024-02-01T02:46:42.000000","0.07","app","VIP"
"1467","128","18","5","2024-01-07T08:19:26.000000","0.17","app","VIP"
"1468","51","33","5","2024-02-04T01:45:37.000000","0.23","app"," OK "
"1469","10","7","1","2024-02-17T21:25:51.000000","0.1","web","return?"
"1470","154","33","5","2024-01-09T12:25:18.000000","0.2","store","urgent"
"1471","79","39","2","2024-01-28T12:16:42.000000","0.14","web","Gift"
"1472","127","10","2","2024-01-15T22:41:43.000000","0.15","web","VIP"
"1473","35","9","5","2024-02-15T01:24:01.000000","0.03","web","urgent"
"1474","63","39","5","2024-03-06T01:55:32.000000","0.2","app","urgent"
"1475","122","17","2","2024-03-28T03:55:02.000000","0.26","store"," OK "
"1476","25","28","1","2024-02-05T00:26:56.000000","0.04","web","Gift"
"1477","64","8","2","2024-03-18T16:38:18.000000","","store","gift "
"1478","144","18","3","2024-01-20T07:24:15.000000","0.01","web","gift "
"1479","155","29","1","2024-03-11T05:52:24.000000","0.01","web"," OK "
"1480","71","36","2","2024-02-20T15:22:20.000000","0.3","web","urgent"
"1481","23","18","1","2024-03-09T05:39:15.000000","0.15","web"," OK "
"1482","6","4","5","2024-03-08T23:57:55.000000","0.11","app","urgent"
"1483","112","17","2","2024-02-17T22:03:13.000000","0.08","web","  "
"1484","139","26","2","2024-01-24T04:01:56.000000","0.29","web"," OK "
"1485","119","36","3","2024-02-17T08:33:28.000000","0.08","web","urgent"
"1486","82","34","1","2024-03-15T09:51:58.000000","0.22","app","gift "
"1487","5","31","3","2024-03-28T08:37:24.000000","","store","gift "
"1488","46","7","5","2024-03-24T11:24:37.000000","0.02","app","return?"
"1489","8","21","5","2024-01-17T07:58:07.000000","","web","  "
"1490","93","24","2","2024-02-23T18:22:19.000000","0.0","web","return?"
"1491","62","19","1","2024-01-10T09:55:30.000000","","web","VIP"
"1492","15","37","4","2024-03-01T04:55:36.000000","","store","gift "
"1493","122","39","5","2024-03-30T07:26:42.000000","","web","Gift"
"1494","75","9","5","2024-01-05T17:33:50.000000","0.23","store"," OK "
"1495","193","39","3","2024-02-29T02:11:48.000000","0.22","app","  "
"1496","84","34","3","2024-03-26T02:19:22.000000","0.01","app","return?"
"1497","19","29","4","2024-03-17T05:55:06.000000","0.21","app","Gift"
"1498","142","16","4","2024-02-05T07:46:01.000000","0.3","web","Gift"
"1499","141","31","4","2024-01-10T08:28:16.000000","","web"," OK "
"1500","186","24","2","2024-03-24T03:37:29.000000","","web","  "
"1501","139","36","5","2024-03-23T22:03:24.000000","0.24","web","Gift"
"1502","73","29","1","2024-02-22T02:35:29.000000","0.05","app"," OK "
"1503","134","39","1","2024-03-29T02:24:45.000000","0.2","web"," OK "
"1504","160","17","4","2024-01-01T09:58:35.000000","0.23","store","Gift"
"1505","104","4","3","2024-02-25T11:52:44.000000","0.01","store","gift "
"1506","159","20","3","2024-01-04T11:15:02.000000","","web","gift "
"1507","194","40","5","2024-03-25T05:05:58.000000","0.17","web","VIP"
"1508","151","27","5","2024-03-02T05:42:16.000000","","web","gift "
"1509","101","29","4","2024-03-23T05:00:21.000000","0.26","web","VIP"
"1510","99","26","1","2024-02-20T15:21:46.000000","0.05","app","Gift"
"1511","168","24","1","2024-01-08T11:50:53.000000","0.11","app","urgent"
"1512","175","3","1","2024-01-03T09:18:36.000000","","app","gift "
"1513","53","17","4","2024-01-31T04:50:19.000000","0.06","web"," OK "
"1514","2","4","4","2024-03-07T21:52:24.000000","","app","VIP"
"1515","162","14","4","2024-01-14T14:13:47.000000","0.02","app","urgent"
"1516","48","29","1","2024-03-17T16:38:02.000000","","store","return?"
"1517","200","33","2","2024-01-22T13:17:03.000000","","app","return?"
"1518","8","9","2","2024-02-14T16:15:42.000000","0.2","app","gift "
"1519","183","27","4","2024-01-19T06:39:18.000000","","web","Gift"
"1520","136","10","1","2024-02-11T22:02:09.000000","0.25","app","Gift"
"1521","61","9","5","2024-02-10T16:41:45.000000","0.29","web","gift "
"1522","7","39","1","2024-01-01T11:49:18.000000","0.2","web","gift "
"1523","170","25","3","2024-02-21T02:28:22.000000","0.23","web"," OK "
"1524","24","8","5","2024-03-11T19:09:48.000000","0.15","web","urgent"
"1525","20","6","1","2024-03-25T06:21:22.000000","0.27","web","VIP"
"1526","159","2","4","2024-01-30T18:20:48.000000","0.19","web"," OK "
"1527","136","20","3","2024-03-20T06:03:58.000000","","app","gift "
"1528","26","5","5","2024-03-20T02:07:45.000000","0.07","app","return?"
"1529","69","24","3","2024-03-29T22:54:24.000000","","store"," OK "
"1530","134","18","5","2024-02-03T13:48:39.000000","0.22","app","return?"
"1531","132","26","3","2024-03-17T13:55:32.000000","0.06","web","gift "
"1532","73","9","1","2024-02-20T20:34:05.000000","0.06","app","Gift"
"1533","83","6","4","2024-01-06T05:51:53.000000","0.29","app","  "
"1534","16","5","5","2024-01-25T07:56:17.000000","0.13","web","VIP"
"1535","2","4","3","2024-03-01T11:37:51.000000","0.05","store","gift "
"1536","194","3","5","2024-01-15T10:52:14.000000","0.1","store"," OK "
"1537","47","11","5","2024-02-09T03:01:15.000000","0.12","web","return?"
"1538","186","33","4","2024-03-10T17:48:03.000000","0.19","app"," OK "
"1539","9","25","4","2024-01-14T11:28:50.000000","0.28","web","return?"
"1540","198","11","3","2024-02-14T16:38:07.000000","0.3","store","gift "
"1541","86","38","5","2024-01-20T08:05:40.000000","0.2","app","gift "
"1542","162","31","2","2024-02-18T06:48:50.000000","0.21","web","VIP"
"1543","169","32","3","2024-01-22T15:56:12.000000","0.1","app","return?"
"1544","71","36","1","2024-03-27T21:17:54.000000","0.26","app","urgent"
"1545","148","30","1","2024-01-07T21:40:28.000000","0.07","web","VIP"
"1546","67","39","3","2024-03-27T17:19:57.000000","0.03","app","  "
"1547","158","14","4","2024-03-12T06:26:59.000000","0.29","app","Gift"
"1548","192","35","1","2024-03-18T00:11:13.000000","0.26","web","Gift"
"1549","162","5","1","2024-03-17T15:15:34.000000","0.09","app","VIP"
"1550","146","13","1","2024-01-17T21:14:09.000000","0.2","web"," OK "
"1551","75","36","3","2024-03-24T19:09:29.000000","0.14","web","gift "
"1552","22","6","2","2024-02-23T11:37:44.000000","","app","VIP"
"1553","102","21","1","2024-03-27T14:15:35.000000","0.09","web","gift "
"1554","26","14","4","2024-03-20T00:47:54.000000","","web","gift "
"1555","102","5","3","2024-02-22T03:57:28.000000","","store","gift "
"1556","174","10","1","2024-02-03T16:50:31.000000","0.13","app","gift "
"1557","23","22","4","2024-01-11T13:20:24.000000","0.15","app","VIP"
"1558","181","26","5","2024-01-10T02:23:21.000000","0.06","app","VIP"
"1559","120","28","3","2024-02-05T01:46:21.000000","0.28","store","return?"
"1560","10","6","5","2024-03-13T23:40:47.000000","0.19","store"," OK "
"1561","145","13","3","2024-02-15T11:32:33.000000","0.27","web","Gift"
"1562","1","5","1","2024-02-13T08:36:33.000000","0.03","web","return?"
"1563","123","1","1","2024-01-23T00:01:12.000000","0.19","web","  "
"1564","102","16","1","2024-02-20T19:05:17.000000","0.25","web","Gift"
"1565","150","25","2","2024-02-27T10:14:33.000000","0.1","web","  "
"1566","76","15","2","2024-03-29T09:25:54.000000","0.06","app","gift "
"1567","24","2","3","2024-03-06T15:32:25.000000","0.08","app","return?"
"1568","78","9","3","2024-02-24T15:34:36.000000","0.08","store","gift "
"1569","153","18","5","2024-03-22T21:45:57.000000","0.13","web","gift "
"1570","191","15","1","2024-02-08T05:57:19.000000","0.1","web","  "
"1571","42","33","5","2024-03-25T03:29:22.000000","0.08","web","urgent"
"1572","71","24","2","2024-02-03T07:09:58.000000","0.19","web","VIP"
"1573","176","40","5","2024-01-12T12:00:11.000000","","web","urgent"
"1574","63","8","1","2024-02-07T14:03:27.000000","0.1","store"," OK "
"1575","49","15","1","2024-01-12T14:08:07.000000","0.21","web"," OK "
"1576","167","4","1","2024-01-11T15:44:31.000000","0.05","app"," OK "
"1577","99","1","2","2024-03-20T07:24:37.000000","0.07","web"," OK "
"1578","117","37","5","2024-03-12T12:39:40.000000","0.06","app"," OK "
"1579","98","20","3","2024-01-20T21:49:02.000000","","store","Gift"
"1580","121","27","1","2024-03-16T09:28:06.000000","0.14","store","return?"
"1581","54","12","4","2024-01-07T04:49:43.000000","","web"," OK "
"1582","147","3","3","2024-01-26T14:17:52.000000","0.08","store","  "
"1583","73","36","4","2024-03-04T13:10:47.000000","0.3","web","return?"
"1584","105","27","4","2024-01-28T08:12:02.000000","0.28","app","VIP"
"1585","38","29","4","2024-03-06T17:53:15.000000","0.06","web","Gift"
"1586","3","22","1","2024-03-19T16:33:43.000000","0.09","app"," OK "
"1587","115","17","3","2024-01-06T22:41:35.000000","0.14","app","Gift"
"1588","28","17","4","2024-01-03T03:46:33.000000","0.25","app","  "
"1589","183","31","3","2024-03-25T14:24:15.000000","0.24","app","VIP"
"1590","192","10","5","2024-02-16T20:11:17.000000","0.04","web"," OK "
"1591","64","14","5","2024-02-15T13:59:04.000000","0.04","store","Gift"
"1592","58","13","5","2024-02-11T17:32:22.000000","0.13","web","  "
"1593","102","21","2","2024-02-09T00:36:11.000000","0.26","web","VIP"
"1594","41","39","3","2024-03-03T02:40:25.000000","0.26","web","Gift"
"1595","173","37","5","2024-02-22T04:15:01.000000","","web","VIP"
"1596","21","22","2","2024-01-15T16:55:33.000000","0.17","web","VIP"
"1597","91","9","4","2024-02-26T09:32:21.000000","0.05","app","Gift"
"1598","38","38","2","2024-03-01T03:35:39.000000","0.21","web","gift "
"1599","167","13","1","2024-01-11T05:22:40.000000","0.27","app","gift "
"1600","29","15","2","2024-02-03T21:44:43.000000","0.14","web","  "
"1601","90","36","5","2024-03-12T03:29:46.000000","0.02","app","Gift"
"1602","167","11","5","2024-02-25T16:25:26.000000","","web","Gift"
"1603","89","19","5","2024-01-13T06:33:31.000000","0.12","web","Gift"
"1604","37","37","2","2024-01-04T14:36:18.000000","0.24","app","urgent"
"1605","32","13","4","2024-02-22T07:24:57.000000","0.1","store","  "
"1606","121","25","2","2024-02-11T13:19:50.000000","0.26","store","return?"
"1607","25","2","1","2024-03-27T11:52:16.000000","0.08","web","Gift"
"1608","72","40","2","2024-02-17T00:03:42.000000","0.05","store","return?"
"1609","123","17","1","2024-03-24T20:00:56.000000","0.09","app","gift "
"1610","76","27","4","2024-01-20T06:56:42.000000","0.01","store","urgent"
"1611","166","21","4","2024-02-10T06:14:57.000000","0.08","web","gift "
"1612","138","18","1","2024-01-13T13:35:13.000000","0.2","web","gift "
"1613","28","17","1","2024-02-21T16:20:05.000000","","web"," OK "
"1614","164","1","3","2024-01-17T23:06:16.000000","0.03","app","gift "
"1615","183","12","1","2024-02-14T07:17:17.000000","0.04","web","urgent"
"1616","41","16","5","2024-01-31T23:20:41.000000","0.02","web","VIP"
"1617","72","15","3","2024-01-17T17:10:34.000000","0.26","app","gift "
"1618","80","11","3","2024-01-09T17:06:35.000000","0.28","store","Gift"
"1619","86","26","1","2024-02-16T02:01:56.000000","","app"," OK "
"1620","93","34","4","2024-03-26T06:12:38.000000","0.23","app","gift "
"1621","179","36","4","2024-01-18T21:17:46.000000","0.22","web","  "
"1622","131","39","4","2024-02-06T10:47:13.000000","","store","Gift"
"1623","180","26","3","2024-01-21T05:09:01.000000","","web","return?"
"1624","71","17","2","2024-03-13T19:22:27.000000","0.09","web","urgent"
"1625","105","26","1","2024-02-07T08:11:21.000000","0.14","web","VIP"
"1626","22","6","2","2024-03-28T16:44:27.000000","","web","gift "
"1627","56","33","3","2024-01-23T01:33:42.000000","0.22","app","Gift"
"1628","117","22","1","2024-01-08T06:23:17.000000","0.14","app","Gift"
"1629","35","7","1","2024-02-22T10:14:36.000000","0.07","web","gift "
"1630","193","18","2","2024-02-28T15:36:21.000000","0.22","web"," OK "
"1631","55","13","1","2024-03-30T04:00:04.000000","","web","  "
"1632","33","14","1","2024-03-19T10:14:37.000000","0.12","web","Gift"
"1633","157","3","3","2024-03-20T13:48:25.000000","0.2","store","  "
"1634","19","1","4","2024-02-27T01:56:46.000000","0.12","app","gift "
"1635","65","14","3","2024-02-02T09:12:00.000000","0.14","web","return?"
"1636","40","13","1","2024-02-08T14:41:47.000000","0.16","web"," OK "
"1637","139","40","2","2024-01-13T00:53:19.000000","0.23","app","gift "
"1638","169","11","1","2024-02-08T19:07:29.000000","","app","gift "
"1639","40","14","4","2024-02-02T19:11:14.000000","","store","urgent"
"1640","84","37","2","2024-01-04T05:32:29.000000","0.1","web","  "
"1641","96","35","2","2024-01-19T09:39:01.000000","0.11","app","Gift"
"1642","139","3","5","2024-02-18T02:44:15.000000","0.04","web","VIP"
"1643","71","4","3","2024-02-03T05:46:51.000000","","app","return?"
"1644","105","4","4","2024-03-30T10:03:10.000000","0.03","web","VIP"
"1645","101","19","2","2024-02-13T01:37:11.000000","0.13","app","  "
"1646","3","23","5","2024-03-27T06:48:29.000000","0.05","web","VIP"
"1647","114","15","4","2024-02-29T11:08:10.000000","0.1","app","return?"
"1648","114","1","3","2024-01-04T15:15:44.000000","0.24","web","return?"
"1649","199","9","3","2024-01-19T07:26:29.000000","0.07","app","VIP"
"1650","103","25","4","2024-03-04T12:31:17.000000","0.18","web","return?"
"1651","180","15","1","2024-02-19T01:27:14.000000","0.27","app","return?"
"1652","70","5","2","2024-01-28T03:48:43.000000","","web","urgent"
"1653","140","27","4","2024-02-16T23:42:10.000000","0.06","app","gift "
"1654","181","25","3","2024-03-22T06:27:23.000000","0.1","app","Gift"
"1655","31","20","4","2024-02-04T23:36:33.000000","","web","return?"
"1656","114","38","3","2024-01-05T01:26:52.000000","0.15","web","VIP"
"1657","184","34","1","2024-01-28T23:40:19.000000","","web","return?"
"1658","112","2","4","2024-03-25T05:29:17.000000","0.13","web","Gift"
"1659","179","37","4","2024-03-09T13:26:20.000000","0.16","app","VIP"
"1660","84","2","2","2024-03-16T08:56:51.000000","0.08","web"," OK "
"1661","178","20","4","2024-03-23T01:04:13.000000","0.18","web","return?"
"1662","126","37","2","2024-01-11T13:48:34.000000","0.02","web","urgent"
"1663","96","40","1","2024-01-26T10:34:22.000000","0.1","web","gift "
"1664","43","1","1","2024-01-06T09:13:14.000000","0.24","web","VIP"
"1665","35","3","5","2024-01-01T10:13:44.000000","0.08","app","VIP"
"1666","58","10","2","2024-03-16T02:58:06.000000","0.18","web","urgent"
"1667","151","12","3","2024-03-25T07:48:21.000000","0.12","store","gift "
"1668","94","12","2","2024-01-15T00:26:11.000000","0.09","app","gift "
"1669","78","17","4","2024-03-05T23:53:06.000000","0.27","web","VIP"
"1670","94","13","4","2024-02-18T03:22:48.000000","0.1","store","Gift"
"1671","69","24","5","2024-01-07T05:31:37.000000","0.07","app","VIP"
"1672","162","35","5","2024-03-23T10:00:32.000000","","app","  "
"1673","79","22","5","2024-03-19T09:52:31.000000","0.22","web","VIP"
"1674","95","14","2","2024-02-21T01:41:16.000000","","app","return?"
"1675","112","23","3","2024-03-04T17:02:20.000000","0.01","web","Gift"
"1676","130","25","2","2024-02-05T18:01:26.000000","0.04","app","gift "
"1677","67","36","4","2024-03-12T08:31:56.000000","0.19","web","VIP"
"1678","15","38","4","2024-02-10T01:14:04.000000","0.06","web","VIP"
"1679","138","12","2","2024-03-30T00:37:09.000000","0.07","app","return?"
"1680","113","37","5","2024-01-06T16:19:59.000000","0.23","web","gift "
"1681","130","33","2","2024-01-16T11:50:34.000000","0.09","web","  "
"1682","109","6","5","2024-03-28T04:30:18.000000","0.02","app"," OK "
"1683","102","23","5","2024-01-26T23:46:06.000000","0.01","web","gift "
"1684","190","7","1","2024-01-28T23:00:46.000000","0.13","web","urgent"
"1685","11","20","2","2024-03-12T05:09:18.000000","0.19","web","VIP"
"1686","19","2","2","2024-01-18T01:01:30.000000","0.26","store"," OK "
"1687","188","12","5","2024-02-16T05:14:35.000000","","app","VIP"
"1688","178","24","4","2024-01-26T17:51:43.000000","0.06","app","VIP"
"1689","83","13","1","2024-01-18T19:32:31.000000","0.16","app","gift "
"1690","109","1","5","2024-03-27T19:02:45.000000","0.11","app","  "
"1691","90","16","2","2024-01-18T23:46:39.000000","","app","  "
"1692","200","22","2","2024-01-09T11:39:28.000000","0.28","app","  "
"1693","92","31","1","2024-03-01T15:42:19.000000","0.16","store","  "
"1694","152","6","1","2024-03-19T01:22:28.000000","0.12","app","urgent"
"1695","74","20","3","2024-01-12T11:23:27.000000","0.3","web","  "
"1696","77","8","1","2024-03-04T16:56:34.000000","","web","return?"
"1697","135","7","1","2024-02-18T16:06:30.000000","0.28","web","Gift"
"1698","80","5","4","2024-03-15T16:50:29.000000","0.15","app","Gift"
"1699","3","31","2","2024-01-12T10:13:18.000000","","store","Gift"
"1700","35","37","4","2024-03-28T19:56:19.000000","0.28","app","return?"
"1701","175","27","5","2024-02-25T17:16:44.000000","0.15","app","return?"
"1702","74","16","1","2024-03-16T19:03:14.000000","0.13","app","Gift"
"1703","21","38","4","2024-02-02T13:50:18.000000","0.08","store","return?"
"1704","188","20","1","2024-03-25T21:42:21.000000","0.2","app","VIP"
"1705","200","22","4","2024-02-26T08:56:36.000000","0.17","web","Gift"
"1706","100","26","2","2024-01-12T10:10:48.000000","0.06","web","VIP"
"1707","126","27","1","2024-03-24T01:28:02.000000","","web","return?"
"1708","151","20","2","2024-03-12T14:54:11.000000","0.19","web","return?"
"1709","14","20","2","2024-01-28T00:26:05.000000","0.12","web","gift "
"1710","60","13","4","2024-02-19T02:39:34.000000","0.0","web","urgent"
"1711","113","28","4","2024-02-04T22:12:36.000000","0.13","web","urgent"
"1712","110","27","4","2024-02-18T21:57:01.000000","0.0","web","VIP"
"1713","67","18","1","2024-03-27T21:12:30.000000","","store","VIP"
"1714","1","29","5","2024-03-21T21:40:14.000000","","web","  "
"1715","191","6","3","2024-01-20T09:33:59.000000","0.02","app"," OK "
"1716","123","17","1","2024-03-28T11:05:46.000000","0.08","web","return?"
"1717","152","40","5","2024-02-09T09:57:43.000000","0.2","store"," OK "
"1718","88","30","4","2024-03-04T10:27:02.000000","0.09","app","  "
"1719","102","29","1","2024-03-09T18:43:18.000000","0.3","store","return?"
"1720","89","35","3","2024-02-13T11:08:48.000000","0.27","app","urgent"
"1721","86","25","5","2024-02-11T02:22:46.000000","0.18","app","gift "
"1722","135","27","4","2024-02-11T01:49:56.000000","0.29","web","VIP"
"1723","200","20","1","2024-03-18T15:06:23.000000","0.26","web","urgent"
"1724","156","34","4","2024-02-04T18:29:51.000000","0.1","app"," OK "
"1725","134","29","1","2024-01-26T04:38:02.000000","0.22","web","gift "
"1726","3","21","2","2024-02-02T13:03:14.000000","0.04","web","VIP"
"1727","103","6","1","2024-01-18T12:56:48.000000","0.21","store","  "
"1728","192","33","4","2024-02-05T05:39:17.000000","0.15","web","gift "
"1729","80","14","5","2024-01-11T06:24:33.000000","","app","  "
"1730","110","15","1","2024-01-09T01:52:01.000000","","web"," OK "
"1731","65","5","4","2024-03-06T03:30:59.000000","","web","Gift"
"1732","39","9","2","2024-01-07T23:15:42.000000","0.09","web","return?"
"1733","142","6","4","2024-02-21T03:19:23.000000","0.05","web","Gift"
"1734","63","4","1","2024-03-11T04:31:07.000000","","app","return?"
"1735","118","1","2","2024-03-06T04:52:48.000000","0.14","store","gift "
"1736","119","12","2","2024-02-10T03:31:02.000000","","web","return?"
"1737","170","31","5","2024-01-18T10:14:43.000000","0.23","web","  "
"1738","188","35","1","2024-03-24T18:16:42.000000","","app","Gift"
"1739","111","10","3","2024-03-16T03:56:51.000000","0.06","web","return?"
"1740","11","17","1","2024-02-25T02:23:50.000000","0.01","web","urgent"
"1741","117","34","3","2024-01-08T19:24:18.000000","0.14","web","Gift"
"1742","177","29","4","2024-01-04T03:58:48.000000","0.24","app","VIP"
"1743","96","37","4","2024-01-15T04:15:01.000000","0.22","web","return?"
"1744","113","17","1","2024-03-18T10:22:15.000000","0.12","web","urgent"
"1745","153","7","4","2024-01-19T12:34:14.000000","","store","return?"
"1746","88","6","2","2024-01-26T10:31:33.000000","0.13","store","gift "
"1747","83","29","4","2024-03-28T19:35:23.000000","0.17","app","Gift"
"1748","97","2","5","2024-03-14T15:26:29.000000","0.16","app"," OK "
"1749","171","19","1","2024-01-20T16:24:04.000000","0.2","store"," OK "
"1750","98","15","2","2024-02-04T12:27:11.000000","0.15","app","gift "
"1751","66","37","5","2024-02-16T10:01:56.000000","","app","  "
"1752","120","40","1","2024-02-29T18:49:25.000000","0.13","web"," OK "
"1753","139","20","2","2024-03-25T06:08:31.000000","0.0","web","return?"
"1754","183","24","3","2024-03-19T09:37:54.000000","","app","gift "
"1755","179","16","5","2024-03-28T22:44:10.000000","","app"," OK "
"1756","157","32","2","2024-01-04T15:47:38.000000","0.16","web","VIP"
"1757","154","12","2","2024-01-22T06:32:18.000000","0.17","app","urgent"
"1758","90","30","4","2024-02-20T16:04:57.000000","0.21","app","  "
"1759","69","37","1","2024-01-05T10:05:38.000000","0.08","web","  "
"1760","113","7","2","2024-02-01T23:32:15.000000","0.2","app","VIP"
"1761","142","10","2","2024-01-14T19:46:47.000000","0.21","web","VIP"
"1762","104","16","3","2024-03-24T23:06:25.000000","0.12","app","return?"
"1763","42","34","3","2024-01-06T16:47:22.000000","","store"," OK "
"1764","3","26","2","2024-01-14T08:33:11.000000","0.05","store","Gift"
"1765","12","8","2","2024-01-18T13:28:06.000000","0.12","store","Gift"
"1766","86","15","5","2024-01-14T08:57:47.000000","0.24","app","Gift"
"1767","159","26","5","2024-02-21T04:06:38.000000","0.27","web","urgent"
"1768","158","39","5","2024-02-02T18:59:26.000000","0.18","app","urgent"
"1769","162","19","4","2024-03-23T02:53:21.000000","0.09","web","return?"
"1770","142","3","3","2024-01-24T11:22:01.000000","0.2","app","return?"
"1771","5","5","2","2024-02-18T08:23:34.000000","0.22","app","  "
"1772","177","2","1","2024-02-29T09:47:37.000000","0.1","app","gift "
"1773","190","6","3","2024-02-26T08:08:14.000000","","web","gift "
"1774","170","17","3","2024-03-12T16:11:12.000000","0.02","web","  "
"1775","90","12","4","2024-01-19T04:01:59.000000","0.0","web","return?"
"1776","43","13","1","2024-02-15T16:06:18.000000","0.04","web","Gift"
"1777","182","31","5","2024-03-13T01:15:38.000000","0.05","web","gift "
"1778","38","20","1","2024-03-18T16:06:54.000000","0.26","web","return?"
"1779","158","30","2","2024-02-25T14:25:26.000000","0.13","store","return?"
"1780","194","22","2","2024-02-28T16:05:06.000000","0.08","web","urgent"
"1781","181","9","5","2024-03-18T18:32:07.000000","0.13","app","urgent"
"1782","105","38","4","2024-02-26T05:43:19.000000","0.12","web","urgent"
"1783","167","20","1","2024-03-26T09:30:03.000000","0.09","store"," OK "
"1784","167","34","5","2024-01-12T11:36:09.000000","0.04","app","  "
"1785","195","4","4","2024-02-01T07:27:56.000000","0.2","store","gift "
"1786","73","34","1","2024-01-11T02:18:47.000000","0.04","store"," OK "
"1787","126","29","4","2024-01-09T03:39:02.000000","","app","urgent"
"1788","164","10","1","2024-02-12T11:23:34.000000","0.06","web","gift "
"1789","46","32","3","2024-01-21T08:00:23.000000","0.22","app","VIP"
"1790","46","30","1","2024-02-06T15:27:34.000000","0.24","web","  "
"1791","78","36","1","2024-02-09T09:44:16.000000","0.04","store","gift "
"1792","73","9","3","2024-02-25T21:11:41.000000","","store","urgent"
"1793","151","36","4","2024-03-26T02:41:53.000000","","web","Gift"
"1794","188","31","3","2024-03-17T10:40:39.000000","0.14","app","VIP"
"1795","32","14","2","2024-02-04T01:08:57.000000","0.19","web","VIP"
"1796","66","15","3","2024-01-30T07:15:47.000000","0.01","app","return?"
"1797","186","11","1","2024-03-10T08:52:12.000000","0.08","app","gift "
"1798","119","20","1","2024-01-12T03:05:20.000000","0.15","app","urgent"
"1799","42","36","1","2024-02-18T15:25:46.000000","0.27","store","gift "
"1800","121","34","1","2024-02-08T01:42:55.000000","","web","return?"
"1801","176","6","4","2024-01-17T10:52:00.000000","0.23","app","urgent"
"1802","75","6","4","2024-02-25T11:31:45.000000","","app","VIP"
"1803","97","3","1","2024-01-29T20:47:08.000000","0.03","web","return?"
"1804","123","25","3","2024-01-17T16:53:35.000000","","web","VIP"
"1805","169","13","3","2024-02-28T18:53:40.000000","0.07","web","  "
"1806","113","31","1","2024-01-16T16:16:04.000000","0.13","app","Gift"
"1807","192","31","5","2024-03-01T13:21:47.000000","0.19","store","VIP"
"1808","151","8","5","2024-01-15T14:07:22.000000","","web","urgent"
"1809","85","28","4","2024-02-09T03:04:51.000000","0.07","web","VIP"
"1810","98","31","5","2024-03-13T17:15:53.000000","0.21","web","Gift"
"1811","140","40","3","2024-01-21T13:52:28.000000","0.18","web","gift "
"1812","15","29","5","2024-03-10T02:04:34.000000","0.16","web","gift "
"1813","46","15","3","2024-03-05T23:19:07.000000","0.17","app"," OK "
"1814","48","40","1","2024-03-22T05:44:21.000000","0.07","web","return?"
"1815","161","12","1","2024-01-16T04:45:56.000000","0.2","app","  "
"1816","165","33","5","2024-03-05T08:39:05.000000","0.12","web","  "
"1817","164","16","3","2024-03-25T07:12:23.000000","0.11","app"," OK "
"1818","22","38","4","2024-03-09T16:07:13.000000","0.04","web","VIP"
"1819","60","32","1","2024-01-17T21:52:18.000000","","web","return?"
"1820","63","24","3","2024-03-14T23:52:06.000000","0.18","web","VIP"
"1821","5","9","1","2024-01-10T15:47:40.000000","0.1","app","urgent"
"1822","52","8","2","2024-02-22T23:54:13.000000","0.26","store","urgent"
"1823","87","38","1","2024-02-14T18:55:08.000000","0.25","web","Gift"
"1824","178","33","2","2024-02-17T19:07:53.000000","0.03","app"," OK "
"1825","35","21","4","2024-02-16T18:13:37.000000","0.21","app","gift "
"1826","173","36","1","2024-01-03T19:59:22.000000","","web","gift "
"1827","164","32","1","2024-02-15T17:41:48.000000","0.3","app","gift "
"1828","32","16","4","2024-03-25T07:22:04.000000","0.07","web","return?"
"1829","53","34","1","2024-02-09T07:12:06.000000","0.08","store","  "
"1830","92","32","3","2024-01-25T22:07:55.000000","","app","Gift"
"1831","189","20","5","2024-03-30T12:48:00.000000","0.08","web","VIP"
"1832","157","1","4","2024-01-09T21:49:25.000000","0.21","app","Gift"
"1833","195","30","1","2024-02-13T18:21:58.000000","0.14","web","VIP"
"1834","63","14","1","2024-02-16T03:12:40.000000","0.07","app","return?"
"1835","182","15","4","2024-02-13T00:21:52.000000","0.15","app","return?"
"1836","192","29","2","2024-03-23T22:55:41.000000","0.27","app","gift "
"1837","120","33","3","2024-02-07T23:00:52.000000","0.24","web","gift "
"1838","31","4","3","2024-03-28T14:19:53.000000","0.15","web","Gift"
"1839","54","33","3","2024-01-07T00:20:37.000000","0.09","app","gift "
"1840","26","12","3","2024-03-07T01:18:08.000000","0.05","app","return?"
"1841","162","23","1","2024-02-23T08:47:10.000000","0.26","app","return?"
"1842","63","35","1","2024-01-22T15:34:44.000000","0.21","web","  "
"1843","141","9","1","2024-01-21T12:24:37.000000","0.17","app","urgent"
"1844","54","9","2","2024-03-05T18:30:33.000000","0.26","app","Gift"
"1845","196","39","5","2024-02-27T09:14:07.000000","0.04","app","urgent"
"1846","155","15","5","2024-02-25T00:07:37.000000","0.2","web","urgent"
"1847","76","38","3","2024-01-05T13:48:00.000000","0.07","web"," OK "
"1848","96","15","1","2024-02-23T19:25:38.000000","","web","VIP"
"1849","12","25","1","2024-03-29T07:47:46.000000","0.14","app","VIP"
"1850","28","21","5","2024-01-02T13:25:05.000000","0.12","app","urgent"
"1851","200","40","2","2024-02-12T05:03:03.000000","0.28","store","  "
"1852","164","23","5","2024-02-14T11:51:20.000000","0.1","web","urgent"
"1853","168","21","3","2024-03-21T16:59:29.000000","0.24","app","urgent"
"1854","129","19","5","2024-01-26T10:56:49.000000","0.22","store","urgent"
"1855","45","16","1","2024-02-12T19:12:43.000000","0.2","web"," OK "
"1856","22","18","5","2024-03-05T13:08:04.000000","","web","VIP"
"1857","146","19","3","2024-01-06T10:18:52.000000","0.12","web"," OK "
"1858","67","31","3","2024-03-13T02:21:10.000000","0.12","app","Gift"
"1859","1","2","3","2024-03-14T23:58:52.000000","0.05","web","gift "
"1860","5","21","2","2024-03-05T18:26:15.000000","0.08","web","  "
"1861","112","22","4","2024-02-28T08:04:36.000000","","app","urgent"
"1862","169","31","4","2024-03-08T06:50:23.000000","","app","gift "
"1863","73","27","5","2024-03-11T08:35:42.000000","0.1","store","VIP"
"1864","200","18","5","2024-03-22T07:19:59.000000","0.06","app","Gift"
"1865","77","5","3","2024-02-08T12:50:48.000000","","store","return?"
"1866","147","15","4","2024-02-11T01:04:53.000000","0.21","app","gift "
"1867","49","11","5","2024-02-27T09:56:36.000000","0.09","app","VIP"
"1868","122","9","1","2024-01-18T09:04:22.000000","","web"," OK "
"1869","55","29","3","2024-03-18T01:27:16.000000","0.19","store","VIP"
"1870","156","20","4","2024-03-10T08:18:31.000000","0.24","store","gift "
"1871","91","32","3","2024-02-26T19:06:04.000000","0.08","app","return?"
"1872","9","6","1","2024-01-28T03:34:01.000000","0.19","web","  "
"1873","50","40","4","2024-02-01T06:58:30.000000","0.05","web","VIP"
"1874","71","19","3","2024-02-09T03:32:42.000000","0.11","web","urgent"
"1875","94","11","4","2024-02-29T15:03:50.000000","0.22","web","gift "
"1876","55","15","1","2024-03-11T00:33:19.000000","0.19","web","VIP"
"1877","116","34","1","2024-03-01T11:12:18.000000","0.06","web","VIP"
"1878","193","29","4","2024-03-24T16:39:17.000000","0.26","web","Gift"
"1879","143","7","5","2024-03-27T10:52:04.000000","0.02","store","gift "
"1880","63","40","4","2024-03-04T10:35:46.000000","0.18","app","urgent"
"1881","136","6","5","2024-02-03T09:10:14.000000","0.3","app","gift "
"1882","194","12","5","2024-02-23T21:59:19.000000","0.16","web","gift "
"1883","49","30","2","2024-02-08T06:10:35.000000","","web"," OK "
"1884","47","22","1","2024-02-26T14:50:55.000000","0.18","web","return?"
"1885","8","18","3","2024-03-14T02:11:08.000000","0.23","store","  "
"1886","169","38","4","2024-02-03T05:45:29.000000","0.2","web","urgent"
"1887","167","32","4","2024-02-15T12:26:47.000000","0.21","app","return?"
"1888","83","39","3","2024-01-05T02:34:29.000000","","web","  "
"1889","175","12","5","2024-03-07T06:59:52.000000","0.22","web","  "
"1890","131","35","5","2024-02-14T02:04:56.000000","0.07","web","return?"
"1891","196","9","3","2024-02-11T08:58:20.000000","0.29","web","Gift"
"1892","185","33","3","2024-02-17T22:03:01.000000","0.07","web","Gift"
"1893","192","22","1","2024-01-20T09:28:10.000000","0.07","store","  "
"1894","79","24","4","2024-02-23T19:36:35.000000","0.26","web","return?"
"1895","127","5","4","2024-03-08T01:38:25.000000","","web","VIP"
"1896","34","36","5","2024-02-01T11:18:01.000000","0.11","web","VIP"
"1897","179","12","1","2024-01-12T19:17:42.000000","0.21","store","VIP"
"1898","64","24","1","2024-02-04T19:33:58.000000","0.05","app"," OK "
"1899","90","7","4","2024-01-18T20:56:26.000000","0.05","app","gift "
"1900","119","38","3","2024-02-03T15:42:31.000000","","app","Gift"
"1901","158","13","3","2024-02-26T09:56:31.000000","0.07","store","Gift"
"1902","147","31","3","2024-01-11T04:55:56.000000","","web","VIP"
"1903","192","31","4","2024-03-08T06:06:09.000000","","app","Gift"
"1904","143","23","4","2024-01-21T05:09:55.000000","0.11","app","VIP"
"1905","160","5","1","2024-03-21T12:31:33.000000","0.1","web","return?"
"1906","115","12","4","2024-03-06T22:04:42.000000","0.01","web","gift "
"1907","84","25","3","2024-01-25T12:47:12.000000","0.19","app","urgent"
"1908","183","22","3","2024-02-20T16:34:18.000000","0.19","web","  "
"1909","76","24","4","2024-01-10T23:09:51.000000","","web","return?"
"1910","125","10","4","2024-01-09T23:26:12.000000","0.1","web","Gift"
"1911","59","22","2","2024-03-27T01:03:38.000000","0.26","web","urgent"
"1912","97","4","1","2024-03-13T05:15:05.000000","0.17","app","gift "
"1913","74","20","1","2024-01-14T21:33:13.000000","","web","return?"
"1914","52","4","5","2024-01-26T10:36:31.000000","0.14","app","gift "
"1915","165","27","2","2024-01-18T18:57:38.000000","0.06","web","gift "
"1916","154","23","2","2024-02-05T13:32:53.000000","","web","gift "
"1917","141","35","5","2024-01-27T05:16:17.000000","","web","VIP"
"1918","17","19","2","2024-01-30T12:36:55.000000","0.27","store","Gift"
"1919","50","7","3","2024-02-17T15:29:07.000000","","web","VIP"
"1920","44","10","2","2024-01-18T00:21:20.000000","0.09","app","return?"
"1921","143","33","4","2024-03-20T10:54:11.000000","0.05","app","VIP"
"1922","179","39","3","2024-03-06T11:43:37.000000","0.09","app","return?"
"1923","76","3","3","2024-03-09T10:46:45.000000","0.1","web","VIP"
"1924","67","28","3","2024-01-16T06:04:15.000000","0.19","web","VIP"
"1925","112","20","5","2024-03-04T17:37:13.000000","0.06","app"," OK "
"1926","198","11","3","2024-03-16T06:17:20.000000","0.28","app","Gift"
"1927","75","21","3","2024-01-16T18:23:24.000000","0.03","app","urgent"
"1928","56","38","5","2024-03-08T14:45:38.000000","0.0","app","return?"
"1929","105","8","1","2024-02-02T04:35:40.000000","0.26","web","urgent"
"1930","184","34","5","2024-03-11T21:10:16.000000","0.21","app","return?"
"1931","146","4","1","2024-02-13T01:21:16.000000","","app","  "
"1932","104","29","2","2024-03-13T04:46:14.000000","0.18","store"," OK "
"1933","147","3","1","2024-01-14T06:26:24.000000","0.07","app","  "
"1934","4","3","3","2024-02-05T00:24:46.000000","0.05","web","Gift"
"1935","151","2","5","2024-01-25T14:36:29.000000","0.14","app","Gift"
"1936","20","33","2","2024-01-23T08:27:59.000000","0.11","app","return?"
"1937","79","23","4","2024-01-28T17:59:58.000000","0.18","web","VIP"
"1938","70","28","2","2024-02-04T10:03:24.000000","0.07","app","VIP"
"1939","139","7","4","2024-01-12T10:54:59.000000","0.2","web","Gift"
"1940","49","37","5","2024-03-04T15:17:54.000000","0.23","web","  "
"1941","48","33","4","2024-02-19T12:31:03.000000","","app","Gift"
"1942","177","20","2","2024-03-15T15:13:20.000000","0.01","web","  "
"1943","96","36","5","2024-03-04T10:51:39.000000","0.13","app","Gift"
"1944","149","6","1","2024-01-14T09:56:02.000000","0.23","web","  "
"1945","117","12","5","2024-01-07T07:03:08.000000","0.2","app","VIP"
"1946","124","2","5","2024-02-08T01:15:59.000000","0.21","app","Gift"
"1947","138","7","4","2024-02-13T07:13:33.000000","0.12","app"," OK "
"1948","134","34","4","2024-01-22T14:56:22.000000","0.07","web"," OK "
"1949","183","17","2","2024-03-11T09:34:34.000000","0.16","store","return?"
"1950","157","26","3","2024-02-22T08:13:05.000000","","web","return?"
"1951","61","36","1","2024-03-08T07:39:31.000000","0.22","app","  "
"1952","34","31","2","2024-01-10T19:27:45.000000","0.06","web"," OK "
"1953","170","16","3","2024-03-14T08:33:28.000000","","web","  "
"1954","75","14","2","2024-01-19T13:09:19.000000","0.15","app","gift "
"1955","63","5","4","2024-02-10T08:11:59.000000","0.15","web","urgent"
"1956","23","34","5","2024-02-09T13:02:33.000000","0.18","web","Gift"
"1957","111","40","3","2024-03-14T20:24:11.000000","0.13","web","VIP"
"1958","103","21","2","2024-01-25T21:59:20.000000","0.28","web","return?"
"1959","166","20","2","2024-01-22T16:01:35.000000","0.25","store","return?"
"1960","150","34","3","2024-01-31T13:35:48.000000","0.26","app","urgent"
"1961","145","14","4","2024-02-02T11:21:02.000000","0.19","web","gift "
"1962","108","17","1","2024-01-17T08:26:27.000000","0.19","app","gift "
"1963","173","36","3","2024-01-16T20:55:40.000000","","app","Gift"
"1964","197","16","3","2024-01-21T19:41:28.000000","0.13","app","gift "
"1965","163","38","2","2024-02-12T01:45:59.000000","0.1","app","Gift"
"1966","70","7","2","2024-01-31T21:38:54.000000","0.18","web"," OK "
"1967","56","20","5","2024-02-05T06:50:58.000000","0.01","web","Gift"
"1968","1","20","3","2024-03-05T17:09:39.000000","0.0","app","Gift"
"1969","199","13","3","2024-01-22T16:24:09.000000","0.26","app","Gift"
"1970","147","39","1","2024-03-22T21:22:02.000000","0.01","app","  "
"1971","188","20","2","2024-03-08T15:50:46.000000","","web","  "
"1972","158","36","2","2024-01-16T17:19:28.000000","0.18","app"," OK "
"1973","87","9","2","2024-01-29T05:54:32.000000","0.06","web","Gift"
"1974","30","14","5","2024-01-17T12:28:15.000000","0.27","app"," OK "
"1975","10","20","3","2024-01-25T13:15:26.000000","0.06","web","VIP"
"1976","159","23","5","2024-02-02T21:28:20.000000","0.27","app","return?"
"1977","61","10","3","2024-01-12T18:43:23.000000","0.23","store","gift "
"1978","76","13","4","2024-01-02T07:10:40.000000","","web","return?"
"1979","168","25","1","2024-02-09T11:51:17.000000","0.05","app","  "
"1980","97","12","5","2024-03-04T02:08:26.000000","0.09","app","return?"
"1981","191","31","4","2024-01-28T06:24:12.000000","0.12","web","return?"
"1982","110","20","1","2024-03-18T10:35:14.000000","0.07","web","  "
"1983","167","39","4","2024-02-03T05:37:45.000000","0.3","app","gift "
"1984","26","10","3","2024-03-22T01:43:18.000000","0.07","web","VIP"
"1985","80","34","1","2024-01-22T05:45:14.000000","0.25","web","urgent"
"1986","37","20","5","2024-02-18T12:57:38.000000","0.05","store","Gift"
"1987","12","4","3","2024-03-09T16:24:57.000000","0.29","app","gift "
"1988","199","29","4","2024-01-06T07:31:28.000000","","app","urgent"
"1989","104","9","3","2024-03-24T16:48:26.000000","","app","gift "
"1990","71","6","1","2024-02-02T20:18:41.000000","0.17","app","VIP"
"1991","76","22","2","2024-02-14T19:31:58.000000","0.04","app","VIP"
"1992","49","32","4","2024-02-26T13:25:42.000000","0.25","web","return?"
"1993","25","11","2","2024-02-27T20:52:35.000000","0.08","web","return?"
"1994","183","25","5","2024-01-03T03:07:26.000000","","app","Gift"
"1995","22","1","2","2024-03-19T01:05:31.000000","0.16","store","  "
"1996","77","8","3","2024-02-26T02:59:08.000000","0.18","web","Gift"
"1997","31","31","3","2024-03-30T21:28:19.000000","0.02","store","return?"
"1998","186","1","1","2024-02-12T10:28:03.000000","0.05","app","urgent"
"1999","42","15","5","2024-02-25T05:11:44.000000","0.05","web","urgent"
"2000","79","21","1","2024-02-09T16:41:44.000000","0.09","web","return?"
"2001","151","3","3","2024-03-21T01:55:25.000000","","web","urgent"
"2002","115","40","5","2024-03-15T21:57:24.000000","0.28","app","  "
"2003","77","21","5","2024-03-22T18:35:37.000000","0.15","web","Gift"
"2004","113","14","2","2024-02-15T09:14:47.000000","0.19","web","urgent"
"2005","88","40","2","2024-03-12T05:32:06.000000","0.11","web","  "
"2006","58","23","3","2024-02-02T06:59:48.000000","0.08","store","VIP"
"2007","120","28","4","2024-02-11T11:36:42.000000","","web","urgent"
"2008","74","4","2","2024-03-09T10:04:14.000000","0.09","web","return?"
"2009","193","7","3","2024-01-08T07:17:33.000000","0.1","web"," OK "
"2010","93","2","5","2024-03-04T22:39:30.000000","0.14","web"," OK "
"2011","152","21","4","2024-01-02T10:08:23.000000","0.15","web","return?"
"2012","47","34","5","2024-02-22T06:12:20.000000","0.3","app"," OK "
"2013","130","37","5","2024-02-12T22:45:12.000000","0.07","app","Gift"
"2014","112","23","5","2024-02-12T04:20:46.000000","0.15","web"," OK "
"2015","149","3","3","2024-02-14T11:43:09.000000","0.04","app","urgent"
"2016","93","26","5","2024-02-14T06:34:34.000000","0.1","web"," OK "
"2017","144","26","3","2024-02-06T15:54:09.000000","0.22","app","Gift"
"2018","12","24","4","2024-02-10T14:55:30.000000","0.05","web","Gift"
"2019","139","29","5","2024-02-21T03:14:29.000000","0.17","store","urgent"
"2020","151","23","1","2024-03-09T17:05:10.000000","","store","VIP"
"2021","100","29","5","2024-02-19T16:40:17.000000","0.02","app"," OK "
"2022","7","20","5","2024-02-27T19:50:57.000000","0.28","web","gift "
"2023","114","7","5","2024-03-16T07:05:03.000000","0.12","app","Gift"
"2024","157","4","4","2024-03-30T01:20:47.000000","0.24","app","  "
"2025","93","37","1","2024-01-10T18:41:57.000000","0.12","app","Gift"
"2026","19","18","2","2024-03-05T03:55:11.000000","0.28","web","gift "
"2027","79","13","1","2024-01-21T06:23:01.000000","0.09","web","VIP"
"2028","199","12","4","2024-01-18T17:02:48.000000","0.12","web","urgent"
"2029","55","3","3","2024-03-12T08:53:26.000000","","web","gift "
"2030","106","38","3","2024-01-07T04:22:23.000000","","web","gift "
"2031","72","4","4","2024-03-17T07:19:39.000000","0.11","app","VIP"
"2032","143","9","5","2024-03-10T08:22:39.000000","0.3","web","gift "
"2033","86","19","1","2024-03-30T12:49:13.000000","0.17","web","VIP"
"2034","77","15","5","2024-03-01T02:45:24.000000","","web","VIP"
"2035","116","2","2","2024-03-19T13:29:23.000000","0.19","store","VIP"
"2036","115","14","4","2024-01-11T16:02:06.000000","","app","  "
"2037","100","32","3","2024-03-21T02:10:54.000000","0.26","app","return?"
"2038","52","11","3","2024-01-15T10:18:14.000000","0.17","app"," OK "
"2039","22","35","2","2024-01-29T06:59:29.000000","0.09","app","gift "
"2040","139","15","1","2024-01-12T12:53:50.000000","0.01","web","VIP"
"2041","68","1","4","2024-02-06T03:35:20.000000","0.18","app"," OK "
"2042","123","5","2","2024-03-08T09:50:14.000000","0.25","web","VIP"
"2043","76","33","2","2024-01-25T03:03:49.000000","0.14","app"," OK "
"2044","171","17","1","2024-03-14T23:56:30.000000","0.05","web","VIP"
"2045","142","40","5","2024-02-24T13:36:24.000000","0.09","store","urgent"
"2046","81","32","2","2024-02-26T14:28:49.000000","0.15","app","  "
"2047","67","2","2","2024-03-25T11:49:10.000000","0.25","web","VIP"
"2048","150","13","2","2024-02-08T20:47:12.000000","0.05","app","VIP"
"2049","2","29","3","2024-02-01T00:25:27.000000","0.18","web","  "
"2050","12","3","3","2024-03-30T12:14:15.000000","0.23","web","return?"
"2051","17","40","3","2024-02-20T03:07:25.000000","0.28","store"," OK "
"2052","70","7","2","2024-02-25T07:32:40.000000","","app","urgent"
"2053","100","32","2","2024-01-27T16:00:25.000000","0.28","app"," OK "
"2054","59","34","5","2024-01-20T09:20:36.000000","0.18","web","VIP"
"2055","38","21","3","2024-01-16T06:46:04.000000","0.23","web","return?"
"2056","63","33","5","2024-01-21T02:53:14.000000","0.02","web","return?"
"2057","99","36","5","2024-01-18T13:36:02.000000","0.15","app","gift "
"2058","60","30","4","2024-03-08T04:54:58.000000","","app"," OK "
"2059","115","29","3","2024-01-06T05:09:42.000000","0.09","web","urgent"
"2060","77","16","5","2024-02-26T15:28:13.000000","","web","  "
"2061","187","12","1","2024-03-26T10:28:26.000000","","web","return?"
"2062","199","35","3","2024-03-09T21:35:37.000000","0.17","web","return?"
"2063","132","9","4","2024-02-06T06:13:11.000000","0.01","web","VIP"
"2064","111","17","1","2024-01-06T08:18:34.000000","","web","return?"
"2065","7","21","1","2024-03-16T01:42:04.000000","0.06","web","gift "
"2066","125","16","1","2024-01-01T06:48:04.000000","","web","urgent"
"2067","77","15","3","2024-03-02T07:40:17.000000","0.29","web","gift "
"2068","58","24","3","2024-03-01T09:14:59.000000","0.09","app"," OK "
"2069","159","14","3","2024-01-18T06:32:58.000000","","app","  "
"2070","9","40","1","2024-03-07T14:07:11.000000","0.07","web","Gift"
"2071","53","8","3","2024-01-16T18:59:54.000000","0.14","web","Gift"
"2072","155","16","5","2024-01-21T07:23:58.000000","0.26","app"," OK "
"2073","185","34","1","2024-03-14T01:53:40.000000","0.15","web","return?"
"2074","103","20","4","2024-03-29T02:55:07.000000","0.02","web","Gift"
"2075","106","29","2","2024-01-24T19:46:38.000000","0.01","web","VIP"
"2076","194","26","1","2024-03-23T22:05:25.000000","0.07","web","gift "
"2077","19","14","1","2024-03-23T04:41:45.000000","","app","  "
"2078","97","30","1","2024-03-10T05:55:13.000000","","app","gift "
"2079","49","10","3","2024-01-13T14:31:10.000000","0.17","web","  "
"2080","96","30","3","2024-01-27T22:44:47.000000","0.1","web","urgent"
"2081","182","6","4","2024-03-01T23:51:02.000000","","store","return?"
"2082","120","28","1","2024-03-30T22:18:51.000000","0.1","app","Gift"
"2083","199","5","4","2024-03-14T07:15:48.000000","0.25","store"," OK "
"2084","102","35","4","2024-02-07T19:46:50.000000","","app","return?"
"2085","173","26","1","2024-01-22T04:09:13.000000","","web"," OK "
"2086","34","2","4","2024-03-27T10:19:38.000000","0.27","web","gift "
"2087","65","5","1","2024-01-25T20:36:28.000000","0.08","web","VIP"
"2088","55","8","3","2024-01-31T19:11:35.000000","0.2","app","Gift"
"2089","154","39","4","2024-03-27T19:21:38.000000","0.03","web","urgent"
"2090","103","24","5","2024-02-20T13:11:45.000000","","app","urgent"
"2091","45","12","3","2024-01-24T19:31:50.000000","0.07","app","  "
"2092","35","12","3","2024-01-01T11:32:46.000000","0.02","app","  "
"2093","77","2","5","2024-02-08T16:42:26.000000","0.0","app","gift "
"2094","31","9","2","2024-03-29T17:45:47.000000","0.1","web","gift "
"2095","140","35","2","2024-02-08T22:14:01.000000","0.18","web","Gift"
"2096","170","24","3","2024-03-03T22:58:58.000000","0.14","app","return?"
"2097","194","15","1","2024-01-23T18:33:18.000000","0.09","app","urgent"
"2098","48","1","1","2024-03-10T19:19:25.000000","","app","VIP"
"2099","88","14","2","2024-03-10T19:42:31.000000","0.28","app","VIP"
"2100","101","16","1","2024-02-24T17:55:47.000000","0.04","app"," OK "
"2101","100","5","4","2024-03-10T11:11:40.000000","0.12","web","urgent"
"2102","91","25","3","2024-02-22T02:15:24.000000","","web","gift "
"2103","45","27","3","2024-02-04T01:10:00.000000","0.22","store","urgent"
"2104","23","40","3","2024-03-07T09:49:14.000000","0.11","app","VIP"
"2105","81","15","1","2024-03-16T03:52:18.000000","0.22","app","gift "
"2106","19","12","3","2024-03-16T16:41:29.000000","0.04","web","VIP"
"2107","13","33","1","2024-01-20T04:14:30.000000","","app"," OK "
"2108","105","15","2","2024-03-01T21:26:24.000000","0.21","web"," OK "
"2109","172","26","4","2024-01-01T09:18:01.000000","0.19","web","  "
"2110","109","30","5","2024-02-21T11:31:06.000000","0.25","web","VIP"
"2111","5","36","2","2024-02-21T09:43:17.000000","0.01","app","return?"
"2112","169","13","2","2024-02-02T17:09:00.000000","0.05","web","VIP"
"2113","137","25","4","2024-03-30T11:12:28.000000","0.01","web","VIP"
"2114","61","6","5","2024-03-20T11:11:44.000000","","web"," OK "
"2115","55","32","2","2024-01-04T11:28:18.000000","0.0","web","  "
"2116","180","2","5","2024-01-19T19:05:05.000000","0.15","app","  "
"2117","96","28","2","2024-01-19T17:16:33.000000","0.16","app","Gift"
"2118","29","9","4","2024-03-21T18:43:37.000000","0.2","app","return?"
"2119","57","19","2","2024-02-16T16:51:20.000000","0.12","web","return?"
"2120","53","4","2","2024-03-06T14:22:09.000000","0.0","web","VIP"
"2121","81","28","5","2024-03-13T21:28:19.000000","","web","return?"
"2122","70","20","2","2024-03-10T02:03:31.000000","","app","gift "
"2123","110","27","1","2024-01-09T00:19:50.000000","","store","VIP"
"2124","65","14","4","2024-01-13T15:07:24.000000","0.01","web"," OK "
"2125","129","1","1","2024-02-05T13:42:24.000000","0.16","store","urgent"
"2126","99","24","1","2024-01-31T10:53:48.000000","0.27","web","  "
"2127","189","28","5","2024-03-08T05:41:01.000000","0.17","app"," OK "
"2128","166","27","2","2024-01-15T01:28:07.000000","0.18","app","VIP"
"2129","67","11","1","2024-02-03T10:31:59.000000","","app","urgent"
"2130","9","29","5","2024-01-22T07:00:02.000000","0.04","app","Gift"
"2131","117","22","2","2024-01-17T23:53:12.000000","0.2","web","urgent"
"2132","68","9","4","2024-01-16T13:15:22.000000","","app","gift "
"2133","181","5","2","2024-01-18T14:16:15.000000","0.29","web"," OK "
"2134","82","14","3","2024-02-20T19:02:46.000000","","app","VIP"
"2135","59","1","4","2024-02-06T21:42:19.000000","0.1","web","return?"
"2136","68","29","4","2024-02-09T04:13:20.000000","0.23","web","VIP"
"2137","174","1","3","2024-02-13T03:32:27.000000","0.16","store","urgent"
"2138","23","2","4","2024-03-07T16:41:22.000000","0.08","web","Gift"
"2139","192","7","5","2024-03-18T13:31:08.000000","0.05","web","urgent"
"2140","47","14","5","2024-02-17T09:06:03.000000","0.05","web","  "
"2141","170","1","4","2024-02-27T19:15:54.000000","0.14","app","return?"
"2142","109","26","2","2024-03-07T11:17:10.000000","0.05","app","return?"
"2143","114","6","3","2024-03-03T03:16:05.000000","0.01","store","return?"
"2144","41","33","5","2024-01-13T02:00:27.000000","0.02","app","  "
"2145","145","23","2","2024-03-29T11:15:08.000000","0.28","web","urgent"
"2146","130","4","4","2024-01-15T19:59:28.000000","0.02","web","Gift"
"2147","97","17","4","2024-02-07T01:34:54.000000","0.02","web","Gift"
"2148","92","6","3","2024-02-28T17:37:16.000000","","app"," OK "
"2149","120","40","5","2024-02-06T07:14:43.000000","0.07","store","VIP"
"2150","95","24","3","2024-01-22T21:09:47.000000","","web","  "
"2151","195","33","5","2024-03-24T02:25:46.000000","0.27","web","return?"
"2152","9","15","4","2024-01-07T10:30:15.000000","0.12","app","VIP"
"2153","51","6","1","2024-01-23T03:05:28.000000","0.13","app","  "
"2154","171","10","5","2024-03-30T08:52:27.000000","0.11","app"," OK "
"2155","159","17","4","2024-03-06T16:24:03.000000","","web","gift "
"2156","70","31","2","2024-01-08T19:52:08.000000","","web","gift "
"2157","102","18","4","2024-03-08T21:52:40.000000","0.04","web","  "
"2158","6","38","3","2024-03-28T06:08:29.000000","0.03","web","gift "
"2159","36","15","5","2024-01-09T19:13:19.000000","0.17","app","VIP"
"2160","189","10","2","2024-02-07T06:21:07.000000","0.03","web"," OK "
"2161","129","20","2","2024-02-12T03:22:47.000000","0.03","web"," OK "
"2162","8","5","1","2024-01-12T18:59:14.000000","0.14","store","return?"
"2163","159","27","4","2024-01-19T01:12:53.000000","0.13","app","gift "
"2164","81","5","5","2024-01-16T15:18:35.000000","0.04","web","VIP"
"2165","114","26","4","2024-01-17T16:24:38.000000","","store","return?"
"2166","172","16","2","2024-02-06T07:37:20.000000","","web"," OK "
"2167","168","15","5","2024-02-11T17:52:07.000000","0.07","app","  "
"2168","28","25","2","2024-01-22T10:02:48.000000","0.24","web","urgent"
"2169","74","29","4","2024-01-27T01:10:05.000000","0.27","store","urgent"
"2170","55","38","3","2024-01-18T07:13:53.000000","0.12","web","urgent"
"2171","183","12","5","2024-03-12T15:29:26.000000","0.12","web","VIP"
"2172","157","33","5","2024-01-20T01:23:20.000000","0.21","store"," OK "
"2173","130","34","2","2024-03-22T16:25:35.000000","0.19","app","  "
"2174","12","40","1","2024-02-18T11:55:40.000000","0.06","web","Gift"
"2175","161","39","1","2024-03-13T05:52:35.000000","0.03","web","urgent"
"2176","113","32","4","2024-02-27T06:36:43.000000","0.13","web","urgent"
"2177","55","12","2","2024-01-24T22:37:36.000000","0.17","web","Gift"
"2178","89","28","1","2024-02-24T02:56:32.000000","0.04","app","Gift"
"2179","90","32","5","2024-01-25T16:07:49.000000","","web","Gift"
"2180","60","12","4","2024-01-11T16:05:26.000000","0.09","store","gift "
"2181","182","33","1","2024-01-23T22:12:47.000000","0.08","app","return?"
"2182","184","29","4","2024-01-25T19:23:00.000000","0.14","store","gift "
"2183","11","20","4","2024-01-13T03:40:56.000000","0.2","app","urgent"
"2184","188","35","5","2024-01-03T02:59:46.000000","","web","  "
"2185","81","4","5","2024-03-25T22:36:16.000000","0.06","app","VIP"
"2186","160","28","5","2024-02-16T04:59:29.000000","","web","  "
"2187","157","32","5","2024-02-06T04:25:23.000000","0.25","web","gift "
"2188","120","2","4","2024-03-24T16:41:49.000000","0.14","app","  "
"2189","149","17","4","2024-01-21T05:19:45.000000","0.02","app","return?"
"2190","137","21","3","2024-02-06T06:12:02.000000","0.08","web"," OK "
"2191","171","9","4","2024-03-17T04:48:34.000000","0.24","web","return?"
"2192","85","36","5","2024-02-26T21:11:20.000000","0.23","web","return?"
"2193","148","26","1","2024-02-05T22:15:42.000000","0.26","app","return?"
"2194","196","12","1","2024-01-24T00:35:16.000000","0.18","web","gift "
"2195","190","18","3","2024-01-04T03:51:08.000000","0.13","store","VIP"
"2196","30","5","2","2024-01-08T15:42:48.000000","0.13","app"," OK "
"2197","100","4","3","2024-01-15T13:47:37.000000","0.06","web","Gift"
"2198","103","30","2","2024-03-11T19:05:52.000000","0.2","app","return?"
"2199","125","40","4","2024-02-27T12:46:50.000000","0.18","store","urgent"
"2200","130","12","5","2024-02-09T00:17:26.000000","","app","VIP"
"2201","170","10","2","2024-03-11T11:04:31.000000","0.27","web","Gift"
"2202","107","28","4","2024-01-15T11:17:14.000000","0.11","web","  "
"2203","141","21","1","2024-01-19T23:37:05.000000","0.01","app","  "
"2204","180","6","4","2024-02-05T08:17:42.000000","0.1","app","return?"
"2205","21","27","4","2024-03-23T13:34:28.000000","0.26","store","Gift"
"2206","129","9","4","2024-02-25T06:44:29.000000","0.28","web","VIP"
"2207","74","5","3","2024-03-17T14:09:13.000000","0.15","app","gift "
"2208","182","19","1","2024-01-23T08:01:47.000000","0.29","web","Gift"
"2209","111","30","5","2024-03-17T08:30:08.000000","0.26","web"," OK "
"2210","121","21","1","2024-01-07T12:33:22.000000","0.25","web"," OK "
"2211","151","26","3","2024-01-21T11:44:53.000000","0.26","web","VIP"
"2212","49","10","1","2024-02-17T01:44:05.000000","0.11","app"," OK "
"2213","109","20","5","2024-01-05T13:09:27.000000","","web"," OK "
"2214","155","29","3","2024-03-18T05:50:44.000000","0.17","app","urgent"
"2215","156","22","3","2024-03-19T01:38:05.000000","0.22","app","Gift"
"2216","46","10","2","2024-02-18T17:34:05.000000","","web","urgent"
"2217","168","39","4","2024-01-28T12:31:42.000000","0.22","app","  "
"2218","33","3","2","2024-01-09T21:45:43.000000","0.29","web","VIP"
"2219","54","37","4","2024-02-25T16:51:33.000000","0.09","web","gift "
"2220","172","29","5","2024-02-18T09:22:13.000000","0.3","store","  "
"2221","124","5","2","2024-03-09T09:31:42.000000","0.11","web","return?"
"2222","109","11","4","2024-02-24T05:28:30.000000","0.06","web","return?"
"2223","112","15","2","2024-01-12T13:06:48.000000","0.03","app","  "
"2224","194","39","5","2024-01-11T23:00:43.000000","0.24","web"," OK "
"2225","46","21","5","2024-03-11T06:36:39.000000","0.17","web","VIP"
"2226","60","11","2","2024-01-15T07:29:30.000000","0.09","app","VIP"
"2227","98","37","2","2024-03-25T11:11:05.000000","","app","Gift"
"2228","170","5","1","2024-01-10T12:50:46.000000","0.1","app","urgent"
"2229","110","33","4","2024-03-06T13:17:23.000000","0.13","store"," OK "
"2230","146","34","5","2024-03-28T18:29:56.000000","0.26","web","urgent"
"2231","164","16","1","2024-02-09T17:02:28.000000","0.2","web","VIP"
"2232","179","2","5","2024-01-06T02:30:09.000000","","web","return?"
"2233","93","36","4","2024-03-19T21:37:29.000000","0.18","web","urgent"
"2234","92","39","3","2024-01-17T20:34:58.000000","0.3","store","Gift"
"2235","17","16","2","2024-02-17T11:18:30.000000","0.07","app","VIP"
"2236","17","8","4","2024-03-29T14:35:51.000000","0.08","web"," OK "
"2237","98","11","3","2024-03-08T00:42:18.000000","0.03","web","return?"
"2238","150","6","5","2024-01-05T04:02:38.000000","0.17","web"," OK "
"2239","168","25","3","2024-03-14T20:17:34.000000","0.18","app","urgent"
"2240","82","21","1","2024-01-15T12:16:56.000000","0.22","web"," OK "
"2241","115","15","2","2024-03-08T10:36:07.000000","0.1","store","VIP"
"2242","163","27","2","2024-02-25T21:15:48.000000","0.0","web","Gift"
"2243","64","25","3","2024-01-26T21:45:59.000000","0.19","web","gift "
"2244","32","1","2","2024-02-08T02:59:46.000000","0.3","store","gift "
"2245","185","17","5","2024-01-11T14:32:34.000000","","store","Gift"
"2246","110","35","2","2024-03-29T19:27:13.000000","0.06","web","VIP"
"2247","32","32","4","2024-01-22T10:48:40.000000","","web","gift "
"2248","51","35","2","2024-01-28T18:44:42.000000","","store","VIP"
"2249","66","39","5","2024-02-15T06:12:35.000000","0.08","app","  "
"2250","41","3","5","2024-03-01T12:20:30.000000","0.1","app","  "
"2251","88","11","4","2024-02-15T11:23:53.000000","0.19","app","return?"
"2252","163","19","4","2024-02-15T11:06:02.000000","0.1","store","gift "
"2253","148","21","4","2024-02-22T10:30:42.000000","0.12","app","Gift"
"2254","184","32","3","2024-03-18T04:37:27.000000","0.01","web","VIP"
"2255","168","29","3","2024-02-05T13:25:11.000000","0.28","web","  "
"2256","63","29","1","2024-03-15T21:24:06.000000","0.12","app","gift "
"2257","12","7","5","2024-03-11T19:41:07.000000","0.1","web","Gift"
"2258","31","28","5","2024-03-27T11:46:25.000000","0.03","web","return?"
"2259","159","32","3","2024-03-23T04:24:43.000000","0.19","app","urgent"
"2260","69","31","5","2024-03-12T20:04:08.000000","0.26","web"," OK "
"2261","145","24","3","2024-01-23T04:55:34.000000","0.01","store","  "
"2262","92","4","1","2024-03-10T16:28:57.000000","0.04","web"," OK "
"2263","179","6","5","2024-03-07T06:53:24.000000","","app","VIP"
"2264","102","30","3","2024-01-27T01:19:23.000000","0.18","app","VIP"
"2265","181","35","5","2024-03-02T00:25:09.000000","0.28","web","VIP"
"2266","51","34","2","2024-01-23T18:24:49.000000","0.13","web","urgent"
"2267","156","18","3","2024-02-17T01:52:31.000000","0.1","web","return?"
"2268","105","24","4","2024-03-12T16:58:45.000000","0.23","app"," OK "
"2269","39","8","1","2024-01-17T23:13:31.000000","0.22","app"," OK "
"2270","47","24","5","2024-01-31T07:49:05.000000","0.07","web","Gift"
"2271","63","8","4","2024-03-12T13:42:06.000000","","web","gift "
"2272","31","32","1","2024-02-10T20:11:23.000000","0.11","store","  "
"2273","188","32","4","2024-03-27T10:57:09.000000","0.23","web","Gift"
"2274","43","3","5","2024-01-01T17:11:40.000000","0.21","store","return?"
"2275","120","38","2","2024-03-05T23:09:59.000000","0.2","web","VIP"
"2276","115","32","4","2024-03-14T06:40:05.000000","0.25","web","urgent"
"2277","108","16","4","2024-03-23T14:34:39.000000","0.08","app"," OK "
"2278","126","19","1","2024-01-15T02:35:21.000000","0.1","web","  "
"2279","184","4","3","2024-03-29T13:50:24.000000","0.01","store","urgent"
"2280","194","38","3","2024-02-05T07:19:14.000000","","app","urgent"
"2281","175","5","2","2024-02-01T16:25:46.000000","0.17","app","VIP"
"2282","92","37","2","2024-02-01T23:58:16.000000","0.09","app","urgent"
"2283","146","27","4","2024-02-27T10:33:46.000000","0.02","app","Gift"
"2284","38","37","4","2024-02-29T08:04:25.000000","0.22","app","return?"
"2285","177","15","2","2024-02-12T15:41:40.000000","0.22","app","  "
"2286","40","36","1","2024-01-07T09:26:17.000000","0.2","app","  "
"2287","23","18","4","2024-03-29T19:07:05.000000","0.06","app","return?"
"2288","166","15","1","2024-01-20T23:44:29.000000","0.27","web","VIP"
"2289","152","14","1","2024-01-09T10:37:29.000000","0.23","web","gift "
"2290","28","39","2","2024-02-23T18:20:46.000000","0.2","web","  "
"2291","194","19","5","2024-02-07T02:43:47.000000","0.2","web","gift "
"2292","23","20","4","2024-02-25T09:37:30.000000","0.27","web","Gift"
"2293","10","26","2","2024-03-19T19:09:51.000000","0.28","web","return?"
"2294","192","23","3","2024-01-09T18:13:16.000000","0.18","web","  "
"2295","45","22","5","2024-01-26T13:33:02.000000","0.13","app","VIP"
"2296","47","16","4","2024-02-16T11:47:40.000000","0.11","app","Gift"
"2297","159","7","4","2024-03-11T21:37:57.000000","0.25","web","urgent"
"2298","122","40","1","2024-02-24T01:23:20.000000","0.19","store"," OK "
"2299","105","20","2","2024-02-04T10:48:41.000000","0.02","store","VIP"
"2300","198","39","1","2024-02-24T21:43:56.000000","0.04","store","gift "
"2301","18","19","5","2024-03-29T04:45:13.000000","0.27","web","gift "
"2302","186","24","2","2024-02-13T04:54:56.000000","","web"," OK "
"2303","54","22","3","2024-03-20T12:25:28.000000","0.29","web","VIP"
"2304","125","39","3","2024-03-11T04:42:19.000000","0.13","app","urgent"
"2305","65","5","3","2024-01-28T02:51:07.000000","0.24","app","  "
"2306","59","21","1","2024-01-23T10:55:36.000000","0.25","app","Gift"
"2307","65","7","5","2024-03-10T07:37:01.000000","0.09","app","urgent"
"2308","112","35","2","2024-01-19T16:09:22.000000","0.04","store","urgent"
"2309","176","22","5","2024-01-31T07:36:36.000000","","app","VIP"
"2310","23","37","4","2024-01-22T04:27:26.000000","","store"," OK "
"2311","133","12","4","2024-02-24T13:44:37.000000","0.18","app"," OK "
"2312","173","7","4","2024-01-27T11:20:30.000000","0.2","web","Gift"
"2313","147","26","5","2024-02-29T06:19:06.000000","0.2","app","return?"
"2314","197","6","2","2024-03-25T03:15:48.000000","0.08","web","  "
"2315","3","15","2","2024-03-15T15:55:33.000000","0.22","web","VIP"
"2316","73","13","4","2024-03-26T07:34:49.000000","0.06","store","urgent"
"2317","86","9","2","2024-01-03T04:48:49.000000","","web","return?"
"2318","108","6","5","2024-02-10T23:47:00.000000","0.07","web"," OK "
"2319","64","27","1","2024-01-20T19:32:27.000000","0.21","store"," OK "
"2320","51","31","5","2024-03-23T14:35:45.000000","","web","gift "
"2321","171","16","2","2024-03-05T01:44:32.000000","0.06","web","gift "
"2322","47","12","1","2024-01-29T19:40:38.000000","0.07","web","Gift"
"2323","191","7","4","2024-02-20T17:12:36.000000","0.23","app","urgent"
"2324","8","28","2","2024-02-24T11:44:00.000000","0.03","web","Gift"
"2325","85","33","2","2024-02-14T14:30:25.000000","0.06","web","Gift"
"2326","122","22","3","2024-02-12T16:36:02.000000","","app","  "
"2327","195","18","3","2024-01-05T23:15:12.000000","0.28","web","Gift"
"2328","153","26","1","2024-02-10T17:19:03.000000","0.17","app","urgent"
"2329","3","37","1","2024-02-01T08:16:33.000000","0.12","web","  "
"2330","150","40","3","2024-03-14T15:25:14.000000","0.29","app","  "
"2331","66","8","2","2024-03-18T20:36:59.000000","0.14","app","gift "
"2332","172","20","3","2024-03-08T12:53:54.000000","0.13","web"," OK "
"2333","155","36","4","2024-01-03T18:43:42.000000","0.12","web","return?"
"2334","39","26","4","2024-03-16T17:03:01.000000","","web","gift "
"2335","73","33","1","2024-02-05T16:18:08.000000","0.1","web","urgent"
"2336","165","40","5","2024-02-07T11:21:24.000000","0.21","web","VIP"
"2337","185","5","4","2024-03-26T01:31:13.000000","0.01","web","Gift"
"2338","121","25","1","2024-03-19T01:21:30.000000","0.2","web","urgent"
"2339","44","22","4","2024-01-05T13:54:08.000000","0.06","web","  "
"2340","78","12","5","2024-02-02T09:14:20.000000","0.12","web"," OK "
"2341","160","27","3","2024-03-08T11:21:51.000000","0.04","app","urgent"
"2342","120","5","5","2024-02-18T11:54:34.000000","0.17","web","  "
"2343","41","20","5","2024-01-24T04:26:35.000000","0.22","app","VIP"
"2344","58","17","5","2024-02-17T05:31:02.000000","0.11","app","return?"
"2345","40","16","5","2024-03-18T23:52:30.000000","0.05","web","  "
"2346","94","25","1","2024-01-21T02:18:17.000000","0.07","web","urgent"
"2347","90","38","1","2024-03-08T03:30:24.000000","0.25","web","  "
"2348","109","38","4","2024-03-07T03:05:00.000000","0.08","app","VIP"
"2349","189","29","4","2024-03-20T17:07:23.000000","","web","  "
"2350","131","14","3","2024-01-27T19:33:13.000000","","web","VIP"
"2351","118","39","2","2024-01-20T10:23:51.000000","0.06","store","VIP"
"2352","74","40","5","2024-02-19T06:56:02.000000","0.22","app","gift "
"2353","128","34","3","2024-02-17T19:35:32.000000","0.14","web","return?"
"2354","192","35","4","2024-02-06T20:35:43.000000","0.01","store","  "
"2355","2","33","4","2024-03-11T03:13:23.000000","","web"," OK "
"2356","70","31","5","2024-03-12T21:56:41.000000","","web","urgent"
"2357","12","30","4","2024-01-23T02:42:41.000000","0.11","web","gift "
"2358","41","26","4","2024-03-12T14:20:38.000000","0.12","store","gift "
"2359","14","26","5","2024-01-21T18:24:43.000000","0.15","web","VIP"
"2360","119","16","1","2024-02-06T16:29:20.000000","0.24","app","  "
"2361","164","36","4","2024-01-03T10:42:48.000000","0.0","app"," OK "
"2362","189","26","3","2024-01-31T15:15:03.000000","0.28","app","gift "
"2363","48","25","4","2024-03-27T06:23:34.000000","0.19","web","gift "
"2364","140","30","2","2024-02-09T19:56:05.000000","","web","return?"
"2365","66","4","3","2024-03-04T21:38:11.000000","0.25","app","  "
"2366","64","37","2","2024-01-10T17:07:18.000000","0.28","web","urgent"
"2367","122","24","1","2024-02-27T04:48:37.000000","0.18","app","urgent"
"2368","136","38","3","2024-02-03T10:36:08.000000","","web","Gift"
"2369","117","5","1","2024-03-07T23:01:42.000000","0.13","app","Gift"
"2370","20","10","1","2024-03-24T12:31:17.000000","0.2","app"," OK "
"2371","83","38","3","2024-02-17T20:17:02.000000","0.13","app","VIP"
"2372","58","28","5","2024-01-10T06:06:28.000000","0.22","web"," OK "
"2373","1","26","4","2024-02-12T20:26:56.000000","0.03","web"," OK "
"2374","9","17","1","2024-01-12T01:54:54.000000","0.25","web"," OK "
"2375","90","23","1","2024-02-10T10:59:22.000000","0.06","web"," OK "
"2376","21","22","3","2024-01-06T12:04:39.000000","0.28","app","gift "
"2377","148","8","3","2024-02-27T15:20:55.000000","0.05","web","VIP"
"2378","12","23","1","2024-01-28T22:34:23.000000","0.04","web","return?"
"2379","48","21","2","2024-01-19T03:18:55.000000","0.24","web","VIP"
"2380","198","13","1","2024-01-02T13:22:32.000000","0.25","web","  "
"2381","142","14","3","2024-03-20T22:12:24.000000","0.22","app","  "
"2382","112","31","4","2024-03-16T08:20:34.000000","0.29","app","Gift"
"2383","4","28","2","2024-03-14T01:23:06.000000","","web","Gift"
"2384","9","19","3","2024-01-06T05:34:31.000000","0.25","web","return?"
"2385","182","25","2","2024-02-01T11:03:26.000000","","app"," OK "
"2386","160","10","5","2024-03-28T10:06:53.000000","","app","VIP"
"2387","191","20","1","2024-02-22T01:47:45.000000","0.13","app","VIP"
"2388","162","23","3","2024-01-12T13:33:01.000000","0.0","app"," OK "
"2389","1","11","2","2024-01-13T16:37:08.000000","0.17","app","urgent"
"2390","162","7","3","2024-01-24T16:19:15.000000","0.22","app","Gift"
"2391","92","22","3","2024-03-28T12:16:04.000000","0.05","store","return?"
"2392","139","38","4","2024-01-16T06:21:41.000000","0.28","app","gift "
"2393","83","19","5","2024-03-22T06:14:53.000000","0.16","app","VIP"
"2394","145","37","3","2024-03-02T00:30:32.000000","0.05","app","  "
"2395","169","35","2","2024-03-23T23:17:55.000000","0.19","web"," OK "
"2396","195","30","3","2024-03-15T08:11:15.000000","0.06","web","  "
"2397","109","36","3","2024-01-30T21:28:19.000000","0.02","store","  "
"2398","56","17","5","2024-03-15T12:15:14.000000","0.21","app","return?"
"2399","123","31","3","2024-01-16T05:19:51.000000","0.03","web","return?"
"2400","100","6","5","2024-01-27T04:29:36.000000","","web","  "
"2401","41","13","4","2024-01-20T01:25:40.000000","0.22","web","return?"
"2402","145","23","3","2024-01-12T23:38:38.000000","0.02","web"," OK "
"2403","16","2","2","2024-01-09T02:24:10.000000","0.24","app","  "
"2404","81","31","2","2024-01-17T20:46:56.000000","0.24","app","  "
"2405","139","38","1","2024-01-11T19:26:20.000000","0.04","web","urgent"
"2406","185","5","3","2024-02-04T05:43:05.000000","0.16","web","gift "
"2407","125","40","5","2024-01-07T10:01:04.000000","0.03","web","  "
"2408","196","4","1","2024-01-06T12:21:27.000000","0.19","web","Gift"
"2409","167","6","5","2024-03-30T02:01:04.000000","0.02","web","  "
"2410","48","31","5","2024-01-08T21:25:11.000000","0.28","app","VIP"
"2411","169","28","3","2024-01-07T15:57:52.000000","0.06","web","  "
"2412","68","38","2","2024-01-03T17:01:45.000000","0.2","store","Gift"
"2413","127","18","3","2024-01-12T22:17:27.000000","","app","urgent"
"2414","41","23","5","2024-02-17T12:18:19.000000","0.06","web","  "
"2415","108","6","1","2024-03-15T10:52:11.000000","0.14","web","return?"
"2416","136","28","3","2024-03-07T03:22:04.000000","0.17","web","gift "
"2417","183","40","1","2024-02-22T05:19:07.000000","0.3","web","gift "
"2418","189","24","4","2024-01-08T15:39:11.000000","0.01","store","return?"
"2419","161","38","1","2024-03-10T16:44:28.000000","","app","Gift"
"2420","112","16","2","2024-01-04T08:27:46.000000","0.11","app","VIP"
"2421","177","40","4","2024-02-26T18:46:11.000000","0.11","app","urgent"
"2422","22","22","4","2024-02-06T20:09:24.000000","0.27","store","urgent"
"2423","200","6","2","2024-03-20T09:29:53.000000","0.27","store","urgent"
"2424","41","15","3","2024-01-28T16:16:17.000000","","web"," OK "
"2425","81","20","1","2024-02-27T11:05:23.000000","","web","gift "
"2426","182","3","3","2024-02-09T14:23:21.000000","0.12","web","Gift"
"2427","144","36","1","2024-02-16T23:47:24.000000","0.22","web","urgent"
"2428","170","10","5","2024-03-25T11:48:12.000000","0.09","app","VIP"
"2429","138","28","1","2024-03-05T03:32:21.000000","0.2","web","gift "
"2430","121","37","4","2024-02-07T07:26:27.000000","0.07","app","urgent"
"2431","35","18","3","2024-02-10T06:22:06.000000","0.1","web","urgent"
"2432","200","25","2","2024-03-04T09:52:27.000000","0.26","app","VIP"
"2433","128","21","3","2024-02-01T03:29:52.000000","0.08","web","urgent"
"2434","134","31","1","2024-01-16T02:34:22.000000","0.29","web","Gift"
"2435","86","2","3","2024-02-12T02:07:45.000000","0.09","app"," OK "
"2436","191","15","4","2024-01-07T03:21:58.000000","0.01","web","VIP"
"2437","91","25","3","2024-01-16T06:34:56.000000","0.08","app","Gift"
"2438","39","4","2","2024-02-07T20:43:48.000000","0.05","store","  "
"2439","37","35","3","2024-03-12T16:35:41.000000","","web","Gift"
"2440","140","26","5","2024-03-11T07:51:42.000000","0.03","web","VIP"
"2441","149","1","4","2024-01-24T11:07:12.000000","0.19","web","Gift"
"2442","42","1","1","2024-02-07T23:21:51.000000","0.26","web","return?"
"2443","140","7","2","2024-01-14T19:37:41.000000","0.11","store","VIP"
"2444","200","27","1","2024-03-08T23:19:38.000000","0.05","app","gift "
"2445","107","21","2","2024-01-23T04:07:15.000000","","web","gift "
"2446","195","20","4","2024-03-12T22:58:36.000000","","app","  "
"2447","32","23","5","2024-03-16T18:52:17.000000","0.18","store","  "
"2448","81","20","3","2024-03-03T00:25:25.000000","0.03","web","  "
"2449","112","14","4","2024-01-30T17:14:05.000000","0.16","web"," OK "
"2450","72","1","2","2024-03-26T18:17:01.000000","0.14","app","urgent"
"2451","21","2","3","2024-03-02T17:52:03.000000","0.1","app","gift "
"2452","92","28","5","2024-02-28T03:00:48.000000","0.03","web","gift "
"2453","68","30","2","2024-03-18T01:50:41.000000","0.29","web"," OK "
"2454","41","10","2","2024-03-20T07:58:24.000000","","web","urgent"
"2455","75","10","1","2024-01-07T23:55:42.000000","0.06","app","gift "
"2456","84","17","2","2024-03-20T08:08:33.000000","0.04","app","gift "
"2457","177","26","1","2024-03-09T20:27:09.000000","0.17","web","  "
"2458","99","24","5","2024-01-19T14:05:14.000000","0.13","app"," OK "
"2459","84","23","5","2024-01-28T16:33:26.000000","0.07","web","VIP"
"2460","78","2","3","2024-03-08T17:45:24.000000","","app","Gift"
"2461","120","18","3","2024-01-20T11:54:15.000000","0.2","app","gift "
"2462","56","31","2","2024-02-10T17:12:58.000000","0.08","web","return?"
"2463","175","24","1","2024-03-03T00:01:37.000000","0.27","web","Gift"
"2464","84","33","3","2024-02-28T13:03:26.000000","0.09","web","Gift"
"2465","86","28","1","2024-03-22T21:09:38.000000","0.06","app","urgent"
"2466","13","36","5","2024-01-11T00:55:11.000000","","app","  "
"2467","177","23","2","2024-01-27T13:14:29.000000","0.24","web","return?"
"2468","95","23","4","2024-03-29T15:20:21.000000","0.1","store","gift "
"2469","28","23","2","2024-02-21T04:40:51.000000","","app","urgent"
"2470","35","11","1","2024-01-23T09:12:25.000000","0.16","web","return?"
"2471","73","18","3","2024-01-27T02:02:30.000000","0.1","web"," OK "
"2472","157","7","1","2024-01-31T12:41:56.000000","0.25","app","Gift"
"2473","19","18","2","2024-02-19T21:15:24.000000","0.23","web"," OK "
"2474","25","6","2","2024-01-26T14:36:40.000000","0.09","store"," OK "
"2475","113","20","5","2024-02-25T23:13:19.000000","0.18","app","return?"
"2476","100","39","3","2024-02-10T01:46:39.000000","0.11","web"," OK "
"2477","192","19","4","2024-02-24T22:19:27.000000","0.0","web","return?"
"2478","151","30","3","2024-01-14T23:03:42.000000","0.29","web","gift "
"2479","132","18","5","2024-02-26T02:51:36.000000","0.16","web","Gift"
"2480","68","37","3","2024-03-24T05:26:30.000000","0.18","web","return?"
"2481","126","9","5","2024-01-13T03:46:20.000000","0.18","app"," OK "
"2482","117","34","5","2024-01-30T11:16:38.000000","0.17","app","  "
"2483","56","29","5","2024-03-03T10:02:50.000000","0.09","store","VIP"
"2484","75","36","4","2024-02-25T13:35:36.000000","0.29","web","Gift"
"2485","187","6","5","2024-03-01T17:27:38.000000","0.19","web","Gift"
"2486","108","36","4","2024-02-20T08:39:33.000000","0.2","app"," OK "
"2487","95","37","2","2024-03-02T10:23:25.000000","0.14","web"," OK "
"2488","160","12","1","2024-02-24T20:16:36.000000","0.09","web"," OK "
"2489","54","25","2","2024-01-07T15:59:32.000000","0.02","store","gift "
"2490","44","24","3","2024-03-08T14:46:20.000000","0.11","app","gift "
"2491","198","2","1","2024-02-10T05:10:18.000000","","store","Gift"
"2492","161","22","2","2024-01-05T15:08:01.000000","0.2","web","  "
"2493","85","27","4","2024-02-06T19:30:57.000000","0.26","app","Gift"
"2494","190","9","2","2024-02-09T03:59:17.000000","0.09","web","VIP"
"2495","75","15","4","2024-01-08T19:17:48.000000","","web","  "
"2496","136","24","5","2024-03-30T15:33:02.000000","0.2","web","return?"
"2497","7","38","1","2024-01-21T00:18:53.000000","0.04","app","VIP"
"2498","140","3","4","2024-01-30T18:13:15.000000","0.28","web"," OK "
"2499","36","38","5","2024-02-09T16:28:45.000000","0.11","app","gift "
"2500","49","33","1","2024-03-15T22:12:47.000000","0.03","store","  "
"2501","162","34","4","2024-03-07T20:40:39.000000","0.05","app"," OK "
"2502","42","2","3","2024-03-10T09:16:48.000000","0.28","web"," OK "
"2503","97","23","4","2024-01-22T08:03:14.000000","0.07","app"," OK "
"2504","185","15","1","2024-03-17T02:08:19.000000","0.2","web","urgent"
"2505","191","37","3","2024-03-15T16:15:35.000000","0.05","web","return?"
"2506","89","30","2","2024-02-11T17:56:07.000000","0.06","web","urgent"
"2507","17","26","1","2024-02-19T02:55:27.000000","0.26","app","urgent"
"2508","58","2","4","2024-01-04T08:13:20.000000","0.04","app","gift "
"2509","124","36","3","2024-03-09T10:30:39.000000","0.01","store","Gift"
"2510","68","20","5","2024-03-27T11:35:33.000000","0.15","web","return?"
"2511","144","7","1","2024-02-12T12:43:15.000000","0.26","web"," OK "
"2512","199","35","4","2024-02-18T15:28:58.000000","0.1","web","VIP"
"2513","125","37","4","2024-02-14T22:15:34.000000","0.04","store","urgent"
"2514","125","20","4","2024-01-08T10:30:46.000000","0.29","app","Gift"
"2515","106","27","2","2024-02-25T18:35:37.000000","0.2","store","gift "
"2516","38","25","4","2024-03-05T22:19:21.000000","0.26","web","return?"
"2517","116","13","2","2024-03-24T12:24:59.000000","","web","urgent"
"2518","187","30","4","2024-03-24T16:20:15.000000","0.21","app","Gift"
"2519","138","40","3","2024-02-14T06:18:54.000000","0.12","web","  "
"2520","151","38","3","2024-03-27T07:24:17.000000","0.1","web","  "
"2521","173","28","3","2024-02-17T13:54:01.000000","0.22","web","Gift"
"2522","78","15","1","2024-02-27T18:48:56.000000","0.22","web"," OK "
"2523","68","37","2","2024-02-24T04:18:48.000000","0.29","web","VIP"
"2524","194","38","2","2024-03-30T21:09:11.000000","0.17","store","return?"
"2525","92","1","5","2024-03-07T09:01:57.000000","0.09","app","  "
"2526","147","14","3","2024-01-11T19:12:36.000000","","app","return?"
"2527","128","23","1","2024-01-07T11:11:48.000000","0.18","web","urgent"
"2528","25","24","1","2024-02-06T21:20:32.000000","","app","return?"
"2529","63","29","5","2024-02-16T09:53:05.000000","0.24","web","VIP"
"2530","66","21","1","2024-03-01T04:13:36.000000","0.18","web","return?"
"2531","36","1","1","2024-02-13T08:14:16.000000","0.0","web","return?"
"2532","156","7","2","2024-02-16T07:37:26.000000","0.17","web","Gift"
"2533","194","31","2","2024-03-23T22:50:22.000000","0.19","store"," OK "
"2534","194","28","1","2024-01-31T03:20:16.000000","0.27","app","VIP"
"2535","39","27","5","2024-02-14T09:58:27.000000","0.12","web","  "
"2536","90","18","1","2024-02-20T03:57:07.000000","","app","  "
"2537","47","11","4","2024-02-12T03:34:20.000000","0.14","web","  "
"2538","13","13","5","2024-03-28T03:08:23.000000","0.16","web"," OK "
"2539","124","28","4","2024-03-27T14:21:07.000000","0.02","app","  "
"2540","172","21","1","2024-02-16T04:20:28.000000","0.27","app","gift "
"2541","16","6","4","2024-02-10T13:14:42.000000","0.27","app"," OK "
"2542","129","16","2","2024-02-23T00:10:21.000000","0.16","web","VIP"
"2543","7","33","3","2024-01-17T06:42:37.000000","","app"," OK "
"2544","169","24","2","2024-02-08T08:07:07.000000","0.02","web","urgent"
"2545","13","35","4","2024-01-20T12:32:19.000000","0.18","web","Gift"
"2546","88","21","3","2024-01-13T23:08:54.000000","0.13","web","VIP"
"2547","25","20","1","2024-01-09T13:36:18.000000","0.21","web"," OK "
"2548","83","38","3","2024-02-22T20:03:56.000000","0.01","web","Gift"
"2549","86","21","4","2024-01-01T01:13:37.000000","0.21","web","Gift"
"2550","108","6","5","2024-02-28T03:43:59.000000","0.09","app","Gift"
"2551","166","17","5","2024-02-08T21:00:09.000000","","web","return?"
"2552","200","26","1","2024-02-02T23:36:09.000000","0.19","web","Gift"
"2553","69","14","5","2024-03-10T05:33:50.000000","0.07","store","Gift"
"2554","185","17","3","2024-02-18T11:41:58.000000","0.13","store","Gift"
"2555","86","35","4","2024-03-07T00:17:15.000000","0.25","web","Gift"
"2556","24","18","2","2024-03-04T20:27:52.000000","0.18","web","return?"
"2557","121","13","4","2024-01-03T21:26:31.000000","0.02","web","urgent"
"2558","145","5","2","2024-01-20T09:27:48.000000","0.13","store"," OK "
"2559","61","17","3","2024-02-21T07:09:47.000000","0.09","web","Gift"
"2560","118","31","2","2024-03-28T19:10:46.000000","0.19","web"," OK "
"2561","87","12","2","2024-01-14T21:15:05.000000","0.18","app","VIP"
"2562","30","19","3","2024-01-10T12:00:19.000000","0.0","app","return?"
"2563","78","27","5","2024-03-25T16:43:29.000000","0.18","web","VIP"
"2564","86","38","4","2024-03-28T00:17:32.000000","0.22","web","VIP"
"2565","69","33","4","2024-01-16T01:30:30.000000","","web","Gift"
"2566","184","12","2","2024-02-06T03:41:20.000000","0.02","web","  "
"2567","78","7","3","2024-02-26T09:32:26.000000","0.09","web","Gift"
"2568","126","27","3","2024-01-18T13:41:31.000000","0.13","app","VIP"
"2569","3","11","4","2024-01-30T08:40:29.000000","0.05","app","urgent"
"2570","63","16","1","2024-02-05T13:49:24.000000","0.13","app"," OK "
"2571","178","5","1","2024-02-27T17:46:20.000000","0.02","app","return?"
"2572","179","31","3","2024-01-28T17:25:08.000000","0.03","app","Gift"
"2573","196","7","5","2024-02-07T02:28:42.000000","","web","Gift"
"2574","12","16","4","2024-01-27T01:29:58.000000","0.08","app","  "
"2575","173","17","5","2024-03-09T08:49:44.000000","0.21","web","Gift"
"2576","54","2","2","2024-01-14T18:33:19.000000","0.01","web","VIP"
"2577","2","32","2","2024-01-21T18:16:00.000000","0.17","web","gift "
"2578","19","25","4","2024-01-23T11:58:38.000000","0.12","app","VIP"
"2579","151","22","1","2024-03-22T12:30:37.000000","0.24","app"," OK "
"2580","119","8","5","2024-03-26T00:04:07.000000","0.24","web","VIP"
"2581","115","3","4","2024-02-15T00:27:10.000000","0.11","web","Gift"
"2582","177","3","3","2024-01-15T01:49:28.000000","0.19","app","Gift"
"2583","19","26","1","2024-03-09T01:09:40.000000","0.07","web","return?"
"2584","17","30","2","2024-02-14T06:54:57.000000","0.17","web","gift "
"2585","187","32","5","2024-03-17T11:25:01.000000","0.02","app"," OK "
"2586","122","33","1","2024-02-02T09:35:17.000000","0.13","app","gift "
"2587","156","16","1","2024-03-30T21:28:11.000000","0.05","web","urgent"
"2588","105","1","2","2024-03-13T15:07:38.000000","0.27","web","gift "
"2589","30","10","2","2024-01-21T03:43:21.000000","0.13","store","urgent"
"2590","105","32","4","2024-03-06T07:10:43.000000","0.18","web","  "
"2591","193","31","1","2024-01-26T19:41:15.000000","","store","urgent"
"2592","24","21","4","2024-02-01T11:33:02.000000","0.09","app","gift "
"2593","26","1","4","2024-01-23T12:56:07.000000","0.06","store","return?"
"2594","70","32","2","2024-03-02T09:35:40.000000","0.27","web","  "
"2595","91","33","3","2024-01-24T15:48:07.000000","0.24","web","  "
"2596","126","10","4","2024-02-27T11:48:22.000000","0.04","web","VIP"
"2597","32","33","5","2024-02-22T10:04:50.000000","0.22","web","return?"
"2598","187","26","4","2024-03-08T13:43:32.000000","","web","return?"
"2599","31","36","5","2024-03-30T10:00:31.000000","0.0","web","return?"
"2600","41","26","1","2024-01-01T19:03:06.000000","0.16","web","Gift"
"2601","194","4","4","2024-03-30T03:00:02.000000","0.04","app","  "
"2602","76","26","4","2024-01-10T20:12:12.000000","0.06","web","VIP"
"2603","115","5","2","2024-02-17T09:49:48.000000","0.21","web","gift "
"2604","87","11","2","2024-01-31T16:19:19.000000","0.08","web"," OK "
"2605","52","35","1","2024-02-27T12:17:55.000000","","app","gift "
"2606","102","39","5","2024-03-05T22:57:04.000000","0.2","web","urgent"
"2607","156","20","5","2024-03-18T09:32:10.000000","","app","  "
"2608","3","12","1","2024-02-06T04:16:33.000000","0.18","web","return?"
"2609","176","16","2","2024-03-24T23:08:10.000000","0.26","app","  "
"2610","37","10","3","2024-01-30T00:27:36.000000","0.11","app","gift "
"2611","184","23","5","2024-01-19T08:20:20.000000","0.16","app","  "
"2612","193","17","5","2024-02-04T02:55:31.000000","0.15","app","gift "
"2613","187","3","5","2024-02-17T13:39:00.000000","0.27","store","gift "
"2614","131","25","5","2024-03-01T03:13:30.000000","0.05","web","urgent"
"2615","182","26","4","2024-03-15T22:55:40.000000","0.17","web","  "
"2616","172","27","2","2024-01-21T05:41:28.000000","","store","Gift"
"2617","128","38","4","2024-01-28T06:54:59.000000","0.11","app","urgent"
"2618","179","29","3","2024-03-25T11:32:49.000000","0.26","app","VIP"
"2619","69","28","5","2024-02-09T13:59:15.000000","0.11","web","gift "
"2620","167","9","3","2024-01-22T17:47:35.000000","0.05","web","gift "
"2621","186","19","4","2024-03-29T16:56:29.000000","0.18","store","gift "
"2622","128","18","1","2024-02-10T09:46:41.000000","0.13","app"," OK "
"2623","25","39","4","2024-03-29T15:42:03.000000","0.0","web","gift "
"2624","43","19","3","2024-03-23T17:43:20.000000","0.02","web","gift "
"2625","34","28","3","2024-03-22T13:11:26.000000","0.06","app","gift "
"2626","107","22","4","2024-02-22T08:46:16.000000","0.23","app"," OK "
"2627","87","3","3","2024-03-12T20:38:54.000000","0.27","store","VIP"
"2628","166","38","1","2024-03-27T10:47:58.000000","0.16","web","  "
"2629","57","27","2","2024-01-25T05:19:18.000000","0.03","web","VIP"
"2630","34","10","5","2024-01-04T09:32:09.000000","","web","gift "
"2631","124","3","5","2024-01-29T21:02:10.000000","0.26","web","Gift"
"2632","28","38","4","2024-02-27T07:42:02.000000","0.22","web","VIP"
"2633","182","13","4","2024-02-19T06:07:51.000000","","web","Gift"
"2634","17","1","2","2024-01-08T06:03:46.000000","0.04","web","gift "
"2635","99","25","4","2024-02-20T11:16:44.000000","0.27","web"," OK "
"2636","190","1","3","2024-01-16T16:42:03.000000","0.26","app","urgent"
"2637","111","9","1","2024-02-15T11:53:09.000000","0.02","web"," OK "
"2638","162","36","5","2024-02-21T19:30:46.000000","0.25","web","Gift"
"2639","85","2","5","2024-02-27T07:12:28.000000","0.03","app","urgent"
"2640","151","31","1","2024-02-07T03:07:06.000000","","web","Gift"
"2641","142","25","3","2024-02-06T17:58:39.000000","0.23","app","VIP"
"2642","103","13","4","2024-03-02T01:43:05.000000","0.16","app","  "
"2643","21","12","4","2024-03-08T10:12:58.000000","0.12","app","VIP"
"2644","195","19","1","2024-03-13T16:43:12.000000","0.27","web","VIP"
"2645","10","22","1","2024-01-31T00:28:04.000000","0.25","app","urgent"
"2646","72","36","5","2024-02-08T04:00:17.000000","0.02","store","  "
"2647","129","11","5","2024-01-30T18:15:44.000000","0.18","app","return?"
"2648","154","24","4","2024-02-17T11:29:41.000000","0.23","web","Gift"
"2649","107","28","4","2024-01-12T10:48:29.000000","0.17","app","Gift"
"2650","81","1","4","2024-02-08T16:59:50.000000","0.29","app","gift "
"2651","82","36","3","2024-01-17T23:37:06.000000","0.21","web","VIP"
"2652","196","40","4","2024-02-17T21:59:57.000000","0.03","web","urgent"
"2653","67","4","2","2024-03-17T13:07:30.000000","0.06","app","gift "
"2654","171","11","1","2024-03-29T16:27:15.000000","0.25","web","urgent"
"2655","11","32","2","2024-02-10T03:58:11.000000","0.3","store","  "
"2656","132","33","2","2024-01-06T01:40:21.000000","","store","urgent"
"2657","137","7","2","2024-01-21T12:11:39.000000","0.03","web","Gift"
"2658","136","37","3","2024-01-10T10:24:31.000000","0.23","web","Gift"
"2659","85","14","1","2024-03-09T08:10:36.000000","0.02","store"," OK "
"2660","139","12","3","2024-03-29T14:53:35.000000","","web","  "
"2661","90","15","3","2024-02-19T20:35:57.000000","0.27","app","urgent"
"2662","119","27","1","2024-01-16T21:59:32.000000","0.24","web","gift "
"2663","179","9","3","2024-01-02T21:41:49.000000","0.26","web","  "
"2664","135","22","4","2024-03-28T20:21:24.000000","0.2","web","VIP"
"2665","148","4","3","2024-01-29T11:20:26.000000","0.1","web","return?"
"2666","194","6","1","2024-01-11T01:56:36.000000","0.27","store"," OK "
"2667","44","31","4","2024-01-16T22:19:22.000000","0.09","web","  "
"2668","118","16","3","2024-01-23T23:21:01.000000","0.08","web","Gift"
"2669","132","32","3","2024-02-29T00:41:07.000000","","app","VIP"
"2670","140","30","1","2024-03-21T06:15:07.000000","0.2","store","Gift"
"2671","27","40","1","2024-01-25T18:04:01.000000","0.27","web"," OK "
"2672","153","6","1","2024-03-02T20:26:25.000000","0.05","app","VIP"
"2673","39","38","5","2024-01-06T20:17:06.000000","0.29","web","VIP"
"2674","82","36","2","2024-01-01T21:49:20.000000","0.18","app","Gift"
"2675","143","18","3","2024-01-05T22:39:34.000000","0.2","app","VIP"
"2676","53","6","4","2024-03-24T01:57:26.000000","0.27","store","Gift"
"2677","26","6","4","2024-02-22T08:31:51.000000","0.11","app","Gift"
"2678","136","21","1","2024-03-13T11:10:00.000000","0.22","store","Gift"
"2679","57","1","5","2024-01-02T22:55:21.000000","0.19","web","gift "
"2680","166","4","2","2024-01-03T00:01:25.000000","","app","return?"
"2681","180","22","4","2024-03-17T09:23:27.000000","0.27","app"," OK "
"2682","70","23","5","2024-01-10T05:38:21.000000","0.2","web","  "
"2683","148","35","3","2024-01-14T23:39:27.000000","0.02","store","urgent"
"2684","45","39","1","2024-02-16T16:55:16.000000","0.05","app"," OK "
"2685","186","11","3","2024-02-24T14:10:59.000000","0.29","store"," OK "
"2686","50","14","2","2024-01-21T14:23:30.000000","0.29","web","urgent"
"2687","177","8","5","2024-02-10T00:31:34.000000","0.29","app","VIP"
"2688","158","9","4","2024-03-01T17:43:19.000000","0.01","web","VIP"
"2689","63","18","5","2024-02-09T20:33:33.000000","0.11","store","VIP"
"2690","165","40","5","2024-02-04T10:31:51.000000","0.23","web","urgent"
"2691","127","36","1","2024-01-07T11:04:54.000000","0.23","app"," OK "
"2692","134","37","1","2024-02-10T16:03:02.000000","0.03","web","return?"
"2693","76","19","4","2024-03-13T05:56:41.000000","0.18","app","return?"
"2694","47","27","4","2024-02-26T09:47:55.000000","0.04","web","  "
"2695","140","29","5","2024-03-21T08:59:36.000000","0.15","store","VIP"
"2696","11","10","4","2024-01-12T08:31:48.000000","0.07","store","VIP"
"2697","70","19","5","2024-01-01T23:47:45.000000","0.02","web","  "
"2698","29","23","2","2024-02-19T08:01:23.000000","0.02","app","gift "
"2699","1","15","1","2024-01-17T01:47:06.000000","0.27","app","return?"
"2700","2","19","1","2024-02-23T11:01:16.000000","0.22","web","  "
"2701","19","18","3","2024-03-22T08:25:58.000000","0.28","web","return?"
"2702","188","3","1","2024-01-31T08:12:58.000000","0.14","web","urgent"
"2703","155","31","3","2024-02-19T10:54:22.000000","0.12","web","urgent"
"2704","198","37","3","2024-03-02T08:27:45.000000","0.11","app","  "
"2705","17","31","2","2024-01-14T12:05:07.000000","0.18","app","return?"
"2706","200","38","3","2024-03-21T18:19:49.000000","0.11","web","  "
"2707","120","18","4","2024-01-19T06:01:38.000000","0.22","store","gift "
"2708","159","3","1","2024-03-13T17:52:20.000000","","web"," OK "
"2709","172","11","3","2024-02-29T09:34:13.000000","0.26","store","urgent"
"2710","53","35","5","2024-01-13T16:29:04.000000","0.07","app","urgent"
"2711","149","6","2","2024-03-06T05:36:15.000000","0.16","app","urgent"
"2712","130","22","4","2024-01-18T16:23:03.000000","","app","  "
"2713","83","1","2","2024-02-23T22:45:42.000000","0.01","web","  "
"2714","99","13","2","2024-03-27T08:54:45.000000","0.21","store","Gift"
"2715","42","5","5","2024-03-26T18:48:01.000000","0.16","app","return?"
"2716","38","5","2","2024-03-19T09:52:31.000000","0.22","app","Gift"
"2717","185","7","5","2024-02-14T11:10:38.000000","0.03","web","gift "
"2718","147","22","4","2024-02-20T08:36:05.000000","0.3","app","gift "
"2719","114","28","5","2024-01-28T00:35:14.000000","0.3","web","  "
"2720","139","12","5","2024-03-23T21:16:11.000000","0.14","app","urgent"
"2721","82","33","5","2024-02-12T22:49:23.000000","0.26","app","Gift"
"2722","50","16","3","2024-03-10T10:42:44.000000","0.07","web","  "
"2723","189","30","5","2024-02-02T08:52:45.000000","0.22","web","VIP"
"2724","198","22","1","2024-03-07T15:18:58.000000","0.26","web","Gift"
"2725","44","29","3","2024-01-21T04:44:17.000000","","web"," OK "
"2726","161","40","2","2024-03-07T00:59:54.000000","","web","VIP"
"2727","89","40","1","2024-01-05T03:16:50.000000","0.14","web","  "
"2728","142","24","5","2024-01-10T10:24:31.000000","0.25","web","gift "
"2729","22","39","5","2024-02-01T16:46:44.000000","0.21","app","  "
"2730","96","29","4","2024-02-13T09:11:49.000000","0.04","app","VIP"
"2731","25","11","4","2024-03-05T00:38:39.000000","0.03","web"," OK "
"2732","163","38","4","2024-02-02T07:33:10.000000","","web","Gift"
"2733","80","6","2","2024-01-02T15:49:32.000000","0.19","app","return?"
"2734","53","19","4","2024-01-30T06:51:01.000000","0.16","web","Gift"
"2735","140","7","5","2024-02-09T12:37:32.000000","0.27","web","return?"
"2736","191","32","2","2024-02-18T22:26:06.000000","0.2","web","urgent"
"2737","68","36","2","2024-02-27T23:03:37.000000","0.12","store","gift "
"2738","144","33","1","2024-01-23T06:57:08.000000","","web"," OK "
"2739","138","5","5","2024-02-24T22:28:22.000000","0.18","store","VIP"
"2740","98","11","3","2024-02-26T20:13:44.000000","0.23","web","urgent"
"2741","162","14","3","2024-03-10T21:33:38.000000","","web","VIP"
"2742","26","5","2","2024-02-16T23:37:40.000000","0.15","web"," OK "
"2743","176","22","1","2024-03-13T22:43:21.000000","0.22","app"," OK "
"2744","81","2","5","2024-01-20T22:39:50.000000","0.21","app","gift "
"2745","9","25","5","2024-03-05T01:17:04.000000","0.25","app"," OK "
"2746","198","23","2","2024-01-05T03:01:26.000000","0.02","store","Gift"
"2747","155","24","4","2024-01-10T06:02:34.000000","0.23","app","  "
"2748","164","37","3","2024-03-18T19:47:48.000000","0.15","web","gift "
"2749","30","32","4","2024-02-12T18:02:54.000000","0.02","app","gift "
"2750","151","11","1","2024-02-25T21:01:36.000000","0.2","web"," OK "
"2751","140","23","4","2024-02-24T07:21:24.000000","0.21","app","  "
"2752","181","33","1","2024-03-03T12:54:05.000000","","store"," OK "
"2753","75","35","2","2024-01-23T02:25:21.000000","","web","  "
"2754","186","26","2","2024-01-17T01:02:37.000000","0.09","web","VIP"
"2755","142","4","2","2024-01-04T19:54:42.000000","0.06","app","VIP"
"2756","51","18","5","2024-03-18T19:53:55.000000","0.11","web","Gift"
"2757","43","35","1","2024-01-21T02:57:18.000000","0.12","web","urgent"
"2758","181","3","5","2024-02-21T18:22:00.000000","0.21","app","VIP"
"2759","129","24","1","2024-02-10T22:34:18.000000","","web","urgent"
"2760","24","22","5","2024-01-15T14:41:25.000000","0.22","web","gift "
"2761","26","9","2","2024-02-07T06:05:22.000000","0.05","app","urgent"
"2762","166","14","5","2024-01-08T11:42:58.000000","0.11","web"," OK "
"2763","34","40","3","2024-01-16T21:36:02.000000","0.05","web","Gift"
"2764","44","24","3","2024-01-13T13:44:20.000000","0.21","store","gift "
"2765","123","38","1","2024-03-15T04:44:15.000000","0.07","web","VIP"
"2766","173","19","3","2024-02-21T01:37:21.000000","0.16","web","VIP"
"2767","68","34","3","2024-03-24T07:28:59.000000","0.24","store","VIP"
"2768","134","25","5","2024-02-09T05:43:44.000000","0.2","web","VIP"
"2769","141","37","2","2024-01-19T02:54:44.000000","","store","Gift"
"2770","121","14","1","2024-02-24T18:32:47.000000","0.1","app","Gift"
"2771","138","16","2","2024-03-24T15:52:38.000000","0.2","app","  "
"2772","46","2","2","2024-02-17T22:24:01.000000","0.16","web","gift "
"2773","125","10","5","2024-01-02T14:34:46.000000","","web","Gift"
"2774","1","6","1","2024-01-28T07:49:36.000000","0.26","app"," OK "
"2775","147","8","5","2024-03-24T05:55:08.000000","0.15","web","gift "
"2776","159","13","1","2024-02-16T15:38:03.000000","","app","gift "
"2777","159","35","5","2024-03-26T16:09:58.000000","0.06","app","return?"
"2778","6","16","3","2024-02-15T20:01:30.000000","0.11","app","VIP"
"2779","183","34","1","2024-01-02T02:01:55.000000","0.1","web","urgent"
"2780","87","33","4","2024-03-19T13:47:28.000000","0.08","app"," OK "
"2781","17","40","4","2024-03-09T16:07:18.000000","0.17","app","VIP"
"2782","107","21","5","2024-03-05T08:56:09.000000","0.14","web","gift "
"2783","115","34","1","2024-03-28T07:38:07.000000","0.27","store"," OK "
"2784","81","17","4","2024-01-18T15:46:45.000000","0.28","web","VIP"
"2785","150","26","3","2024-03-22T12:44:55.000000","","store","Gift"
"2786","109","33","3","2024-01-21T22:28:00.000000","0.03","web","urgent"
"2787","44","6","5","2024-03-28T08:44:02.000000","0.24","web","  "
"2788","125","3","3","2024-01-18T05:29:27.000000","0.3","app","VIP"
"2789","53","7","2","2024-02-19T12:41:55.000000","0.26","web","VIP"
"2790","24","29","3","2024-03-12T00:58:59.000000","0.01","web","urgent"
"2791","54","19","5","2024-01-08T00:49:02.000000","0.08","web","  "
"2792","182","12","5","2024-01-07T00:05:00.000000","0.01","app","gift "
"2793","115","31","4","2024-03-17T11:32:40.000000","0.25","web","return?"
"2794","64","1","1","2024-01-06T10:31:18.000000","0.17","app","urgent"
"2795","74","7","2","2024-02-25T05:52:08.000000","0.15","app","VIP"
"2796","172","19","1","2024-03-25T10:33:18.000000","0.17","app","Gift"
"2797","134","37","1","2024-02-25T07:49:52.000000","0.08","web","  "
"2798","155","30","5","2024-02-13T06:57:40.000000","0.18","web","gift "
"2799","123","28","5","2024-02-07T13:16:04.000000","0.01","store","Gift"
"2800","199","29","1","2024-02-27T10:26:00.000000","0.19","app","urgent"
"2801","132","13","3","2024-02-21T11:10:43.000000","0.22","store","Gift"
"2802","81","18","2","2024-02-15T03:49:00.000000","0.2","app","  "
"2803","51","36","1","2024-01-14T19:43:56.000000","0.1","app","  "
"2804","10","30","2","2024-02-29T15:21:40.000000","","store","  "
"2805","154","24","1","2024-03-07T13:54:11.000000","","web","  "
"2806","187","4","4","2024-03-04T19:07:35.000000","0.04","store"," OK "
"2807","133","30","5","2024-01-07T18:02:14.000000","0.06","web","Gift"
"2808","98","15","3","2024-03-04T06:13:27.000000","0.19","web","Gift"
"2809","27","16","2","2024-03-06T16:19:35.000000","","web","Gift"
"2810","129","27","3","2024-01-17T12:10:33.000000","0.04","web","Gift"
"2811","41","16","5","2024-03-17T09:47:36.000000","0.05","web","urgent"
"2812","125","23","1","2024-02-17T03:30:25.000000","0.05","app","return?"
"2813","61","1","4","2024-02-12T12:31:56.000000","0.14","app"," OK "
"2814","174","8","1","2024-03-06T01:06:32.000000","0.18","store","  "
"2815","188","22","2","2024-02-15T21:14:00.000000","0.05","web","gift "
"2816","47","39","3","2024-02-19T00:38:55.000000","0.21","web","  "
"2817","66","31","2","2024-01-29T02:22:58.000000","0.08","app","VIP"
"2818","185","17","1","2024-03-24T12:12:47.000000","","app","  "
"2819","4","39","4","2024-03-28T06:01:49.000000","0.07","app","VIP"
"2820","104","12","4","2024-01-12T17:43:53.000000","0.24","web","urgent"
"2821","29","36","3","2024-03-06T23:32:55.000000","0.29","web","return?"
"2822","87","17","3","2024-01-03T02:24:09.000000","0.15","store"," OK "
"2823","7","4","1","2024-02-03T05:00:54.000000","0.01","web","  "
"2824","29","1","4","2024-03-28T07:11:41.000000","0.08","app","urgent"
"2825","81","40","2","2024-01-16T17:35:02.000000","0.05","web","urgent"
"2826","13","26","2","2024-02-03T22:19:04.000000","0.25","web","VIP"
"2827","160","6","5","2024-01-20T18:17:30.000000","","app","  "
"2828","116","40","4","2024-03-06T12:57:20.000000","0.29","web","  "
"2829","91","2","4","2024-02-11T18:04:19.000000","0.18","web","VIP"
"2830","95","14","2","2024-02-23T09:08:01.000000","0.16","app","urgent"
"2831","168","30","3","2024-03-25T19:56:51.000000","0.25","web","  "
"2832","170","3","1","2024-02-16T21:28:15.000000","0.01","web","urgent"
"2833","10","37","2","2024-03-07T01:45:21.000000","0.23","app","gift "
"2834","138","28","5","2024-01-09T19:28:54.000000","0.03","web","Gift"
"2835","94","38","3","2024-01-20T08:55:35.000000","0.25","app","  "
"2836","157","34","4","2024-03-26T05:13:02.000000","","web"," OK "
"2837","158","33","4","2024-03-18T08:39:07.000000","","web"," OK "
"2838","142","10","5","2024-02-29T02:25:14.000000","0.25","web"," OK "
"2839","135","9","1","2024-02-04T00:54:47.000000","0.01","store","urgent"
"2840","43","10","3","2024-01-18T23:34:29.000000","0.04","web","  "
"2841","171","7","5","2024-03-17T15:43:11.000000","0.24","store","urgent"
"2842","141","27","1","2024-03-11T16:15:32.000000","0.14","web","return?"
"2843","55","3","5","2024-01-22T18:04:16.000000","","web","Gift"
"2844","47","18","3","2024-02-23T02:02:11.000000","0.19","app","Gift"
"2845","101","24","2","2024-02-25T16:18:24.000000","","web","return?"
"2846","69","22","4","2024-02-12T23:19:19.000000","0.09","app","urgent"
"2847","136","20","5","2024-03-24T09:36:29.000000","0.04","store","urgent"
"2848","82","9","1","2024-01-12T04:03:27.000000","0.29","app","Gift"
"2849","34","5","4","2024-01-24T05:03:03.000000","0.03","app"," OK "
"2850","80","40","5","2024-01-09T13:15:42.000000","0.16","app","  "
"2851","164","19","4","2024-03-03T08:43:17.000000","0.08","web","VIP"
"2852","167","24","3","2024-02-27T23:03:39.000000","0.08","app","Gift"
"2853","63","23","1","2024-03-29T20:35:42.000000","0.18","web","return?"
"2854","160","15","3","2024-02-18T19:23:57.000000","0.24","web"," OK "
"2855","19","29","5","2024-01-14T13:17:32.000000","0.23","app","gift "
"2856","197","16","4","2024-02-10T13:54:15.000000","0.26","web","VIP"
"2857","154","17","3","2024-01-08T22:56:56.000000","","app","Gift"
"2858","9","33","2","2024-03-01T09:10:11.000000","0.14","web","return?"
"2859","142","13","5","2024-03-01T16:15:41.000000","0.0","web","gift "
"2860","99","28","5","2024-03-18T04:31:31.000000","0.22","app","return?"
"2861","177","27","2","2024-01-31T13:49:46.000000","0.09","app","  "
"2862","48","2","5","2024-01-28T21:51:44.000000","0.17","store","urgent"
"2863","179","28","2","2024-01-07T09:53:17.000000","0.05","web","VIP"
"2864","175","33","5","2024-02-07T08:43:47.000000","0.25","web"," OK "
"2865","56","11","5","2024-02-12T18:39:36.000000","0.25","web","urgent"
"2866","87","37","4","2024-03-08T21:41:00.000000","0.26","web","VIP"
"2867","129","1","3","2024-03-08T20:08:40.000000","0.01","web","return?"
"2868","49","8","2","2024-01-13T14:56:44.000000","0.3","app","Gift"
"2869","200","38","1","2024-01-26T15:51:51.000000","0.07","web","  "
"2870","39","35","1","2024-02-16T00:46:46.000000","0.09","store","  "
"2871","49","31","5","2024-01-31T03:42:04.000000","0.07","app","VIP"
"2872","101","25","4","2024-01-03T07:10:52.000000","0.08","app","return?"
"2873","95","9","2","2024-03-17T02:42:38.000000","","web"," OK "
"2874","11","20","3","2024-03-06T19:32:57.000000","0.07","web","urgent"
"2875","183","23","5","2024-02-16T19:21:19.000000","0.12","web","return?"
"2876","49","4","4","2024-01-29T13:46:41.000000","0.2","app","gift "
"2877","21","24","5","2024-03-16T20:18:03.000000","0.25","app","gift "
"2878","104","4","1","2024-01-04T04:12:26.000000","0.21","web","Gift"
"2879","186","6","1","2024-02-10T04:12:04.000000","0.18","web","Gift"
"2880","1","7","4","2024-03-13T02:04:30.000000","0.04","store","urgent"
"2881","98","8","3","2024-03-26T18:25:34.000000","0.24","web","Gift"
"2882","183","4","4","2024-01-23T15:03:43.000000","0.01","web"," OK "
"2883","179","39","5","2024-02-28T13:42:58.000000","0.08","web","Gift"
"2884","35","33","1","2024-01-18T01:43:10.000000","0.02","web","return?"
"2885","125","21","5","2024-01-11T10:20:29.000000","0.2","web","urgent"
"2886","168","15","1","2024-02-01T18:31:42.000000","0.11","app","VIP"
"2887","135","8","3","2024-03-20T15:48:03.000000","0.2","app"," OK "
"2888","132","38","5","2024-03-03T01:16:02.000000","0.1","app","VIP"
"2889","155","32","4","2024-02-14T00:48:46.000000","0.14","web","urgent"
"2890","91","31","2","2024-01-26T10:53:16.000000","0.14","web","  "
"2891","14","19","4","2024-01-13T17:56:24.000000","0.01","app","gift "
"2892","128","2","5","2024-01-25T08:51:07.000000","0.13","web","VIP"
"2893","126","26","2","2024-01-14T17:48:38.000000","0.19","web","  "
"2894","171","20","5","2024-01-17T20:06:18.000000","0.16","web","gift "
"2895","185","12","4","2024-03-02T21:04:23.000000","0.02","app","VIP"
"2896","68","13","1","2024-01-12T22:37:43.000000","0.2","web","return?"
"2897","192","3","2","2024-01-05T06:19:28.000000","0.09","store","  "
"2898","2","35","5","2024-02-18T19:27:18.000000","0.0","web","urgent"
"2899","194","7","2","2024-01-26T19:02:33.000000","0.05","store"," OK "
"2900","28","33","5","2024-02-10T22:12:23.000000","0.15","web","gift "
"2901","130","39","3","2024-01-13T13:56:28.000000","0.09","app","gift "
"2902","137","2","2","2024-01-19T21:33:07.000000","0.21","web","  "
"2903","127","25","5","2024-02-09T16:43:38.000000","","app","  "
"2904","199","3","4","2024-03-03T02:26:55.000000","0.23","web","urgent"
"2905","111","34","2","2024-02-07T07:00:14.000000","0.09","store","VIP"
"2906","27","21","4","2024-02-18T18:06:25.000000","0.19","app","return?"
"2907","122","1","2","2024-02-16T23:15:11.000000","0.24","app","Gift"
"2908","59","31","5","2024-01-25T04:44:18.000000","0.12","web","return?"
"2909","123","31","1","2024-01-26T04:00:52.000000","0.01","web","return?"
"2910","77","37","4","2024-02-08T07:33:50.000000","0.16","store","Gift"
"2911","9","20","1","2024-01-03T21:12:50.000000","0.3","store","VIP"
"2912","128","38","4","2024-03-02T16:27:11.000000","0.29","web","return?"
"2913","18","27","5","2024-02-25T07:04:26.000000","0.07","web","VIP"
"2914","66","22","4","2024-01-28T13:14:50.000000","0.23","web","Gift"
"2915","124","15","3","2024-02-03T15:13:51.000000","0.1","web","  "
"2916","177","12","5","2024-01-30T13:59:37.000000","0.05","web","  "
"2917","63","25","1","2024-02-28T14:53:00.000000","0.2","app","Gift"
"2918","60","30","3","2024-03-09T08:59:44.000000","0.15","web","  "
"2919","61","2","5","2024-01-10T18:43:14.000000","0.16","store","return?"
"2920","116","17","2","2024-02-07T04:46:07.000000","0.25","store"," OK "
"2921","39","2","1","2024-01-02T05:45:32.000000","","web","return?"
"2922","106","16","3","2024-02-10T16:51:35.000000","0.2","web","Gift"
"2923","161","32","3","2024-01-23T08:18:56.000000","0.11","app","VIP"
"2924","17","28","5","2024-01-31T05:20:07.000000","","web"," OK "
"2925","193","5","5","2024-02-11T02:08:31.000000","0.11","app","return?"
"2926","107","29","2","2024-01-30T03:14:36.000000","0.29","app","gift "
"2927","126","1","4","2024-02-05T11:11:43.000000","0.14","web","return?"
"2928","124","1","1","2024-03-09T19:54:16.000000","0.03","store","Gift"
"2929","190","37","1","2024-03-13T22:15:12.000000","0.21","web","VIP"
"2930","133","2","4","2024-01-01T12:39:52.000000","0.29","web","  "
"2931","177","11","4","2024-02-04T00:07:45.000000","0.27","store","urgent"
"2932","58","6","5","2024-03-17T05:16:27.000000","0.17","web","urgent"
"2933","44","24","4","2024-02-17T17:45:10.000000","0.11","web","gift "
"2934","129","21","1","2024-01-19T11:24:21.000000","0.17","web","gift "
"2935","31","34","4","2024-02-23T09:59:37.000000","0.24","web","  "
"2936","23","40","3","2024-01-14T01:02:47.000000","0.26","web","VIP"
"2937","43","30","2","2024-01-02T23:09:20.000000","0.25","app","VIP"
"2938","55","19","2","2024-02-26T22:02:21.000000","0.14","web"," OK "
"2939","20","2","5","2024-02-16T08:41:17.000000","","app","gift "
"2940","146","37","1","2024-03-09T02:02:35.000000","0.17","web","urgent"
"2941","117","23","3","2024-02-01T00:50:07.000000","0.05","web","gift "
"2942","41","9","1","2024-03-17T21:15:06.000000","0.02","store","gift "
"2943","57","22","4","2024-02-07T21:57:54.000000","","app","return?"
"2944","186","16","1","2024-03-07T10:07:20.000000","0.2","app","Gift"
"2945","183","15","5","2024-01-10T00:37:14.000000","0.26","web","gift "
"2946","25","19","5","2024-01-09T17:50:55.000000","0.23","web","gift "
"2947","123","31","5","2024-03-11T10:53:32.000000","0.26","app"," OK "
"2948","65","7","2","2024-03-16T01:24:35.000000","0.23","store"," OK "
"2949","72","39","4","2024-03-25T19:35:35.000000","0.21","app","  "
"2950","120","3","1","2024-01-30T05:11:02.000000","0.0","web","Gift"
"2951","197","6","2","2024-01-03T00:06:02.000000","0.19","web","Gift"
"2952","117","28","1","2024-03-29T04:35:37.000000","0.04","web","return?"
"2953","191","6","1","2024-02-24T02:57:54.000000","0.02","web","urgent"
"2954","165","32","2","2024-01-23T05:46:57.000000","0.05","web","return?"
"2955","156","30","3","2024-03-09T17:54:11.000000","0.25","web","  "
"2956","159","18","5","2024-03-22T08:24:54.000000","","web","urgent"
"2957","159","19","1","2024-01-26T15:11:03.000000","0.28","app","return?"
"2958","52","40","3","2024-03-10T06:29:02.000000","0.29","app","  "
"2959","196","32","4","2024-03-11T21:07:12.000000","0.27","app","Gift"
"2960","184","26","2","2024-02-15T03:38:15.000000","0.04","web","gift "
"2961","121","6","4","2024-02-26T21:53:12.000000","0.26","app","Gift"
"2962","143","24","3","2024-01-25T06:09:46.000000","0.25","store","VIP"
"2963","177","2","3","2024-03-24T14:59:28.000000","0.26","web","gift "
"2964","31","11","1","2024-03-29T11:30:15.000000","","store"," OK "
"2965","13","28","1","2024-03-29T06:58:13.000000","0.04","web","  "
"2966","200","17","5","2024-03-07T08:11:24.000000","0.28","app","VIP"
"2967","111","40","5","2024-01-04T19:28:03.000000","0.05","web","Gift"
"2968","145","38","3","2024-02-02T23:32:35.000000","0.11","app","return?"
"2969","101","4","3","2024-02-10T01:03:56.000000","0.14","store","Gift"
"2970","104","36","3","2024-03-27T09:15:34.000000","0.04","web","urgent"
"2971","8","35","3","2024-02-19T05:29:37.000000","0.01","app","  "
"2972","58","5","4","2024-02-18T06:07:29.000000","0.3","store"," OK "
"2973","18","16","3","2024-01-14T04:57:55.000000","0.26","app","return?"
"2974","87","38","1","2024-03-12T10:26:10.000000","0.27","web","  "
"2975","5","1","1","2024-01-31T06:22:38.000000","0.09","web","Gift"
"2976","161","3","5","2024-01-09T06:26:36.000000","0.07","store"," OK "
"2977","59","21","4","2024-03-29T21:19:06.000000","0.13","app","  "
"2978","149","39","1","2024-01-18T02:33:11.000000","0.14","store","  "
"2979","11","12","1","2024-01-02T11:03:28.000000","0.0","web","VIP"
"2980","7","31","2","2024-01-08T00:07:43.000000","0.23","app","urgent"
"2981","85","28","3","2024-02-10T17:25:01.000000","0.3","app","urgent"
"2982","158","6","3","2024-01-10T06:16:20.000000","0.16","store","Gift"
"2983","163","12","1","2024-03-16T20:08:02.000000","0.12","app","VIP"
"2984","109","25","1","2024-02-16T02:53:15.000000","0.12","web","return?"
"2985","123","20","2","2024-01-30T03:37:36.000000","0.03","app","Gift"
"2986","138","10","3","2024-01-01T06:48:13.000000","0.08","app"," OK "
"2987","135","9","2","2024-02-13T04:21:53.000000","0.15","web"," OK "
"2988","149","23","3","2024-01-14T14:49:00.000000","","web","gift "
"2989","7","34","1","2024-03-29T00:34:43.000000","0.16","store"," OK "
"2990","86","17","5","2024-01-27T04:45:03.000000","0.25","web","VIP"
"2991","168","38","5","2024-02-12T17:44:02.000000","0.07","web"," OK "
"2992","88","27","2","2024-01-02T16:13:18.000000","0.01","app","Gift"
"2993","30","17","5","2024-01-12T18:47:24.000000","0.01","store","VIP"
"2994","134","29","3","2024-01-19T16:10:14.000000","0.04","app","gift "
"2995","61","18","1","2024-01-05T15:43:06.000000","0.17","web","  "
"2996","103","31","2","2024-03-06T08:08:46.000000","0.24","web","Gift"
"2997","104","40","1","2024-03-26T02:05:59.000000","","web","VIP"
"2998","140","32","4","2024-03-29T16:22:03.000000","0.19","web","Gift"
"2999","186","6","4","2024-01-24T22:08:53.000000","0.12","app","VIP"
"3000","139","3","4","2024-03-11T23:41:31.000000","0.05","web","return?"
"3001","200","33","1","2024-02-15T08:46:40.000000","0.12","web","Gift"
"3002","4","34","2","2024-01-05T03:03:06.000000","0.1","store","urgent"
"3003","157","23","3","2024-01-09T03:54:56.000000","0.26","web","return?"
"3004","84","10","1","2024-02-19T07:13:08.000000","0.15","web","  "
"3005","146","36","1","2024-02-08T03:05:42.000000","0.07","web","return?"
"3006","18","18","2","2024-01-01T18:06:15.000000","0.09","web","Gift"
"3007","106","12","3","2024-03-24T17:01:40.000000","0.04","web","Gift"
"3008","6","15","1","2024-03-06T17:31:39.000000","0.28","store"," OK "
"3009","134","12","5","2024-02-15T05:12:43.000000","","app","VIP"
"3010","44","12","3","2024-03-29T19:54:25.000000","0.0","app","VIP"
"3011","29","14","1","2024-03-28T09:39:06.000000","0.05","app","VIP"
"3012","16","27","1","2024-03-28T15:44:08.000000","0.24","web","Gift"
"3013","54","1","5","2024-01-24T07:05:05.000000","0.16","app","gift "
"3014","192","15","3","2024-03-20T06:43:28.000000","","web","gift "
"3015","197","7","5","2024-02-15T09:49:03.000000","0.11","web"," OK "
"3016","17","26","4","2024-03-06T08:14:21.000000","0.02","web"," OK "
"3017","196","40","5","2024-03-18T08:35:11.000000","0.26","app","Gift"
"3018","118","32","5","2024-01-15T16:47:07.000000","0.06","web","gift "
"3019","65","10","4","2024-02-10T08:13:30.000000","0.01","web","return?"
"3020","189","21","5","2024-01-12T14:25:19.000000","0.17","web","return?"
"3021","49","1","5","2024-01-26T03:41:33.000000","0.02","web","VIP"
"3022","37","17","2","2024-02-07T05:11:46.000000","0.03","web","return?"
"3023","46","12","3","2024-03-17T23:49:36.000000","0.24","app","VIP"
"3024","30","21","5","2024-03-18T15:21:29.000000","0.15","web","gift "
"3025","97","17","5","2024-02-05T02:09:40.000000","0.07","app","return?"
"3026","29","28","1","2024-01-30T15:03:40.000000","0.1","web","return?"
"3027","45","22","1","2024-02-17T18:21:44.000000","0.22","web","urgent"
"3028","75","38","2","2024-03-23T01:38:26.000000","0.02","app","urgent"
"3029","130","3","4","2024-03-28T21:17:54.000000","0.03","app","return?"
"3030","172","38","2","2024-01-21T09:48:38.000000","0.18","web"," OK "
"3031","15","32","4","2024-01-17T18:48:14.000000","0.18","app","gift "
"3032","127","29","1","2024-03-04T14:37:59.000000","","app","Gift"
"3033","21","34","1","2024-01-28T03:01:31.000000","0.11","web","VIP"
"3034","199","3","4","2024-01-18T23:29:11.000000","","app","return?"
"3035","56","9","2","2024-01-03T19:06:37.000000","0.16","web","Gift"
"3036","172","1","1","2024-02-06T06:56:15.000000","0.19","app","urgent"
"3037","156","32","2","2024-02-05T06:22:10.000000","0.04","web","Gift"
"3038","65","15","2","2024-02-20T16:12:21.000000","0.17","store","VIP"
"3039","65","15","3","2024-01-19T00:23:46.000000","","app","Gift"
"3040","64","25","5","2024-03-05T07:01:50.000000","0.25","app","  "
"3041","95","17","1","2024-03-02T04:52:31.000000","0.25","web","Gift"
"3042","89","26","4","2024-02-11T14:40:24.000000","0.13","app","VIP"
"3043","132","38","2","2024-01-17T07:39:15.000000","0.29","web"," OK "
"3044","93","14","3","2024-02-15T15:01:30.000000","0.29","web","Gift"
"3045","158","36","2","2024-03-01T17:35:43.000000","0.04","web","Gift"
"3046","94","22","2","2024-02-03T13:03:59.000000","0.11","app","  "
"3047","62","16","3","2024-01-24T17:06:24.000000","0.18","app","  "
"3048","66","37","3","2024-02-15T14:03:10.000000","0.03","store","VIP"
"3049","147","20","1","2024-02-01T23:16:13.000000","0.11","web","return?"
"3050","29","6","1","2024-02-06T01:06:28.000000","","store","VIP"
"3051","58","12","2","2024-02-01T09:32:20.000000","0.29","app"," OK "
"3052","63","34","5","2024-01-28T07:29:03.000000","0.12","store","  "
"3053","129","21","2","2024-03-05T12:11:01.000000","0.23","app"," OK "
"3054","26","23","3","2024-02-11T10:07:22.000000","0.12","web","Gift"
"3055","91","28","3","2024-02-11T23:39:36.000000","0.04","store","  "
"3056","135","8","2","2024-02-28T18:39:55.000000","0.26","app","Gift"
"3057","186","4","1","2024-02-02T12:24:20.000000","0.0","app","  "
"3058","88","18","3","2024-01-10T02:14:00.000000","0.02","web","VIP"
"3059","197","37","5","2024-03-17T17:39:54.000000","0.11","web","  "
"3060","122","6","5","2024-01-06T00:19:21.000000","0.21","web","gift "
"3061","155","29","2","2024-02-21T11:24:48.000000","","app","return?"
"3062","49","40","3","2024-01-24T22:10:28.000000","0.02","web","  "
"3063","184","4","2","2024-01-20T05:52:28.000000","0.1","store","urgent"
"3064","52","6","5","2024-01-04T18:37:33.000000","0.07","web","  "
"3065","28","35","3","2024-03-22T00:11:49.000000","0.0","web","gift "
"3066","16","5","5","2024-02-08T15:04:59.000000","","web"," OK "
"3067","131","30","5","2024-01-31T20:07:28.000000","0.03","web","return?"
"3068","126","32","2","2024-03-07T17:03:12.000000","0.09","web","VIP"
"3069","40","13","3","2024-01-04T12:11:43.000000","0.19","app","  "
"3070","176","12","3","2024-02-20T19:25:46.000000","0.22","store","  "
"3071","56","21","2","2024-02-14T12:20:11.000000","0.08","web","  "
"3072","122","21","5","2024-02-19T19:25:31.000000","0.1","web","Gift"
"3073","105","35","3","2024-01-12T03:42:22.000000","0.07","app","return?"
"3074","119","24","2","2024-03-26T17:29:04.000000","0.29","web","gift "
"3075","149","39","3","2024-01-22T11:05:15.000000","0.06","app","Gift"
"3076","186","10","5","2024-03-02T01:27:10.000000","0.05","app","  "
"3077","145","12","3","2024-03-08T05:45:34.000000","0.13","store","urgent"
"3078","182","10","4","2024-01-31T23:00:17.000000","0.06","web","Gift"
"3079","174","27","5","2024-01-12T18:25:26.000000","0.05","store"," OK "
"3080","72","2","2","2024-01-27T16:48:26.000000","0.03","store"," OK "
"3081","112","35","5","2024-03-13T14:59:58.000000","","web","VIP"
"3082","40","31","3","2024-03-22T14:01:46.000000","","web","gift "
"3083","186","40","3","2024-03-25T07:43:11.000000","0.2","web","VIP"
"3084","194","39","4","2024-01-21T08:49:55.000000","","web","  "
"3085","178","3","1","2024-02-24T14:06:33.000000","","store","urgent"
"3086","149","30","4","2024-01-14T14:14:14.000000","","web","urgent"
"3087","170","21","3","2024-03-04T22:22:33.000000","0.22","web","gift "
"3088","159","30","4","2024-02-07T10:16:26.000000","","web"," OK "
"3089","46","35","5","2024-03-05T05:20:49.000000","","app","  "
"3090","53","24","3","2024-03-02T15:52:24.000000","0.11","store","gift "
"3091","107","1","5","2024-03-30T08:27:54.000000","0.08","app"," OK "
"3092","85","35","3","2024-02-13T23:28:10.000000","0.13","app","gift "
"3093","148","18","2","2024-01-31T17:43:21.000000","","web","VIP"
"3094","148","19","4","2024-02-17T09:47:30.000000","0.14","app","return?"
"3095","196","24","1","2024-01-15T15:46:12.000000","0.01","web","Gift"
"3096","158","37","5","2024-01-11T01:24:08.000000","0.0","web"," OK "
"3097","3","22","1","2024-02-16T17:24:04.000000","0.28","app","return?"
"3098","69","9","3","2024-03-15T06:52:39.000000","0.21","store","gift "
"3099","66","30","5","2024-02-17T23:49:10.000000","0.17","app","VIP"
"3100","127","26","1","2024-03-11T08:57:18.000000","0.1","app"," OK "
"3101","69","3","3","2024-01-17T00:17:27.000000","0.17","web","Gift"
"3102","196","22","3","2024-02-10T10:41:02.000000","0.27","web","urgent"
"3103","58","32","2","2024-02-25T04:18:58.000000","0.2","app","VIP"
"3104","88","36","4","2024-02-01T06:58:46.000000","","app","  "
"3105","164","12","2","2024-01-02T06:30:33.000000","0.14","app","VIP"
"3106","74","21","2","2024-01-07T14:38:49.000000","0.1","app","Gift"
"3107","10","33","2","2024-03-24T11:45:49.000000","0.21","web","Gift"
"3108","67","24","4","2024-02-24T11:05:45.000000","","web","urgent"
"3109","72","17","5","2024-01-24T19:28:49.000000","0.13","web","urgent"
"3110","123","8","1","2024-01-24T07:02:56.000000","0.12","app","urgent"
"3111","143","2","3","2024-01-04T13:27:00.000000","0.13","store","VIP"
"3112","110","28","2","2024-03-26T00:43:08.000000","0.13","app","  "
"3113","82","39","2","2024-01-10T17:49:07.000000","0.3","app","  "
"3114","101","25","5","2024-03-09T08:25:36.000000","0.21","app","return?"
"3115","29","32","4","2024-01-22T14:56:15.000000","0.11","web","VIP"
"3116","37","28","5","2024-01-31T04:57:10.000000","0.11","web","Gift"
"3117","123","14","4","2024-01-25T15:38:14.000000","0.13","web","Gift"
"3118","174","21","4","2024-03-15T04:57:56.000000","0.01","store"," OK "
"3119","105","11","4","2024-01-03T22:52:10.000000","","web","VIP"
"3120","13","9","4","2024-02-01T16:56:39.000000","0.24","app","return?"
"3121","197","24","5","2024-01-26T03:24:23.000000","0.2","web","VIP"
"3122","65","26","2","2024-01-25T13:35:02.000000","","app","gift "
"3123","150","40","1","2024-01-18T08:45:14.000000","0.22","web","Gift"
"3124","180","10","3","2024-03-23T02:53:05.000000","0.22","store","gift "
"3125","198","12","1","2024-02-04T01:49:16.000000","0.08","web","urgent"
"3126","24","7","1","2024-02-07T15:19:25.000000","0.19","store","urgent"
"3127","38","38","1","2024-02-04T15:57:44.000000","0.18","app","gift "
"3128","130","32","1","2024-03-29T05:16:10.000000","0.25","web","urgent"
"3129","153","14","4","2024-01-31T12:15:24.000000","","app","VIP"
"3130","167","39","3","2024-01-31T18:02:37.000000","0.06","app","return?"
"3131","111","29","5","2024-01-30T12:18:56.000000","0.15","web","urgent"
"3132","32","20","2","2024-01-30T10:14:54.000000","0.01","app"," OK "
"3133","143","16","2","2024-01-09T01:49:10.000000","0.12","app","return?"
"3134","134","23","3","2024-02-24T09:14:08.000000","","app","Gift"
"3135","94","4","4","2024-01-03T06:26:33.000000","0.04","app","urgent"
"3136","128","7","5","2024-01-21T08:03:22.000000","0.14","app","VIP"
"3137","43","38","4","2024-01-19T04:34:00.000000","","web","VIP"
"3138","163","9","3","2024-01-27T05:36:58.000000","0.15","web","  "
"3139","10","7","5","2024-03-09T02:21:45.000000","","web","urgent"
"3140","168","35","1","2024-02-23T22:54:48.000000","0.17","app","  "
"3141","168","38","3","2024-03-30T04:08:56.000000","0.06","web","VIP"
"3142","138","33","2","2024-02-01T14:35:25.000000","","web","gift "
"3143","163","5","1","2024-03-24T13:36:59.000000","0.2","app","gift "
"3144","183","34","2","2024-01-05T01:00:45.000000","0.12","web","gift "
"3145","33","11","4","2024-02-15T09:06:49.000000","0.09","web","  "
"3146","109","1","2","2024-03-12T21:30:45.000000","0.01","app","gift "
"3147","130","37","5","2024-02-17T20:44:22.000000","","app","return?"
"3148","189","11","4","2024-03-24T23:57:00.000000","0.01","app"," OK "
"3149","148","27","4","2024-01-29T07:29:46.000000","0.22","web"," OK "
"3150","119","3","2","2024-01-03T23:59:55.000000","0.11","app","urgent"
"3151","112","8","5","2024-03-10T15:42:33.000000","","store","urgent"
"3152","29","36","2","2024-01-07T02:53:19.000000","0.07","web","gift "
"3153","64","24","2","2024-03-09T19:52:28.000000","","web"," OK "
"3154","87","40","4","2024-03-07T00:10:52.000000","0.16","web","urgent"
"3155","177","8","4","2024-03-16T23:37:41.000000","0.21","store","gift "
"3156","173","36","2","2024-02-13T02:28:49.000000","0.06","web","return?"
"3157","129","35","2","2024-03-21T14:17:23.000000","0.13","web","VIP"
"3158","22","37","3","2024-01-16T06:50:11.000000","0.13","app","urgent"
"3159","145","2","3","2024-02-09T02:11:39.000000","0.06","store"," OK "
"3160","92","5","1","2024-01-11T23:09:44.000000","","web","VIP"
"3161","131","22","2","2024-03-10T00:27:04.000000","0.04","app","VIP"
"3162","87","5","1","2024-03-05T06:49:41.000000","","store","return?"
"3163","145","3","1","2024-03-13T13:49:16.000000","0.03","web","gift "
"3164","44","33","2","2024-03-09T18:58:52.000000","0.15","app"," OK "
"3165","30","28","1","2024-01-28T18:16:22.000000","0.09","web","return?"
"3166","44","34","4","2024-01-07T03:01:24.000000","0.14","web","Gift"
"3167","185","38","4","2024-03-24T15:09:47.000000","0.13","web","Gift"
"3168","16","6","2","2024-02-14T08:29:14.000000","","web","Gift"
"3169","58","34","5","2024-01-09T11:46:39.000000","0.15","web","return?"
"3170","69","2","3","2024-03-24T10:27:33.000000","","app","Gift"
"3171","168","15","2","2024-03-30T11:37:17.000000","0.07","web","gift "
"3172","72","12","1","2024-02-10T02:16:30.000000","0.11","web","gift "
"3173","179","10","3","2024-03-10T07:23:45.000000","0.02","app","return?"
"3174","198","29","5","2024-01-04T06:24:13.000000","0.13","store","return?"
"3175","131","5","1","2024-01-09T09:27:54.000000","0.2","web","  "
"3176","69","33","1","2024-01-25T21:22:58.000000","0.25","web"," OK "
"3177","120","35","3","2024-02-29T01:27:21.000000","","web","Gift"
"3178","134","27","5","2024-01-13T00:11:35.000000","0.19","store","  "
"3179","22","4","2","2024-01-04T01:49:39.000000","","app","VIP"
"3180","167","24","4","2024-03-01T04:32:42.000000","0.01","web","VIP"
"3181","88","26","3","2024-03-10T07:36:13.000000","0.24","web","gift "
"3182","170","15","1","2024-03-07T12:41:58.000000","0.05","app","  "
"3183","123","15","5","2024-03-12T22:19:17.000000","0.03","app","Gift"
"3184","173","19","1","2024-03-13T06:09:30.000000","0.28","web","  "
"3185","17","40","3","2024-02-24T05:12:22.000000","0.29","web","gift "
"3186","9","1","4","2024-02-16T17:55:58.000000","0.18","web","  "
"3187","23","21","4","2024-03-18T02:49:06.000000","0.11","app","return?"
"3188","175","13","5","2024-02-01T07:44:15.000000","0.25","store","VIP"
"3189","199","22","4","2024-01-09T19:25:40.000000","0.06","web","VIP"
"3190","200","1","4","2024-03-08T16:14:23.000000","0.13","store","VIP"
"3191","67","37","1","2024-01-25T19:59:43.000000","0.11","web","urgent"
"3192","53","19","2","2024-03-29T02:19:27.000000","0.27","app","urgent"
"3193","70","39","2","2024-02-07T06:37:24.000000","","store","VIP"
"3194","164","7","2","2024-03-17T15:52:22.000000","0.2","app","gift "
"3195","51","24","1","2024-01-04T19:42:33.000000","0.03","web","gift "
"3196","110","28","1","2024-02-29T07:56:18.000000","0.14","web","  "
"3197","130","32","3","2024-02-10T08:08:48.000000","0.07","app"," OK "
"3198","73","1","4","2024-02-11T15:13:14.000000","0.27","app","urgent"
"3199","95","26","5","2024-01-24T20:51:39.000000","0.04","web","urgent"
"3200","134","6","5","2024-03-28T09:46:41.000000","0.02","app","gift "
"3201","159","18","3","2024-02-05T08:18:27.000000","0.21","web"," OK "
"3202","38","3","5","2024-03-17T13:02:10.000000","","web"," OK "
"3203","103","3","3","2024-02-08T06:13:18.000000","","app","  "
"3204","31","31","3","2024-01-05T08:16:33.000000","0.02","web","VIP"
"3205","4","29","2","2024-03-20T03:31:45.000000","0.24","web","urgent"
"3206","130","36","4","2024-01-17T15:50:12.000000","","web","  "
"3207","97","29","2","2024-01-25T07:56:11.000000","0.01","store"," OK "
"3208","52","24","3","2024-03-18T11:59:27.000000","0.14","web","Gift"
"3209","12","5","5","2024-03-21T10:29:06.000000","0.07","web","Gift"
"3210","190","31","3","2024-03-23T12:11:22.000000","0.18","web","Gift"
"3211","166","10","2","2024-02-08T08:05:50.000000","0.01","web","return?"
"3212","188","5","4","2024-03-09T03:03:39.000000","","web"," OK "
"3213","23","30","4","2024-01-30T12:03:52.000000","0.22","web","  "
"3214","3","24","4","2024-03-07T15:14:39.000000","","web","urgent"
"3215","44","6","1","2024-02-15T05:25:33.000000","","app","gift "
"3216","21","22","2","2024-01-05T16:13:54.000000","0.22","web","urgent"
"3217","92","28","1","2024-02-07T14:19:31.000000","0.02","web","VIP"
"3218","130","20","5","2024-02-12T02:17:20.000000","","app"," OK "
"3219","40","29","2","2024-01-24T03:55:27.000000","0.08","web"," OK "
"3220","80","21","3","2024-02-03T16:51:15.000000","0.12","web","Gift"
"3221","108","15","5","2024-02-15T05:47:14.000000","","store","return?"
"3222","64","9","5","2024-01-05T11:21:22.000000","0.25","app"," OK "
"3223","93","11","2","2024-01-14T15:53:30.000000","0.17","app","urgent"
"3224","119","33","5","2024-03-10T00:15:05.000000","0.15","app","gift "
"3225","191","15","4","2024-02-01T16:10:07.000000","0.29","store"," OK "
"3226","63","29","4","2024-02-24T18:06:41.000000","0.1","web","gift "
"3227","18","15","1","2024-02-20T22:06:24.000000","0.27","web","Gift"
"3228","174","22","4","2024-02-19T14:37:53.000000","0.22","app","  "
"3229","116","25","4","2024-02-07T04:57:42.000000","0.28","web"," OK "
"3230","95","20","3","2024-02-13T11:57:37.000000","0.27","app","urgent"
"3231","145","30","3","2024-03-15T03:39:02.000000","0.3","web","urgent"
"3232","197","37","2","2024-03-27T20:30:27.000000","0.04","web","VIP"
"3233","26","35","4","2024-01-24T02:31:08.000000","0.24","app","VIP"
"3234","173","37","1","2024-03-01T06:03:51.000000","0.24","app"," OK "
"3235","128","2","2","2024-03-28T06:42:23.000000","0.19","app","Gift"
"3236","118","31","3","2024-01-01T16:22:55.000000","0.08","web","  "
"3237","173","30","1","2024-03-11T14:59:58.000000","0.29","web"," OK "
"3238","61","17","5","2024-02-14T17:07:59.000000","0.06","app"," OK "
"3239","158","13","5","2024-03-28T02:00:03.000000","0.15","web","  "
"3240","115","3","3","2024-02-22T01:03:28.000000","0.16","app","gift "
"3241","188","34","3","2024-03-16T10:22:29.000000","0.05","app","  "
"3242","94","34","2","2024-01-15T22:35:29.000000","0.22","web","gift "
"3243","145","4","2","2024-01-13T18:56:40.000000","0.03","web","return?"
"3244","100","24","5","2024-03-24T09:24:45.000000","0.21","app"," OK "
"3245","79","23","3","2024-02-17T09:09:13.000000","0.25","web","urgent"
"3246","76","7","5","2024-02-20T06:01:11.000000","","web","  "
"3247","185","22","1","2024-01-16T07:09:12.000000","0.21","store","return?"
"3248","168","33","1","2024-01-21T09:44:14.000000","0.05","web"," OK "
"3249","46","14","3","2024-03-14T15:22:15.000000","0.25","app","  "
"3250","174","30","4","2024-01-28T07:11:27.000000","0.29","web","return?"
"3251","117","39","3","2024-02-22T13:47:24.000000","0.05","web","gift "
"3252","21","19","5","2024-01-29T11:42:46.000000","","app","VIP"
"3253","154","5","1","2024-01-24T17:03:01.000000","0.15","web","urgent"
"3254","33","12","5","2024-01-15T22:36:15.000000","0.16","app","VIP"
"3255","175","6","3","2024-03-24T15:56:01.000000","","web","gift "
"3256","91","15","2","2024-03-25T14:32:05.000000","0.15","app","Gift"
"3257","184","26","4","2024-01-11T08:48:06.000000","0.18","app","urgent"
"3258","97","9","4","2024-02-01T19:01:16.000000","0.07","app","VIP"
"3259","17","21","5","2024-02-20T17:56:34.000000","0.11","web","VIP"
"3260","154","40","1","2024-02-04T11:53:53.000000","0.26","web","VIP"
"3261","146","11","4","2024-03-05T21:26:51.000000","0.03","web","  "
"3262","61","36","2","2024-01-24T10:05:48.000000","","store","urgent"
"3263","41","13","3","2024-01-06T07:06:46.000000","0.06","app","urgent"
"3264","173","25","3","2024-01-31T07:46:45.000000","0.25","app","  "
"3265","156","7","4","2024-02-23T19:22:08.000000","","web","urgent"
"3266","60","11","2","2024-01-17T06:10:49.000000","0.12","web","  "
"3267","141","35","2","2024-03-14T10:20:47.000000","0.07","web","return?"
"3268","49","24","3","2024-01-02T02:27:26.000000","0.13","web","VIP"
"3269","37","23","4","2024-01-07T01:51:32.000000","0.29","web","gift "
"3270","133","21","5","2024-02-15T19:05:10.000000","0.15","web","return?"
"3271","167","10","1","2024-02-16T02:26:41.000000","0.14","web","gift "
"3272","184","38","3","2024-01-27T12:57:01.000000","","app","gift "
"3273","93","16","1","2024-01-24T06:29:00.000000","","web","return?"
"3274","29","1","4","2024-01-07T06:47:38.000000","0.13","web","Gift"
"3275","109","37","4","2024-02-29T15:55:00.000000","0.1","app","urgent"
"3276","137","2","5","2024-02-04T02:41:48.000000","0.05","app"," OK "
"3277","195","36","1","2024-01-11T16:20:35.000000","0.21","web","  "
"3278","23","11","4","2024-02-05T23:39:07.000000","0.26","app","gift "
"3279","132","3","4","2024-03-25T08:01:51.000000","0.27","web","VIP"
"3280","103","9","4","2024-01-24T12:16:18.000000","0.26","app","urgent"
"3281","118","27","4","2024-03-21T12:36:49.000000","0.14","store","Gift"
"3282","19","22","3","2024-01-24T06:53:07.000000","0.09","web"," OK "
"3283","4","7","1","2024-01-17T17:42:17.000000","0.19","app","Gift"
"3284","122","13","5","2024-01-24T10:59:15.000000","0.29","web","return?"
"3285","40","9","2","2024-01-30T02:15:15.000000","","web","return?"
"3286","123","27","1","2024-01-11T20:30:56.000000","0.15","web","gift "
"3287","6","35","4","2024-02-22T21:17:29.000000","0.21","web"," OK "
"3288","161","11","5","2024-01-31T00:14:54.000000","","web","return?"
"3289","67","36","4","2024-03-05T15:00:52.000000","0.28","web","urgent"
"3290","91","17","2","2024-02-14T04:32:15.000000","","web"," OK "
"3291","69","4","5","2024-02-09T20:08:13.000000","","web","Gift"
"3292","84","13","5","2024-02-12T09:20:54.000000","0.08","web","return?"
"3293","107","35","2","2024-01-15T01:35:21.000000","0.15","web","VIP"
"3294","130","33","3","2024-03-05T03:49:18.000000","0.1","web","Gift"
"3295","138","30","5","2024-01-10T08:58:02.000000","0.28","web","gift "
"3296","199","16","1","2024-03-05T22:30:08.000000","0.15","app"," OK "
"3297","36","32","2","2024-03-30T23:29:35.000000","","store","urgent"
"3298","175","29","3","2024-03-09T18:14:09.000000","0.1","web","  "
"3299","121","32","1","2024-02-10T23:33:38.000000","0.19","web","Gift"
"3300","62","23","1","2024-01-29T07:16:02.000000","0.16","store","return?"
"3301","184","21","4","2024-03-19T12:40:06.000000","0.04","app","gift "
"3302","142","39","2","2024-01-24T03:31:58.000000","0.26","store","VIP"
"3303","38","38","2","2024-02-13T09:55:55.000000","0.11","app","VIP"
"3304","35","22","2","2024-03-10T09:05:10.000000","0.13","app","gift "
"3305","132","9","1","2024-03-24T00:17:32.000000","0.06","web","return?"
"3306","146","17","4","2024-03-23T21:15:54.000000","0.17","web","return?"
"3307","10","21","2","2024-01-08T21:33:36.000000","0.21","app","Gift"
"3308","126","28","4","2024-03-21T20:14:55.000000","0.26","app","urgent"
"3309","107","13","5","2024-01-11T06:16:53.000000","0.02","app","  "
"3310","194","2","3","2024-02-22T14:28:06.000000","","store"," OK "
"3311","149","33","5","2024-03-24T16:00:19.000000","0.21","web","  "
"3312","182","38","1","2024-02-28T22:22:53.000000","","web","gift "
"3313","7","4","5","2024-03-26T06:35:05.000000","","store","VIP"
"3314","153","13","2","2024-01-31T23:45:41.000000","0.09","app"," OK "
"3315","67","18","2","2024-01-29T07:47:22.000000","0.26","app","  "
"3316","111","31","5","2024-01-30T08:37:32.000000","0.09","app","gift "
"3317","176","31","3","2024-02-01T23:09:22.000000","0.14","store"," OK "
"3318","174","14","4","2024-03-02T10:51:39.000000","0.21","web","gift "
"3319","46","13","5","2024-02-10T17:17:33.000000","0.26","web","  "
"3320","49","17","3","2024-03-07T08:50:52.000000","0.2","web","Gift"
"3321","145","10","2","2024-02-07T10:54:33.000000","0.23","web","  "
"3322","176","18","3","2024-01-28T16:41:11.000000","0.05","app","Gift"
"3323","123","11","2","2024-01-18T02:29:51.000000","0.26","web","  "
"3324","11","3","3","2024-02-19T14:17:03.000000","","app","urgent"
"3325","33","29","2","2024-03-21T20:29:26.000000","0.04","web","urgent"
"3326","150","32","5","2024-03-18T07:22:02.000000","0.29","app"," OK "
"3327","149","12","3","2024-01-23T19:08:39.000000","0.06","web"," OK "
"3328","180","17","4","2024-02-12T23:41:23.000000","0.04","app"," OK "
"3329","107","17","4","2024-03-04T11:23:18.000000","0.19","web","urgent"
"3330","86","1","2","2024-02-25T02:50:10.000000","0.1","web","VIP"
"3331","23","22","2","2024-01-07T01:03:22.000000","0.04","web","urgent"
"3332","157","19","5","2024-02-23T04:41:09.000000","0.18","app","Gift"
"3333","190","38","1","2024-01-04T11:42:10.000000","0.23","app","urgent"
"3334","10","15","2","2024-01-11T11:38:16.000000","0.24","store","Gift"
"3335","99","32","4","2024-02-28T20:03:28.000000","0.05","store","urgent"
"3336","72","16","3","2024-01-10T05:30:08.000000","","web","Gift"
"3337","150","8","4","2024-01-31T12:16:27.000000","0.24","web"," OK "
"3338","153","14","1","2024-02-22T23:00:03.000000","0.05","web","gift "
"3339","44","36","2","2024-02-28T23:47:32.000000","0.06","web","urgent"
"3340","191","11","3","2024-02-10T02:46:42.000000","0.0","web","  "
"3341","28","34","2","2024-01-09T11:05:08.000000","0.16","store","return?"
"3342","157","27","3","2024-03-12T22:03:56.000000","0.06","store","gift "
"3343","149","30","5","2024-03-26T11:40:44.000000","0.22","web","gift "
"3344","33","31","4","2024-03-20T23:38:05.000000","0.29","app","VIP"
"3345","135","21","4","2024-03-08T08:47:28.000000","0.06","app","Gift"
"3346","55","25","1","2024-02-06T04:47:36.000000","0.19","web"," OK "
"3347","55","3","3","2024-03-19T20:44:14.000000","0.06","store","VIP"
"3348","18","28","5","2024-02-13T22:27:28.000000","0.01","store","  "
"3349","150","29","4","2024-01-13T06:46:35.000000","","store","gift "
"3350","162","5","4","2024-03-17T13:10:57.000000","0.13","app","Gift"
"3351","101","21","5","2024-01-29T19:32:51.000000","0.28","web"," OK "
"3352","156","21","5","2024-03-25T11:35:44.000000","0.16","web","gift "
"3353","70","13","2","2024-02-03T03:37:24.000000","0.05","store","gift "
"3354","114","3","2","2024-03-19T05:53:34.000000","0.13","web","gift "
"3355","158","1","2","2024-02-18T08:17:34.000000","0.06","web","Gift"
"3356","87","9","4","2024-02-12T01:34:20.000000","0.26","web","urgent"
"3357","124","10","2","2024-01-27T17:14:09.000000","0.21","web","gift "
"3358","30","9","5","2024-03-16T05:07:05.000000","0.1","web","  "
"3359","102","25","5","2024-01-06T10:57:44.000000","","app","urgent"
"3360","171","17","4","2024-02-12T04:45:57.000000","0.2","app"," OK "
"3361","155","5","1","2024-02-03T04:46:38.000000","","web","gift "
"3362","61","4","4","2024-02-18T21:43:32.000000","","web"," OK "
"3363","109","27","2","2024-01-23T21:49:35.000000","0.01","app","urgent"
"3364","124","38","3","2024-02-29T19:31:07.000000","0.03","app","  "
"3365","188","33","2","2024-02-04T17:35:23.000000","0.12","store","Gift"
"3366","166","31","1","2024-01-17T22:21:46.000000","","app","gift "
"3367","164","13","4","2024-01-18T17:25:57.000000","0.04","web","  "
"3368","151","29","3","2024-03-03T16:27:05.000000","","app","urgent"
"3369","72","4","4","2024-01-24T13:41:46.000000","","app","urgent"
"3370","76","7","3","2024-01-28T15:39:59.000000","0.03","app","Gift"
"3371","93","6","2","2024-02-26T10:13:01.000000","0.27","app","Gift"
"3372","86","8","1","2024-01-30T16:19:59.000000","0.18","web","gift "
"3373","192","15","2","2024-02-04T22:24:44.000000","0.12","web"," OK "
"3374","176","2","5","2024-01-23T00:04:25.000000","0.15","app","gift "
"3375","180","33","4","2024-02-01T02:01:41.000000","0.09","web","  "
"3376","122","29","3","2024-03-03T08:24:13.000000","0.26","app","VIP"
"3377","39","26","1","2024-02-18T01:14:10.000000","0.17","web","gift "
"3378","29","8","5","2024-03-30T18:40:22.000000","0.15","app","  "
"3379","55","35","4","2024-03-10T11:13:07.000000","0.27","app","VIP"
"3380","131","1","1","2024-01-02T12:21:25.000000","0.25","web","VIP"
"3381","73","40","2","2024-02-04T02:21:17.000000","","web","gift "
"3382","132","30","1","2024-01-27T02:04:39.000000","0.07","app","gift "
"3383","176","9","5","2024-02-22T21:02:31.000000","","web","return?"
"3384","67","8","5","2024-01-24T21:49:11.000000","0.21","web","VIP"
"3385","186","28","3","2024-03-27T22:59:51.000000","0.14","app","urgent"
"3386","103","33","1","2024-01-27T22:39:07.000000","0.21","web","gift "
"3387","161","19","4","2024-02-16T23:28:37.000000","0.23","app","VIP"
"3388","12","3","2","2024-01-12T01:29:19.000000","0.09","web","gift "
"3389","56","20","1","2024-03-22T21:09:45.000000","0.09","web","gift "
"3390","187","20","2","2024-03-23T01:35:47.000000","0.15","web","  "
"3391","178","14","2","2024-03-12T10:19:58.000000","","store","Gift"
"3392","115","37","1","2024-02-01T15:31:03.000000","0.2","app","  "
"3393","7","14","4","2024-01-06T06:49:56.000000","","web","VIP"
"3394","12","10","2","2024-03-04T23:41:11.000000","0.14","web","return?"
"3395","85","28","3","2024-02-08T14:51:12.000000","","app","return?"
"3396","180","25","3","2024-03-30T03:12:37.000000","0.15","app","  "
"3397","76","25","4","2024-03-03T20:22:03.000000","","web","VIP"
"3398","177","21","4","2024-02-18T11:26:58.000000","0.07","web","VIP"
"3399","108","13","3","2024-03-29T19:17:51.000000","0.22","web","Gift"
"3400","27","11","5","2024-03-13T01:00:57.000000","0.21","app","return?"
"3401","113","5","3","2024-02-11T06:05:34.000000","0.08","app","gift "
"3402","73","8","1","2024-01-02T16:43:32.000000","0.17","app","return?"
"3403","46","24","5","2024-01-09T08:24:59.000000","0.26","app","urgent"
"3404","136","17","4","2024-02-09T22:25:48.000000","0.07","web","Gift"
"3405","41","30","3","2024-02-20T13:56:23.000000","0.22","app","  "
"3406","182","33","2","2024-01-03T17:07:41.000000","0.29","app","  "
"3407","161","23","5","2024-01-12T09:22:40.000000","0.26","web","Gift"
"3408","157","5","3","2024-03-04T09:16:39.000000","0.12","store","urgent"
"3409","16","1","2","2024-03-08T15:16:56.000000","0.18","web","urgent"
"3410","193","10","4","2024-01-03T16:23:33.000000","","app","VIP"
"3411","99","12","2","2024-02-15T16:34:56.000000","","app"," OK "
"3412","147","3","3","2024-01-08T06:54:17.000000","","store"," OK "
"3413","39","32","4","2024-03-06T02:36:42.000000","","web","return?"
"3414","154","15","2","2024-03-16T01:35:54.000000","0.24","store","return?"
"3415","64","30","1","2024-03-19T05:49:17.000000","0.13","web"," OK "
"3416","142","9","2","2024-02-23T20:03:27.000000","0.07","web"," OK "
"3417","56","1","1","2024-02-26T14:31:39.000000","0.1","store","Gift"
"3418","187","6","2","2024-03-24T09:26:11.000000","0.23","web","  "
"3419","142","19","1","2024-02-25T02:52:08.000000","0.14","app","urgent"
"3420","91","20","3","2024-02-10T03:57:09.000000","","web","return?"
"3421","92","18","3","2024-03-08T21:52:18.000000","0.22","store","gift "
"3422","1","39","2","2024-02-23T04:12:45.000000","0.29","app","gift "
"3423","60","27","4","2024-03-16T19:42:10.000000","0.27","web","urgent"
"3424","158","30","1","2024-02-17T05:21:11.000000","0.08","app","Gift"
"3425","167","5","1","2024-03-19T05:09:22.000000","0.2","web","VIP"
"3426","200","19","3","2024-01-05T00:54:23.000000","0.01","app","  "
"3427","18","25","1","2024-01-04T06:41:21.000000","0.3","app","urgent"
"3428","51","24","5","2024-01-09T21:55:24.000000","","app","gift "
"3429","154","38","2","2024-02-20T01:22:15.000000","","app","urgent"
"3430","73","20","3","2024-03-04T19:23:16.000000","","app","Gift"
"3431","50","15","2","2024-01-20T11:08:30.000000","0.05","app","urgent"
"3432","57","38","3","2024-01-15T00:24:54.000000","0.25","store","return?"
"3433","184","14","1","2024-03-18T10:20:49.000000","0.0","web","Gift"
"3434","172","23","5","2024-03-08T13:09:53.000000","","web","gift "
"3435","2","2","1","2024-02-28T08:32:20.000000","0.14","app","  "
"3436","169","7","2","2024-02-13T22:52:27.000000","0.11","web"," OK "
"3437","112","3","5","2024-02-07T19:40:49.000000","0.18","web","urgent"
"3438","169","17","3","2024-01-02T20:20:24.000000","0.27","app","return?"
"3439","125","38","4","2024-01-17T22:18:18.000000","0.1","app","  "
"3440","138","3","1","2024-03-21T17:30:15.000000","0.17","web","urgent"
"3441","116","40","2","2024-01-31T12:17:27.000000","0.26","web","gift "
"3442","147","35","4","2024-03-04T09:48:43.000000","0.23","web","return?"
"3443","164","1","2","2024-03-04T08:09:35.000000","0.01","web","urgent"
"3444","102","1","3","2024-01-28T20:21:06.000000","0.28","web","Gift"
"3445","23","37","1","2024-01-19T09:24:59.000000","","app","urgent"
"3446","19","24","3","2024-03-03T06:00:00.000000","0.18","web","  "
"3447","84","7","2","2024-01-09T10:08:20.000000","0.17","app","gift "
"3448","95","39","5","2024-02-14T12:49:03.000000","0.24","store","gift "
"3449","173","23","2","2024-03-20T22:08:31.000000","0.04","web","Gift"
"3450","7","26","5","2024-03-05T00:28:16.000000","0.05","store","Gift"
"3451","178","28","5","2024-03-09T18:41:39.000000","","web","gift "
"3452","12","9","5","2024-01-08T11:51:28.000000","0.04","app","VIP"
"3453","100","15","4","2024-01-18T23:33:25.000000","0.14","store","VIP"
"3454","85","6","3","2024-01-25T18:12:43.000000","0.22","app","VIP"
"3455","112","22","3","2024-01-27T07:23:34.000000","0.2","web"," OK "
"3456","9","40","1","2024-01-18T11:12:57.000000","0.06","web","gift "
"3457","153","26","1","2024-03-28T11:40:17.000000","0.09","web","Gift"
"3458","27","28","2","2024-01-15T20:18:06.000000","0.29","store","return?"
"3459","156","8","4","2024-03-04T17:40:42.000000","","web","Gift"
"3460","114","22","1","2024-02-22T19:23:00.000000","0.01","app","urgent"
"3461","178","40","5","2024-02-24T22:43:39.000000","","web","urgent"
"3462","196","4","5","2024-01-20T07:39:01.000000","0.1","web","urgent"
"3463","169","9","1","2024-01-28T16:28:39.000000","0.3","web","gift "
"3464","91","29","1","2024-02-24T14:02:11.000000","","web","urgent"
"3465","83","1","5","2024-01-27T22:06:37.000000","0.01","app","gift "
"3466","133","9","1","2024-03-03T11:17:12.000000","0.15","web","urgent"
"3467","130","38","1","2024-01-04T13:22:15.000000","0.03","web","  "
"3468","159","1","1","2024-01-07T13:17:32.000000","0.08","app","  "
"3469","97","18","4","2024-03-06T13:31:14.000000","","web","  "
"3470","93","14","1","2024-02-25T12:11:59.000000","","app","return?"
"3471","24","16","1","2024-01-04T21:15:30.000000","0.02","app"," OK "
"3472","34","11","2","2024-03-21T21:55:29.000000","","app"," OK "
"3473","165","12","4","2024-01-01T10:29:30.000000","0.05","web","gift "
"3474","198","31","5","2024-03-26T23:59:36.000000","0.04","web","gift "
"3475","121","2","2","2024-03-06T15:42:33.000000","0.18","app","VIP"
"3476","69","6","2","2024-03-29T22:22:56.000000","0.15","store","urgent"
"3477","12","11","3","2024-03-26T09:34:02.000000","0.22","web","gift "
"3478","9","34","3","2024-01-29T04:21:05.000000","0.27","web","  "
"3479","136","16","4","2024-03-09T02:02:47.000000","","web","  "
"3480","129","2","2","2024-01-19T23:34:15.000000","0.28","app","gift "
"3481","57","21","4","2024-02-12T10:44:34.000000","0.16","web","  "
"3482","38","26","5","2024-01-22T14:38:00.000000","0.08","store","urgent"
"3483","14","19","4","2024-02-13T17:51:27.000000","0.25","web","gift "
"3484","137","4","4","2024-03-19T12:15:26.000000","0.01","store","gift "
"3485","122","36","1","2024-02-09T06:03:16.000000","0.17","web"," OK "
"3486","67","35","5","2024-01-09T07:34:15.000000","0.22","web","return?"
"3487","147","37","4","2024-01-30T05:13:49.000000","0.08","web","  "
"3488","170","39","4","2024-03-11T18:53:22.000000","","web","VIP"
"3489","104","13","1","2024-02-16T22:54:09.000000","0.07","store","gift "
"3490","53","17","3","2024-02-20T10:00:13.000000","0.25","web","return?"
"3491","2","39","4","2024-02-08T19:17:09.000000","","web"," OK "
"3492","160","18","4","2024-01-27T08:24:08.000000","0.05","store","return?"
"3493","116","35","1","2024-02-23T20:02:33.000000","0.11","web","urgent"
"3494","70","26","1","2024-02-26T23:28:16.000000","0.26","web","return?"
"3495","2","38","3","2024-03-21T19:56:21.000000","0.04","web"," OK "
"3496","163","1","4","2024-02-25T14:24:28.000000","0.26","web","Gift"
"3497","186","29","2","2024-03-30T13:13:13.000000","0.07","store","gift "
"3498","97","33","4","2024-03-15T09:24:22.000000","0.14","web","  "
"3499","54","8","5","2024-01-08T02:05:07.000000","0.11","app"," OK "
"3500","124","30","5","2024-02-05T07:05:27.000000","0.04","web","Gift"
"3501","175","8","4","2024-02-04T14:54:58.000000","0.28","web","VIP"
"3502","118","37","4","2024-01-01T06:31:29.000000","0.13","app","urgent"
"3503","3","37","1","2024-01-17T06:19:31.000000","0.21","app","return?"
"3504","40","1","1","2024-03-09T14:19:34.000000","0.17","app","  "
"3505","20","21","4","2024-02-01T16:34:48.000000","0.15","web","return?"
"3506","83","16","5","2024-01-14T07:25:03.000000","0.18","web","return?"
"3507","91","36","1","2024-01-26T20:56:30.000000","0.27","app","urgent"
"3508","108","13","3","2024-01-25T17:21:30.000000","0.21","app","return?"
"3509","152","29","2","2024-01-16T17:00:00.000000","0.16","web","gift "
"3510","23","5","1","2024-01-10T02:34:28.000000","0.19","web","urgent"
"3511","189","9","2","2024-03-09T18:24:15.000000","0.18","app","return?"
"3512","53","40","3","2024-03-15T04:58:09.000000","0.13","web","gift "
"3513","105","16","4","2024-02-14T15:59:01.000000","","app","  "
"3514","43","31","5","2024-02-25T09:24:08.000000","0.13","app","  "
"3515","72","39","5","2024-03-23T17:34:13.000000","0.23","web","Gift"
"3516","167","39","1","2024-03-16T20:09:09.000000","0.29","web","return?"
"3517","9","1","5","2024-01-03T22:23:58.000000","0.29","app","VIP"
"3518","97","10","3","2024-03-26T18:23:01.000000","0.25","app","gift "
"3519","117","29","1","2024-01-07T00:40:21.000000","0.18","store","  "
"3520","114","38","4","2024-01-03T09:23:45.000000","0.22","app"," OK "
"3521","77","40","1","2024-02-06T07:04:15.000000","0.05","web","VIP"
"3522","76","29","3","2024-03-08T03:02:32.000000","0.14","web","return?"
"3523","182","5","5","2024-01-08T05:23:56.000000","0.08","app","return?"
"3524","49","30","5","2024-01-27T08:51:23.000000","0.0","web","gift "
"3525","97","11","2","2024-01-24T15:29:45.000000","0.29","app","return?"
"3526","73","33","1","2024-02-05T18:20:37.000000","","web","VIP"
"3527","154","22","3","2024-03-29T17:49:27.000000","0.15","web","gift "
"3528","162","8","1","2024-01-30T19:51:18.000000","0.08","web","VIP"
"3529","170","34","5","2024-01-19T19:21:09.000000","0.21","store","urgent"
"3530","17","40","2","2024-01-12T00:11:58.000000","0.13","app","  "
"3531","20","21","1","2024-01-18T19:56:03.000000","0.24","app","  "
"3532","76","33","2","2024-01-12T23:34:43.000000","0.3","web","gift "
"3533","89","3","2","2024-02-21T15:03:49.000000","0.1","store","  "
"3534","13","11","4","2024-02-07T20:17:37.000000","0.07","store","VIP"
"3535","179","6","5","2024-02-14T19:40:34.000000","0.08","web","  "
"3536","180","12","4","2024-03-15T21:26:12.000000","0.03","app","Gift"
"3537","85","16","4","2024-02-22T05:44:48.000000","","store","Gift"
"3538","154","18","2","2024-01-14T23:09:58.000000","0.01","web","gift "
"3539","114","13","5","2024-02-03T21:44:53.000000","","web","  "
"3540","132","22","5","2024-01-29T03:10:20.000000","0.08","app","Gift"
"3541","175","9","4","2024-03-15T09:48:24.000000","0.05","web","gift "
"3542","19","14","4","2024-01-28T15:10:16.000000","0.22","app","Gift"
"3543","47","34","2","2024-01-13T11:20:02.000000","","app","return?"
"3544","86","23","3","2024-03-07T05:46:20.000000","0.26","web","gift "
"3545","179","2","5","2024-02-08T13:19:41.000000","0.07","web","VIP"
"3546","119","14","3","2024-01-09T15:03:48.000000","","app","Gift"
"3547","80","34","4","2024-03-03T01:53:08.000000","","web","Gift"
"3548","6","8","5","2024-01-19T22:42:17.000000","","web","Gift"
"3549","119","37","5","2024-03-19T03:23:26.000000","0.08","web","gift "
"3550","54","12","2","2024-03-15T22:06:50.000000","0.15","app","  "
"3551","66","26","3","2024-02-03T06:16:28.000000","0.03","web","gift "
"3552","200","20","2","2024-02-20T00:05:10.000000","0.3","web","VIP"
"3553","106","26","3","2024-02-21T02:19:49.000000","","app","gift "
"3554","28","32","4","2024-02-28T19:24:08.000000","0.12","web","VIP"
"3555","10","6","2","2024-01-07T05:20:32.000000","","app"," OK "
"3556","78","15","2","2024-01-30T05:40:16.000000","0.07","web","Gift"
"3557","14","23","2","2024-01-16T07:53:21.000000","0.08","app","  "
"3558","86","11","4","2024-03-03T18:35:32.000000","0.24","web","Gift"
"3559","83","16","5","2024-01-07T05:20:18.000000","0.08","web","VIP"
"3560","176","36","1","2024-02-16T12:38:00.000000","0.0","web","  "
"3561","67","10","5","2024-03-06T12:13:21.000000","0.13","store","gift "
"3562","56","8","1","2024-03-26T08:29:43.000000","0.0","app","gift "
"3563","124","24","3","2024-01-26T22:12:34.000000","0.27","web","return?"
"3564","128","4","1","2024-01-01T17:13:18.000000","0.19","web","  "
"3565","8","1","5","2024-03-06T03:17:23.000000","0.17","web","return?"
"3566","17","35","4","2024-01-01T03:20:26.000000","0.06","web"," OK "
"3567","34","12","2","2024-01-06T23:25:13.000000","0.21","web","VIP"
"3568","156","5","4","2024-03-30T03:27:59.000000","0.2","store","return?"
"3569","42","27","5","2024-03-18T15:06:11.000000","0.02","web","return?"
"3570","199","20","2","2024-03-04T16:17:08.000000","0.26","store","gift "
"3571","89","19","4","2024-03-16T04:44:42.000000","","web","gift "
"3572","187","18","2","2024-01-07T18:45:32.000000","0.24","app","  "
"3573","50","6","4","2024-01-09T00:05:09.000000","0.08","web","return?"
"3574","85","35","3","2024-01-28T01:47:26.000000","0.04","web","return?"
"3575","28","1","4","2024-01-03T03:18:50.000000","0.21","app","return?"
"3576","170","20","4","2024-03-20T22:45:20.000000","0.24","web","return?"
"3577","120","11","4","2024-01-06T01:35:01.000000","0.12","store","  "
"3578","16","26","1","2024-02-18T23:07:35.000000","0.01","app","urgent"
"3579","149","22","5","2024-03-17T19:50:28.000000","","store","urgent"
"3580","178","16","1","2024-03-07T03:34:14.000000","0.06","app","return?"
"3581","138","22","2","2024-01-22T02:57:34.000000","0.1","web","urgent"
"3582","162","10","3","2024-02-12T07:55:12.000000","0.19","web"," OK "
"3583","56","6","5","2024-02-19T08:16:13.000000","0.03","app","gift "
"3584","87","37","4","2024-03-10T02:42:48.000000","0.02","web","VIP"
"3585","171","25","1","2024-02-08T08:41:14.000000","0.01","app","VIP"
"3586","122","27","2","2024-01-26T15:40:41.000000","0.27","web","urgent"
"3587","123","40","1","2024-03-12T14:20:06.000000","0.09","app","gift "
"3588","154","37","3","2024-03-20T18:47:42.000000","0.2","web","return?"
"3589","123","24","4","2024-02-14T00:01:13.000000","0.3","web","VIP"
"3590","26","32","4","2024-01-03T12:31:29.000000","0.2","store","return?"
"3591","43","22","4","2024-02-15T01:25:38.000000","0.16","app","VIP"
"3592","156","10","4","2024-03-21T00:52:10.000000","0.16","web"," OK "
"3593","49","25","5","2024-03-30T00:26:18.000000","0.11","web","urgent"
"3594","134","37","5","2024-02-06T02:14:10.000000","0.18","app","urgent"
"3595","95","36","2","2024-01-14T12:16:47.000000","0.29","web"," OK "
"3596","125","21","2","2024-02-21T11:52:18.000000","","app","return?"
"3597","48","38","1","2024-03-15T18:19:13.000000","0.13","app","  "
"3598","63","8","2","2024-03-26T01:12:38.000000","0.1","web","return?"
"3599","138","2","3","2024-01-05T15:46:46.000000","0.27","web","Gift"
"3600","35","17","4","2024-01-27T03:35:11.000000","0.04","web","return?"
"3601","62","9","5","2024-02-12T23:43:16.000000","0.25","web","return?"
"3602","200","39","3","2024-01-09T20:13:47.000000","0.08","app"," OK "
"3603","31","5","5","2024-03-20T18:28:59.000000","0.21","web","return?"
"3604","116","22","3","2024-01-11T02:17:14.000000","0.24","store"," OK "
"3605","31","31","5","2024-02-29T20:51:43.000000","0.14","app","gift "
"3606","142","5","5","2024-03-23T16:14:22.000000","0.06","web","urgent"
"3607","26","2","3","2024-03-02T16:03:48.000000","0.25","app","  "
"3608","115","23","5","2024-03-09T16:31:36.000000","0.11","web"," OK "
"3609","88","37","5","2024-01-24T16:45:55.000000","0.1","web","VIP"
"3610","139","1","2","2024-03-15T11:20:04.000000","0.15","app","gift "
"3611","1","1","2","2024-02-07T16:07:17.000000","0.13","web","return?"
"3612","104","38","1","2024-01-06T12:27:14.000000","","web","gift "
"3613","109","25","5","2024-02-02T23:48:54.000000","0.04","web","gift "
"3614","49","29","3","2024-02-01T11:39:18.000000","0.13","web","VIP"
"3615","60","12","3","2024-02-16T22:19:02.000000","0.27","app","return?"
"3616","142","13","2","2024-01-24T20:01:37.000000","0.01","store","Gift"
"3617","111","19","2","2024-02-11T14:24:44.000000","0.14","app","gift "
"3618","116","9","3","2024-02-08T12:24:51.000000","0.2","store","Gift"
"3619","188","18","3","2024-01-30T10:06:01.000000","0.27","app"," OK "
"3620","82","39","1","2024-03-03T15:51:16.000000","0.18","web","return?"
"3621","174","30","4","2024-01-28T11:50:17.000000","0.25","store","gift "
"3622","195","35","2","2024-03-09T22:05:13.000000","0.07","web","Gift"
"3623","116","20","2","2024-01-23T13:50:32.000000","0.11","web","VIP"
"3624","43","32","1","2024-03-18T20:07:53.000000","0.28","store","VIP"
"3625","84","17","1","2024-02-02T20:30:07.000000","0.27","app","return?"
"3626","10","25","2","2024-01-04T15:54:16.000000","0.17","store","gift "
"3627","140","30","4","2024-01-14T11:52:24.000000","0.14","web"," OK "
"3628","55","33","5","2024-03-13T13:30:56.000000","0.14","app","gift "
"3629","185","38","5","2024-03-19T11:44:43.000000","0.02","web","gift "
"3630","131","5","2","2024-01-20T01:52:35.000000","0.27","web","urgent"
"3631","98","32","4","2024-02-24T04:34:40.000000","0.25","store","  "
"3632","38","29","2","2024-02-21T16:35:19.000000","0.14","web","Gift"
"3633","20","30","1","2024-01-13T00:58:43.000000","0.08","app","return?"
"3634","135","1","3","2024-02-10T16:18:35.000000","0.1","store"," OK "
"3635","154","20","4","2024-03-03T10:44:10.000000","0.04","store","VIP"
"3636","54","39","4","2024-03-28T00:59:30.000000","0.22","web","  "
"3637","3","37","1","2024-03-17T06:57:34.000000","0.17","web","urgent"
"3638","64","10","4","2024-01-09T19:19:14.000000","0.07","store","Gift"
"3639","153","20","2","2024-01-22T09:04:37.000000","0.19","app","return?"
"3640","117","35","2","2024-02-09T07:17:47.000000","0.29","web","Gift"
"3641","17","38","1","2024-01-14T13:17:50.000000","0.04","web","  "
"3642","23","14","2","2024-02-21T08:41:10.000000","","web","gift "
"3643","22","33","3","2024-01-01T18:36:47.000000","0.15","store","return?"
"3644","152","34","1","2024-01-11T05:12:26.000000","0.05","web","  "
"3645","157","7","2","2024-01-05T06:03:38.000000","","app","VIP"
"3646","82","2","3","2024-01-27T14:15:12.000000","0.18","web","return?"
"3647","138","2","1","2024-03-09T14:27:46.000000","0.05","web"," OK "
"3648","5","6","5","2024-01-16T22:54:29.000000","0.05","app","VIP"
"3649","113","30","2","2024-03-29T20:19:20.000000","","store","return?"
"3650","55","16","4","2024-01-25T06:12:39.000000","","web"," OK "
"3651","165","28","4","2024-01-05T00:56:29.000000","0.19","web","gift "
"3652","98","4","4","2024-01-31T04:39:54.000000","0.19","app","urgent"
"3653","171","25","2","2024-03-08T07:49:59.000000","0.25","web","return?"
"3654","113","30","1","2024-01-10T14:22:07.000000","0.22","web","Gift"
"3655","92","40","1","2024-01-07T11:13:20.000000","0.25","app","urgent"
"3656","190","13","2","2024-03-17T10:34:56.000000","0.19","web"," OK "
"3657","200","22","3","2024-02-23T07:00:24.000000","0.13","app","VIP"
"3658","92","20","4","2024-01-31T21:24:34.000000","","web"," OK "
"3659","72","14","4","2024-03-09T01:07:21.000000","0.11","app","Gift"
"3660","130","26","5","2024-03-16T23:44:34.000000","0.13","app","gift "
"3661","35","23","5","2024-02-02T07:52:53.000000","0.04","app"," OK "
"3662","78","34","2","2024-02-20T12:09:08.000000","","app","urgent"
"3663","170","2","3","2024-01-01T23:37:08.000000","","app","return?"
"3664","180","9","5","2024-01-28T13:14:45.000000","0.01","web","gift "
"3665","84","24","4","2024-02-23T13:36:32.000000","0.08","web","Gift"
"3666","79","23","3","2024-01-18T17:44:15.000000","0.23","web","return?"
"3667","175","37","5","2024-03-30T05:05:18.000000","0.17","app"," OK "
"3668","41","27","1","2024-03-28T09:40:08.000000","0.24","web","urgent"
"3669","13","1","4","2024-01-24T04:27:13.000000","0.16","web","return?"
"3670","15","20","5","2024-02-05T16:08:38.000000","0.26","app","VIP"
"3671","23","34","3","2024-01-18T01:18:04.000000","","app","gift "
"3672","176","35","4","2024-02-15T08:31:56.000000","0.03","web","return?"
"3673","9","33","1","2024-01-12T03:40:47.000000","0.29","web","  "
"3674","67","20","4","2024-02-05T04:26:52.000000","0.0","app","VIP"
"3675","121","5","2","2024-02-19T23:21:07.000000","0.18","store","return?"
"3676","122","9","5","2024-02-25T01:35:05.000000","0.24","app","gift "
"3677","167","34","2","2024-02-23T16:19:17.000000","0.1","web","gift "
"3678","197","14","2","2024-01-20T22:15:57.000000","0.18","app","  "
"3679","81","31","2","2024-03-12T07:18:18.000000","0.11","web"," OK "
"3680","47","2","4","2024-03-03T06:10:39.000000","0.02","web","gift "
"3681","19","20","5","2024-03-08T18:38:17.000000","0.0","web","  "
"3682","179","39","2","2024-02-12T02:33:51.000000","0.03","web","Gift"
"3683","75","10","2","2024-03-21T07:53:22.000000","0.03","app","  "
"3684","180","2","4","2024-02-05T02:05:35.000000","0.18","app","Gift"
"3685","70","12","3","2024-03-13T12:28:08.000000","0.16","app","urgent"
"3686","152","3","3","2024-01-19T07:37:23.000000","0.14","app","urgent"
"3687","129","25","5","2024-01-23T06:05:48.000000","0.21","web","gift "
"3688","143","8","3","2024-02-17T09:46:07.000000","0.01","app","urgent"
"3689","131","10","4","2024-02-20T00:41:42.000000","","app","Gift"
"3690","62","24","5","2024-03-08T03:49:35.000000","0.23","app","gift "
"3691","21","14","2","2024-01-27T18:24:35.000000","0.27","web"," OK "
"3692","3","27","5","2024-03-19T12:55:29.000000","0.13","app","Gift"
"3693","85","38","5","2024-01-30T16:20:11.000000","0.02","app","Gift"
"3694","179","38","3","2024-02-18T01:50:09.000000","0.24","web","Gift"
"3695","129","30","2","2024-03-24T20:59:59.000000","0.27","store","return?"
"3696","135","39","1","2024-02-18T13:06:28.000000","0.12","web","return?"
"3697","52","30","1","2024-03-02T08:53:42.000000","0.07","web","Gift"
"3698","98","3","5","2024-03-22T18:37:45.000000","0.01","app","return?"
"3699","82","39","3","2024-03-28T17:06:55.000000","0.18","app","urgent"
"3700","28","23","4","2024-02-14T22:43:09.000000","","app","Gift"
"3701","123","1","2","2024-02-07T12:31:51.000000","","web","return?"
"3702","73","25","2","2024-01-18T17:22:13.000000","0.1","store"," OK "
"3703","81","10","5","2024-02-18T08:51:54.000000","","web","Gift"
"3704","120","22","4","2024-03-23T15:36:39.000000","0.25","web","VIP"
"3705","7","27","2","2024-02-13T20:10:09.000000","0.14","app","return?"
"3706","188","2","1","2024-02-01T08:42:44.000000","","web","return?"
"3707","45","18","5","2024-01-10T15:44:24.000000","0.12","app","return?"
"3708","136","3","1","2024-02-05T01:49:19.000000","0.1","store","return?"
"3709","156","5","1","2024-01-22T07:16:34.000000","0.17","web","gift "
"3710","31","9","2","2024-03-28T21:42:07.000000","0.14","web","Gift"
"3711","50","32","5","2024-02-17T11:41:40.000000","0.29","web","Gift"
"3712","83","17","4","2024-01-13T07:53:29.000000","0.15","app"," OK "
"3713","164","2","1","2024-01-07T01:31:42.000000","","app"," OK "
"3714","128","30","5","2024-03-17T13:36:21.000000","","store","return?"
"3715","94","22","5","2024-03-24T19:57:27.000000","0.16","app","urgent"
"3716","170","6","4","2024-03-09T16:05:14.000000","0.11","store","  "
"3717","95","23","1","2024-01-12T03:30:08.000000","0.22","web","urgent"
"3718","178","10","1","2024-01-09T20:17:48.000000","","web","  "
"3719","155","26","5","2024-01-18T19:38:18.000000","0.12","web","gift "
"3720","35","38","5","2024-03-08T14:27:17.000000","0.19","app"," OK "
"3721","77","13","5","2024-03-09T21:05:37.000000","0.02","web","Gift"
"3722","6","30","3","2024-03-16T09:45:05.000000","0.2","web","VIP"
"3723","48","1","3","2024-01-09T17:22:42.000000","","web","VIP"
"3724","5","17","1","2024-01-14T18:56:28.000000","0.14","web","Gift"
"3725","22","36","1","2024-03-22T00:36:02.000000","0.22","app","Gift"
"3726","1","3","2","2024-03-24T14:05:15.000000","0.23","store","VIP"
"3727","135","38","4","2024-03-06T07:30:50.000000","0.25","web","Gift"
"3728","82","4","3","2024-01-10T13:02:33.000000","0.11","app"," OK "
"3729","94","20","4","2024-01-07T04:13:15.000000","0.1","web"," OK "
"3730","153","8","3","2024-01-06T00:04:04.000000","0.21","web","Gift"
"3731","162","1","3","2024-03-03T06:23:22.000000","0.17","web","urgent"
"3732","107","14","5","2024-03-17T03:17:19.000000","0.19","app"," OK "
"3733","92","24","4","2024-02-26T20:19:03.000000","0.17","app","VIP"
"3734","130","29","5","2024-01-24T14:08:27.000000","0.23","app","gift "
"3735","83","13","5","2024-03-09T03:52:29.000000","0.06","app","  "
"3736","89","20","4","2024-01-06T07:43:15.000000","0.17","web"," OK "
"3737","60","8","5","2024-03-15T12:54:26.000000","0.05","app","Gift"
"3738","38","30","2","2024-03-21T06:28:03.000000","0.12","app","gift "
"3739","40","7","3","2024-03-05T15:38:13.000000","0.2","web","  "
"3740","132","35","1","2024-03-20T03:12:39.000000","0.15","web","return?"
"3741","167","8","1","2024-02-22T18:08:26.000000","0.11","web","gift "
"3742","85","27","1","2024-02-12T03:40:02.000000","0.27","web","gift "
"3743","20","14","1","2024-01-30T00:31:14.000000","0.23","web","return?"
"3744","123","40","3","2024-03-23T22:53:30.000000","0.16","web","Gift"
"3745","181","12","4","2024-03-03T18:06:39.000000","0.29","store","Gift"
"3746","106","38","5","2024-01-18T03:28:05.000000","0.13","store","urgent"
"3747","6","34","5","2024-03-27T03:03:31.000000","0.24","app","VIP"
"3748","17","19","1","2024-01-06T07:52:56.000000","0.05","app"," OK "
"3749","105","20","3","2024-02-22T21:02:49.000000","0.09","store","urgent"
"3750","173","15","3","2024-01-18T03:34:24.000000","0.1","web","Gift"
"3751","12","18","1","2024-02-29T18:59:05.000000","0.03","app","gift "
"3752","151","19","1","2024-02-07T03:19:45.000000","0.15","app"," OK "
"3753","156","6","2","2024-02-09T08:11:47.000000","0.06","store","gift "
"3754","11","13","5","2024-03-01T10:31:57.000000","0.19","app","return?"
"3755","43","36","2","2024-03-09T01:13:15.000000","0.06","web"," OK "
"3756","1","40","2","2024-02-04T04:53:30.000000","","app","gift "
"3757","114","3","5","2024-03-30T18:57:41.000000","0.29","web","  "
"3758","35","30","2","2024-02-14T20:42:00.000000","0.2","web","Gift"
"3759","184","10","4","2024-01-15T10:26:27.000000","0.28","app","  "
"3760","19","27","5","2024-01-01T13:49:16.000000","0.15","app","Gift"
"3761","130","25","1","2024-01-19T05:11:43.000000","0.01","web","urgent"
"3762","158","36","3","2024-03-03T04:45:44.000000","0.17","web","VIP"
"3763","36","29","2","2024-02-18T13:11:08.000000","0.17","app","return?"
"3764","51","33","1","2024-01-31T09:42:49.000000","0.0","web","Gift"
"3765","160","33","1","2024-02-13T07:46:15.000000","0.26","app"," OK "
"3766","19","26","4","2024-03-16T10:20:58.000000","0.19","web","urgent"
"3767","89","17","4","2024-02-21T10:35:26.000000","","app","return?"
"3768","51","14","3","2024-01-06T05:29:17.000000","","web","return?"
"3769","3","14","4","2024-01-05T09:59:59.000000","0.19","store","gift "
"3770","91","15","4","2024-02-13T09:13:44.000000","0.08","store","return?"
"3771","98","12","1","2024-02-06T09:14:13.000000","0.29","web","urgent"
"3772","70","13","1","2024-03-17T13:04:58.000000","0.12","app","Gift"
"3773","163","23","2","2024-02-22T11:13:58.000000","0.05","app"," OK "
"3774","20","11","3","2024-03-09T02:49:18.000000","0.02","web","gift "
"3775","86","14","5","2024-02-22T16:00:47.000000","0.19","app","  "
"3776","37","29","5","2024-02-01T01:48:11.000000","0.3","store","return?"
"3777","152","14","5","2024-02-29T03:50:28.000000","","app","VIP"
"3778","112","5","2","2024-02-25T22:17:09.000000","0.21","store","  "
"3779","142","1","3","2024-03-05T19:39:59.000000","0.3","web","  "
"3780","22","31","1","2024-01-18T00:45:37.000000","0.22","store","  "
"3781","92","38","3","2024-02-27T17:44:31.000000","0.1","store","Gift"
"3782","11","28","1","2024-01-26T16:36:54.000000","0.18","web","gift "
"3783","65","3","5","2024-03-12T02:55:30.000000","0.02","web","urgent"
"3784","190","23","3","2024-03-12T20:48:48.000000","0.07","app"," OK "
"3785","146","11","4","2024-02-26T05:28:58.000000","0.13","store","VIP"
"3786","16","13","1","2024-03-26T04:52:04.000000","0.06","web","gift "
"3787","74","37","5","2024-02-18T09:00:59.000000","","web","return?"
"3788","175","33","3","2024-01-03T06:17:51.000000","","app"," OK "
"3789","35","30","1","2024-02-24T13:23:03.000000","0.11","web","Gift"
"3790","152","21","2","2024-03-10T23:49:28.000000","0.21","app","urgent"
"3791","65","24","2","2024-01-10T02:34:39.000000","0.12","app","VIP"
"3792","96","37","1","2024-01-10T09:56:14.000000","0.04","store","Gift"
"3793","176","27","1","2024-01-25T14:01:05.000000","0.1","web","  "
"3794","135","24","4","2024-03-16T23:34:24.000000","0.07","store"," OK "
"3795","57","4","5","2024-02-17T11:11:00.000000","0.1","app","gift "
"3796","2","40","4","2024-03-28T21:06:36.000000","0.06","store","gift "
"3797","47","33","4","2024-03-19T13:39:08.000000","0.03","web","  "
"3798","84","15","1","2024-02-19T22:26:27.000000","0.07","app","  "
"3799","27","11","1","2024-03-02T02:45:04.000000","0.27","app"," OK "
"3800","177","39","1","2024-01-30T18:57:50.000000","0.03","app"," OK "
"3801","12","39","5","2024-01-09T03:16:53.000000","0.1","web"," OK "
"3802","109","17","4","2024-02-05T21:16:24.000000","0.16","web","urgent"
"3803","196","10","5","2024-02-23T07:18:50.000000","0.11","web","VIP"
"3804","67","32","5","2024-01-17T09:32:09.000000","0.16","web","urgent"
"3805","108","26","2","2024-01-20T22:57:14.000000","0.01","app","return?"
"3806","15","37","3","2024-01-02T08:23:14.000000","0.19","store"," OK "
"3807","146","22","4","2024-03-07T01:28:32.000000","0.17","app","gift "
"3808","196","23","4","2024-03-21T22:46:00.000000","","web","VIP"
"3809","155","6","4","2024-03-15T11:16:20.000000","0.17","web"," OK "
"3810","30","25","3","2024-02-04T04:47:37.000000","0.13","web","gift "
"3811","71","15","1","2024-02-23T09:51:55.000000","","web"," OK "
"3812","145","9","5","2024-03-27T11:20:13.000000","0.07","app","VIP"
"3813","160","32","4","2024-02-23T05:20:35.000000","0.15","web","gift "
"3814","81","14","5","2024-01-27T15:07:01.000000","0.01","web","return?"
"3815","193","9","2","2024-01-31T11:21:27.000000","","app","  "
"3816","41","39","1","2024-03-06T10:36:20.000000","","web","Gift"
"3817","149","39","5","2024-02-10T03:54:00.000000","0.03","web","urgent"
"3818","100","20","5","2024-03-16T08:34:48.000000","0.02","app","urgent"
"3819","143","12","5","2024-03-18T18:28:26.000000","0.2","web"," OK "
"3820","120","7","3","2024-01-04T05:24:02.000000","0.12","app","Gift"
"3821","87","26","5","2024-03-06T02:22:18.000000","0.24","web","VIP"
"3822","164","25","2","2024-02-03T07:06:44.000000","0.28","app","Gift"
"3823","169","25","4","2024-02-16T18:40:04.000000","0.29","web","urgent"
"3824","164","31","3","2024-01-24T19:57:16.000000","0.13","web"," OK "
"3825","18","19","1","2024-02-03T03:22:55.000000","","app","gift "
"3826","85","28","4","2024-01-30T17:37:17.000000","0.18","web","urgent"
"3827","150","27","2","2024-01-05T12:49:12.000000","","web","VIP"
"3828","174","32","1","2024-03-11T10:47:10.000000","0.19","web","Gift"
"3829","73","30","4","2024-01-13T20:53:45.000000","0.1","web"," OK "
"3830","149","2","4","2024-02-03T19:43:28.000000","0.02","web","urgent"
"3831","114","25","2","2024-01-18T08:56:03.000000","0.06","store","gift "
"3832","45","40","5","2024-01-15T10:54:58.000000","","web"," OK "
"3833","179","23","4","2024-02-03T14:30:30.000000","0.04","app"," OK "
"3834","89","22","1","2024-03-23T16:32:03.000000","0.28","web","return?"
"3835","122","25","2","2024-03-25T23:21:00.000000","0.0","web","Gift"
"3836","58","23","5","2024-02-04T08:28:20.000000","0.18","app","VIP"
"3837","6","17","1","2024-02-15T11:07:52.000000","0.28","app","return?"
"3838","91","40","5","2024-03-29T17:06:32.000000","","store"," OK "
"3839","145","3","3","2024-01-22T03:15:17.000000","0.16","web","  "
"3840","66","33","4","2024-03-26T00:34:05.000000","0.21","web","VIP"
"3841","186","7","4","2024-01-10T12:25:13.000000","0.1","app"," OK "
"3842","151","9","3","2024-01-21T07:50:42.000000","0.14","web","Gift"
"3843","129","25","3","2024-01-31T10:44:23.000000","0.25","web"," OK "
"3844","162","26","3","2024-01-04T08:06:06.000000","0.22","web"," OK "
"3845","173","38","4","2024-03-14T09:58:41.000000","0.24","web","Gift"
"3846","145","12","4","2024-03-17T23:41:54.000000","0.3","app","urgent"
"3847","166","2","3","2024-02-04T12:01:13.000000","0.11","store","return?"
"3848","143","11","3","2024-03-16T06:35:36.000000","0.22","app","urgent"
"3849","173","22","4","2024-03-10T12:36:45.000000","0.18","web","VIP"
"3850","21","15","4","2024-03-13T03:02:09.000000","0.2","app"," OK "
"3851","69","11","4","2024-03-13T05:50:33.000000","0.22","app","  "
"3852","178","37","3","2024-02-21T14:43:18.000000","0.22","app","  "
"3853","95","23","3","2024-01-10T23:22:22.000000","0.27","app","urgent"
"3854","3","27","3","2024-03-24T02:43:50.000000","0.1","store","gift "
"3855","170","30","3","2024-02-24T18:42:18.000000","0.2","web","return?"
"3856","132","17","1","2024-03-22T02:43:51.000000","0.08","app","  "
"3857","183","30","3","2024-03-27T07:38:50.000000","0.18","app","VIP"
"3858","4","39","3","2024-01-17T20:16:15.000000","0.23","store","Gift"
"3859","30","29","1","2024-02-06T04:37:05.000000","0.24","store","urgent"
"3860","103","12","5","2024-01-18T07:47:13.000000","0.13","web","gift "
"3861","37","32","4","2024-01-05T14:02:21.000000","0.15","app","Gift"
"3862","105","10","1","2024-03-27T23:26:16.000000","0.1","web","return?"
"3863","70","3","2","2024-03-24T02:20:01.000000","0.05","app","Gift"
"3864","43","18","3","2024-03-24T20:33:46.000000","0.08","web","  "
"3865","155","21","5","2024-03-20T12:43:09.000000","0.27","web","  "
"3866","8","19","3","2024-02-28T09:21:03.000000","0.09","store","Gift"
"3867","175","11","5","2024-02-16T23:49:31.000000","0.29","app","Gift"
"3868","31","11","1","2024-03-30T05:35:01.000000","0.07","web","VIP"
"3869","117","37","3","2024-02-19T16:52:00.000000","0.22","web","urgent"
"3870","199","12","5","2024-02-27T19:39:06.000000","","web","Gift"
"3871","23","32","5","2024-01-20T01:21:38.000000","0.21","web","  "
"3872","186","11","2","2024-03-08T04:53:22.000000","0.19","web"," OK "
"3873","61","5","4","2024-03-14T18:00:49.000000","0.21","store","  "
"3874","149","3","1","2024-03-02T01:37:11.000000","0.27","web","VIP"
"3875","172","10","1","2024-02-14T20:58:33.000000","0.17","web","gift "
"3876","47","34","5","2024-01-18T19:23:42.000000","0.02","app","  "
"3877","70","19","4","2024-01-04T01:10:33.000000","0.08","web","gift "
"3878","173","28","2","2024-02-26T10:59:24.000000","0.21","web","  "
"3879","21","39","5","2024-03-02T11:18:44.000000","0.15","web"," OK "
"3880","22","2","5","2024-03-10T12:50:56.000000","0.16","web","  "
"3881","61","5","1","2024-03-26T13:04:18.000000","0.18","app","gift "
"3882","121","37","1","2024-02-14T18:18:00.000000","0.11","app"," OK "
"3883","162","23","2","2024-03-15T14:57:54.000000","0.23","web","VIP"
"3884","113","25","4","2024-03-05T11:11:20.000000","","app","urgent"
"3885","99","14","3","2024-01-25T22:44:52.000000","0.21","store","  "
"3886","175","34","3","2024-03-17T01:27:37.000000","0.21","app","VIP"
"3887","35","26","3","2024-01-05T19:10:55.000000","0.27","store","return?"
"3888","181","11","3","2024-02-23T21:36:09.000000","0.18","store","  "
"3889","63","26","4","2024-03-25T15:09:32.000000","0.29","app","VIP"
"3890","56","1","1","2024-02-29T07:21:38.000000","","web","  "
"3891","191","10","3","2024-03-25T08:03:19.000000","0.19","web","VIP"
"3892","130","9","2","2024-01-06T01:18:07.000000","0.22","app","return?"
"3893","87","32","4","2024-02-17T22:01:01.000000","0.14","app","gift "
"3894","67","30","1","2024-03-11T06:07:20.000000","0.09","app","Gift"
"3895","89","4","1","2024-02-27T19:24:20.000000","","app","urgent"
"3896","159","37","3","2024-03-20T05:57:31.000000","0.11","app","return?"
"3897","31","33","3","2024-02-11T15:12:58.000000","0.27","app","return?"
"3898","35","18","3","2024-03-02T10:25:21.000000","0.11","app","  "
"3899","61","9","5","2024-02-07T18:41:35.000000","0.05","web","  "
"3900","97","17","4","2024-03-19T11:46:43.000000","0.17","web","urgent"
"3901","163","24","2","2024-01-11T18:00:31.000000","0.12","web","return?"
"3902","43","26","4","2024-01-23T20:53:56.000000","0.03","web"," OK "
"3903","158","14","3","2024-01-09T16:59:10.000000","","app","  "
"3904","182","5","2","2024-03-04T04:32:12.000000","0.16","web","urgent"
"3905","88","25","1","2024-01-21T22:42:05.000000","0.05","store","gift "
"3906","193","29","1","2024-01-29T13:01:02.000000","0.18","web"," OK "
"3907","179","11","2","2024-03-16T07:08:38.000000","0.17","app"," OK "
"3908","160","26","5","2024-02-02T09:59:40.000000","0.23","web","Gift"
"3909","77","23","3","2024-01-14T02:59:51.000000","0.11","app","Gift"
"3910","61","21","3","2024-01-02T21:17:47.000000","0.07","web","return?"
"3911","173","1","2","2024-01-21T09:40:08.000000","0.29","app","  "
"3912","89","13","2","2024-03-23T07:43:13.000000","","app"," OK "
"3913","7","15","4","2024-02-19T09:00:22.000000","0.01","app","return?"
"3914","144","34","1","2024-03-30T12:50:20.000000","","app","  "
"3915","70","34","4","2024-01-20T08:41:00.000000","0.06","app","VIP"
"3916","188","35","5","2024-02-01T15:11:40.000000","0.24","app","return?"
"3917","172","19","5","2024-01-15T16:31:35.000000","0.21","web","gift "
"3918","21","14","2","2024-02-05T20:29:58.000000","0.29","store","urgent"
"3919","181","20","5","2024-02-20T16:45:47.000000","0.29","web","gift "
"3920","190","32","2","2024-03-13T17:33:30.000000","0.08","web","  "
"3921","152","25","2","2024-02-03T03:04:53.000000","0.23","web"," OK "
"3922","56","25","2","2024-03-10T10:30:27.000000","0.1","web","return?"
"3923","134","18","1","2024-02-26T08:30:14.000000","0.19","web","Gift"
"3924","174","28","2","2024-01-27T06:18:53.000000","","app","  "
"3925","164","35","5","2024-03-23T02:21:48.000000","0.02","app","return?"
"3926","87","27","4","2024-02-09T01:58:10.000000","0.0","store","return?"
"3927","142","17","2","2024-01-14T14:08:42.000000","0.02","web","VIP"
"3928","78","34","2","2024-03-27T15:25:47.000000","0.04","app","Gift"
"3929","51","38","2","2024-03-23T05:01:00.000000","0.08","web","gift "
"3930","135","32","1","2024-01-05T11:00:34.000000","0.27","web","gift "
"3931","94","36","1","2024-03-22T05:22:41.000000","0.16","web","return?"
"3932","45","11","5","2024-03-26T06:20:08.000000","","app"," OK "
"3933","133","17","4","2024-03-15T14:49:45.000000","0.25","app"," OK "
"3934","65","10","4","2024-01-23T22:47:34.000000","","web"," OK "
"3935","118","15","2","2024-02-26T19:34:39.000000","0.12","web","return?"
"3936","73","30","5","2024-02-18T10:36:01.000000","0.26","web","gift "
"3937","178","28","1","2024-02-25T19:31:00.000000","0.22","web","  "
"3938","171","1","5","2024-02-25T11:31:07.000000","0.22","app"," OK "
"3939","95","31","3","2024-02-27T12:41:57.000000","0.27","app"," OK "
"3940","143","8","2","2024-02-16T06:14:30.000000","","app","  "
"3941","36","8","4","2024-03-03T03:28:13.000000","0.16","store","  "
"3942","200","22","3","2024-02-17T09:28:12.000000","0.27","web","Gift"
"3943","43","10","2","2024-01-02T11:36:05.000000","0.14","store"," OK "
"3944","174","39","4","2024-01-04T04:12:32.000000","0.24","app","gift "
"3945","170","6","4","2024-03-27T05:28:47.000000","0.02","web","  "
"3946","36","7","4","2024-03-22T19:58:51.000000","0.0","app","urgent"
"3947","2","31","3","2024-02-22T16:54:14.000000","0.16","web","Gift"
"3948","148","12","2","2024-01-16T17:06:48.000000","0.02","app","VIP"
"3949","174","29","3","2024-03-11T07:57:58.000000","","app","urgent"
"3950","144","28","5","2024-01-13T21:30:26.000000","0.0","store"," OK "
"3951","12","8","2","2024-02-03T22:55:43.000000","","app","  "
"3952","130","24","5","2024-01-30T16:29:49.000000","0.07","app"," OK "
"3953","79","22","1","2024-01-02T02:46:40.000000","","web","gift "
"3954","184","4","1","2024-03-13T15:08:31.000000","0.11","store","gift "
"3955","161","31","2","2024-02-15T21:01:36.000000","0.01","app"," OK "
"3956","160","35","1","2024-01-29T11:06:21.000000","0.01","app","  "
"3957","82","38","5","2024-02-15T15:31:50.000000","0.17","store","VIP"
"3958","65","4","2","2024-01-01T00:00:06.000000","0.3","web","return?"
"3959","165","8","1","2024-02-09T07:53:48.000000","0.29","web","urgent"
"3960","24","34","4","2024-02-16T18:17:40.000000","0.1","app","Gift"
"3961","21","13","5","2024-01-31T13:47:19.000000","","store","  "
"3962","13","26","5","2024-03-15T17:37:19.000000","0.03","app","  "
"3963","103","14","1","2024-01-23T11:37:27.000000","0.16","web","  "
"3964","16","9","4","2024-01-13T09:42:04.000000","0.18","web","Gift"
"3965","117","25","2","2024-02-17T11:29:48.000000","0.08","app"," OK "
"3966","34","9","5","2024-03-20T20:31:03.000000","0.18","web"," OK "
"3967","179","6","4","2024-02-03T18:36:02.000000","0.27","store","return?"
"3968","87","22","4","2024-01-05T04:42:37.000000","0.0","app","Gift"
"3969","19","8","5","2024-03-28T07:03:10.000000","0.07","web","gift "
"3970","139","8","5","2024-02-09T23:40:58.000000","0.06","web","  "
"3971","68","32","1","2024-01-16T13:31:22.000000","0.04","store","urgent"
"3972","53","22","4","2024-02-25T09:43:41.000000","0.05","app","Gift"
"3973","132","22","1","2024-01-29T18:28:39.000000","0.19","web","gift "
"3974","192","6","5","2024-03-25T09:37:48.000000","0.03","app"," OK "
"3975","196","7","4","2024-01-27T10:57:16.000000","0.22","web","  "
"3976","88","16","1","2024-02-19T12:17:34.000000","0.27","web","urgent"
"3977","170","16","2","2024-02-18T21:32:52.000000","0.28","app"," OK "
"3978","42","19","5","2024-01-22T19:40:23.000000","","web","  "
"3979","170","6","4","2024-02-14T22:26:43.000000","0.06","web","Gift"
"3980","189","36","2","2024-01-10T19:35:43.000000","0.03","web","VIP"
"3981","104","15","5","2024-02-27T22:28:45.000000","","web","gift "
"3982","105","33","4","2024-03-09T05:58:01.000000","","app"," OK "
"3983","113","17","1","2024-03-26T12:00:13.000000","0.29","app","  "
"3984","15","19","2","2024-01-30T07:41:09.000000","0.11","web"," OK "
"3985","172","5","5","2024-01-26T16:04:39.000000","0.1","web","Gift"
"3986","148","28","2","2024-02-19T09:25:39.000000","0.15","app","  "
"3987","174","3","1","2024-03-03T08:23:11.000000","0.09","store","Gift"
"3988","24","30","4","2024-03-30T07:43:24.000000","0.29","web","Gift"
"3989","161","36","5","2024-01-03T06:05:12.000000","","web","urgent"
"3990","73","15","3","2024-01-22T10:44:22.000000","","store","gift "
"3991","164","36","5","2024-01-24T14:45:32.000000","0.13","web","Gift"
"3992","199","28","1","2024-01-23T23:37:30.000000","0.04","store","return?"
"3993","176","1","4","2024-02-11T17:38:04.000000","0.11","app","  "
"3994","184","9","4","2024-03-19T13:29:09.000000","0.26","web","return?"
"3995","23","26","5","2024-01-03T18:56:55.000000","0.04","web","Gift"
"3996","66","29","3","2024-03-14T10:13:04.000000","0.18","store","return?"
"3997","59","4","5","2024-02-25T14:09:57.000000","0.12","web","urgent"
"3998","103","28","1","2024-02-25T08:49:54.000000","","app","Gift"
"3999","196","33","1","2024-03-02T01:09:03.000000","0.0","web","Gift"
"4000","138","4","4","2024-01-11T09:16:57.000000","0.08","app","  "
"4001","109","36","1","2024-03-08T04:56:25.000000","0.02","app","  "
"4002","161","22","5","2024-01-23T07:57:52.000000","0.11","app"," OK "
"4003","36","25","1","2024-02-16T11:48:03.000000","0.24","web","gift "
"4004","133","3","4","2024-03-01T22:03:24.000000","0.22","app","return?"
"4005","101","25","3","2024-02-24T08:31:13.000000","0.28","app","Gift"
"4006","41","19","4","2024-01-30T01:56:59.000000","","web","  "
"4007","130","15","4","2024-02-05T15:30:03.000000","0.21","app","  "
"4008","169","32","3","2024-02-12T21:15:51.000000","0.2","app","return?"
"4009","166","10","3","2024-01-04T17:06:23.000000","0.07","web","  "
"4010","169","3","3","2024-03-06T08:15:05.000000","0.09","store","gift "
"4011","163","20","4","2024-01-09T23:53:45.000000","","web"," OK "
"4012","94","30","4","2024-02-11T06:32:27.000000","0.24","web","VIP"
"4013","10","6","3","2024-02-28T22:47:28.000000","0.14","web","Gift"
"4014","194","40","2","2024-01-08T05:38:46.000000","0.07","web","return?"
"4015","91","27","1","2024-03-30T14:23:58.000000","0.3","web","urgent"
"4016","127","38","4","2024-02-03T22:48:11.000000","","web","gift "
"4017","5","19","2","2024-01-02T10:08:05.000000","0.29","app","VIP"
"4018","178","5","3","2024-02-29T06:38:57.000000","0.24","app","urgent"
"4019","178","8","5","2024-02-20T04:22:49.000000","0.25","web","urgent"
"4020","186","21","4","2024-02-27T15:07:02.000000","0.24","app","VIP"
"4021","35","24","2","2024-03-08T14:10:44.000000","0.06","app","Gift"
"4022","169","30","3","2024-02-12T19:22:08.000000","0.19","app","return?"
"4023","125","32","2","2024-03-15T09:50:01.000000","0.23","store","gift "
"4024","30","31","4","2024-02-03T07:31:26.000000","0.22","web","VIP"
"4025","115","24","1","2024-02-19T01:38:33.000000","0.08","web","gift "
"4026","96","1","5","2024-01-15T06:23:37.000000","","web"," OK "
"4027","126","22","5","2024-02-25T19:01:06.000000","0.1","web","VIP"
"4028","17","33","2","2024-01-24T13:02:57.000000","0.14","web","Gift"
"4029","113","34","2","2024-03-03T16:55:33.000000","0.17","web","Gift"
"4030","136","34","3","2024-03-13T02:16:39.000000","0.25","app","VIP"
"4031","144","1","4","2024-03-18T07:22:01.000000","0.23","store","urgent"
"4032","154","18","4","2024-03-24T14:49:00.000000","0.2","app","Gift"
"4033","126","25","1","2024-01-12T00:08:43.000000","0.08","app","  "
"4034","141","10","4","2024-01-13T10:03:41.000000","0.14","app","  "
"4035","19","17","1","2024-03-24T08:33:12.000000","","app","VIP"
"4036","160","4","2","2024-02-04T06:35:16.000000","0.07","web"," OK "
"4037","74","8","4","2024-01-03T08:11:51.000000","0.0","web","return?"
"4038","110","1","5","2024-01-26T19:53:52.000000","","web","  "
"4039","110","40","4","2024-03-16T06:11:29.000000","0.08","web","  "
"4040","196","35","1","2024-02-01T22:46:39.000000","0.17","app","return?"
"4041","66","17","4","2024-01-07T21:45:33.000000","0.02","web","gift "
"4042","77","1","1","2024-03-05T23:45:21.000000","0.08","web"," OK "
"4043","153","14","2","2024-01-18T12:23:48.000000","0.01","web"," OK "
"4044","127","18","1","2024-02-01T18:03:06.000000","0.19","app","return?"
"4045","64","7","5","2024-01-01T08:24:40.000000","","web","return?"
"4046","69","27","2","2024-02-24T04:18:50.000000","0.1","web"," OK "
"4047","166","40","3","2024-02-10T01:45:16.000000","","web","  "
"4048","168","34","4","2024-03-19T00:49:35.000000","0.29","web","  "
"4049","30","35","5","2024-01-31T02:12:57.000000","0.18","app","urgent"
"4050","80","34","5","2024-01-19T09:56:50.000000","0.2","web","VIP"
"4051","154","3","1","2024-01-15T22:32:40.000000","0.16","web","gift "
"4052","24","23","2","2024-01-19T00:20:34.000000","0.24","store","urgent"
"4053","37","23","3","2024-02-10T14:21:17.000000","0.27","web","gift "
"4054","32","5","4","2024-01-08T20:16:46.000000","0.11","app","return?"
"4055","106","6","2","2024-02-06T05:07:15.000000","0.21","app","urgent"
"4056","91","23","2","2024-03-17T22:06:45.000000","","web","  "
"4057","65","29","4","2024-03-10T02:08:52.000000","0.2","web","VIP"
"4058","28","9","3","2024-02-27T08:28:52.000000","0.12","web","  "
"4059","128","20","4","2024-03-21T09:09:41.000000","0.0","web","  "
"4060","162","4","2","2024-03-11T05:15:52.000000","0.29","web","VIP"
"4061","43","5","3","2024-02-28T17:32:42.000000","0.26","app","urgent"
"4062","134","24","1","2024-03-18T16:13:31.000000","0.09","web"," OK "
"4063","160","23","1","2024-01-12T04:43:35.000000","0.3","web","return?"
"4064","112","31","1","2024-03-14T15:26:17.000000","0.1","app","Gift"
"4065","115","37","1","2024-01-27T14:02:38.000000","0.14","web","return?"
"4066","34","8","2","2024-03-06T23:24:55.000000","","app","urgent"
"4067","192","14","1","2024-03-23T04:46:03.000000","0.09","web","urgent"
"4068","192","35","1","2024-02-14T15:24:50.000000","0.14","app"," OK "
"4069","143","3","5","2024-01-08T23:39:59.000000","0.2","app","gift "
"4070","181","34","5","2024-02-03T07:41:36.000000","0.04","app","return?"
"4071","122","38","2","2024-02-06T14:48:31.000000","0.13","app","return?"
"4072","133","4","5","2024-03-25T07:20:50.000000","0.09","web","Gift"
"4073","166","6","1","2024-03-25T19:48:35.000000","0.2","web","Gift"
"4074","8","28","1","2024-02-21T03:53:11.000000","0.04","web","  "
"4075","44","20","2","2024-03-26T13:26:09.000000","0.07","web","return?"
"4076","41","40","2","2024-02-09T06:23:16.000000","0.21","store","  "
"4077","127","22","1","2024-02-07T00:11:55.000000","0.05","web","urgent"
"4078","49","27","5","2024-03-16T06:51:14.000000","0.13","web","Gift"
"4079","79","10","5","2024-03-01T01:34:38.000000","0.21","store","VIP"
"4080","99","13","2","2024-02-17T00:20:03.000000","0.23","web"," OK "
"4081","149","8","2","2024-02-11T02:34:13.000000","0.03","app","  "
"4082","104","6","4","2024-03-04T12:06:34.000000","0.26","web","VIP"
"4083","5","5","5","2024-03-08T19:28:29.000000","","store","Gift"
"4084","138","36","2","2024-02-14T03:40:27.000000","0.1","web","gift "
"4085","86","3","4","2024-01-03T20:12:56.000000","0.23","app","VIP"
"4086","23","21","1","2024-01-10T03:58:01.000000","0.22","app","  "
"4087","131","21","3","2024-01-13T23:22:45.000000","0.18","store"," OK "
"4088","55","3","5","2024-02-11T14:06:36.000000","","store","  "
"4089","93","34","3","2024-02-25T06:40:09.000000","0.22","app","urgent"
"4090","194","21","4","2024-03-13T08:08:16.000000","0.3","web","VIP"
"4091","48","6","4","2024-01-21T22:18:46.000000","0.17","web","urgent"
"4092","178","6","4","2024-03-11T19:03:06.000000","0.24","store","return?"
"4093","93","29","4","2024-02-29T22:40:22.000000","","app"," OK "
"4094","187","25","5","2024-01-05T15:34:45.000000","0.26","store","return?"
"4095","170","17","1","2024-02-01T14:38:29.000000","0.29","app"," OK "
"4096","167","17","5","2024-01-28T05:44:46.000000","","web","  "
"4097","42","2","5","2024-03-20T19:09:15.000000","0.05","web","Gift"
"4098","159","2","5","2024-03-23T21:47:06.000000","","web","urgent"
"4099","74","22","2","2024-03-14T17:36:00.000000","0.13","app","urgent"
"4100","183","15","3","2024-02-17T12:29:37.000000","0.17","web"," OK "
"4101","199","11","2","2024-02-14T08:31:46.000000","0.24","web"," OK "
"4102","123","16","5","2024-01-29T00:48:36.000000","","app","Gift"
"4103","183","25","3","2024-03-10T13:27:12.000000","","web","urgent"
"4104","107","12","2","2024-01-08T18:22:08.000000","0.22","web","return?"
"4105","7","14","4","2024-01-25T09:39:28.000000","0.06","web","VIP"
"4106","175","12","1","2024-01-13T04:03:07.000000","0.16","app","gift "
"4107","107","27","2","2024-02-14T11:36:04.000000","0.01","web"," OK "
"4108","9","3","2","2024-01-27T23:28:22.000000","0.15","app","return?"
"4109","14","37","2","2024-01-18T18:33:40.000000","0.16","app","VIP"
"4110","145","23","3","2024-02-03T21:03:13.000000","0.22","app","urgent"
"4111","185","10","1","2024-03-18T11:30:50.000000","0.19","store"," OK "
"4112","140","31","5","2024-02-20T05:18:05.000000","0.11","web","  "
"4113","89","38","3","2024-03-15T01:49:33.000000","0.0","web"," OK "
"4114","62","3","2","2024-03-23T06:02:02.000000","0.03","web","  "
"4115","84","9","1","2024-03-22T04:38:35.000000","0.29","app","gift "
"4116","65","6","5","2024-02-01T14:09:38.000000","0.28","web","return?"
"4117","55","3","5","2024-03-19T23:21:01.000000","0.1","store","Gift"
"4118","26","30","3","2024-03-22T20:15:08.000000","0.08","app","gift "
"4119","114","8","2","2024-03-27T08:43:40.000000","0.13","app","gift "
"4120","44","16","3","2024-02-01T14:09:58.000000","0.21","web","return?"
"4121","29","33","5","2024-01-21T13:12:22.000000","0.11","app","  "
"4122","56","25","2","2024-02-22T14:01:53.000000","0.02","web","  "
"4123","160","28","4","2024-03-24T20:44:25.000000","0.12","app","Gift"
"4124","115","4","5","2024-03-22T01:20:21.000000","","app","gift "
"4125","99","39","4","2024-02-21T09:49:13.000000","0.1","web","urgent"
"4126","119","4","5","2024-01-14T10:21:22.000000","","store","Gift"
"4127","114","29","5","2024-02-08T00:35:21.000000","","app","VIP"
"4128","100","26","1","2024-03-05T06:30:05.000000","0.16","app"," OK "
"4129","169","17","2","2024-02-20T10:24:27.000000","","web","urgent"
"4130","147","34","1","2024-02-01T02:13:08.000000","","web","  "
"4131","38","36","3","2024-01-31T20:01:15.000000","0.15","web","VIP"
"4132","164","3","3","2024-01-06T09:03:34.000000","0.24","app","return?"
"4133","36","39","1","2024-01-26T23:16:28.000000","","web","  "
"4134","16","10","3","2024-03-01T05:51:14.000000","","store","  "
"4135","85","32","1","2024-01-22T17:14:20.000000","0.27","store","Gift"
"4136","79","33","3","2024-03-30T09:43:39.000000","0.21","web","Gift"
"4137","158","23","2","2024-01-08T10:02:40.000000","0.21","app","Gift"
"4138","140","35","5","2024-02-22T23:45:05.000000","0.11","web"," OK "
"4139","12","34","4","2024-02-14T16:34:48.000000","0.1","web","Gift"
"4140","100","21","4","2024-03-15T23:56:13.000000","0.0","web","urgent"
"4141","160","8","5","2024-03-20T21:33:54.000000","0.29","app","  "
"4142","147","18","1","2024-02-18T21:54:55.000000","0.18","store","VIP"
"4143","101","37","2","2024-02-26T17:07:41.000000","0.12","web","return?"
"4144","124","9","4","2024-03-03T21:44:23.000000","0.16","web","return?"
"4145","113","40","4","2024-02-16T21:18:26.000000","0.01","web","Gift"
"4146","47","8","1","2024-01-17T15:21:28.000000","0.05","app","return?"
"4147","113","27","2","2024-02-08T13:45:38.000000","","web","return?"
"4148","136","26","2","2024-01-22T17:45:12.000000","0.15","app","gift "
"4149","12","8","1","2024-02-11T19:06:27.000000","","store","urgent"
"4150","140","19","4","2024-02-25T08:43:59.000000","0.2","web","VIP"
"4151","50","6","1","2024-01-19T20:02:20.000000","0.18","store"," OK "
"4152","2","15","5","2024-01-23T10:45:29.000000","0.24","app","Gift"
"4153","152","39","3","2024-03-15T01:32:29.000000","","app","gift "
"4154","78","3","4","2024-02-03T23:54:04.000000","0.21","app","return?"
"4155","83","35","3","2024-01-18T20:30:25.000000","0.21","web","return?"
"4156","125","28","5","2024-03-05T04:27:19.000000","0.08","app","VIP"
"4157","113","30","2","2024-03-05T11:54:18.000000","0.06","web","gift "
"4158","125","12","3","2024-03-15T08:30:17.000000","0.06","app"," OK "
"4159","189","38","1","2024-03-09T09:34:03.000000","0.06","web","VIP"
"4160","131","11","5","2024-03-30T06:39:04.000000","0.16","web","VIP"
"4161","10","21","3","2024-02-21T17:43:01.000000","0.04","web","gift "
"4162","45","2","1","2024-01-26T19:32:07.000000","","web","gift "
"4163","90","36","5","2024-03-18T15:55:15.000000","0.03","web","VIP"
"4164","95","29","5","2024-01-24T20:00:05.000000","","web"," OK "
"4165","73","7","1","2024-01-27T04:40:07.000000","0.1","store","VIP"
"4166","37","27","5","2024-03-15T13:32:51.000000","0.06","app","gift "
"4167","22","8","4","2024-03-20T08:17:35.000000","0.3","web","  "
"4168","29","18","2","2024-01-31T12:58:36.000000","0.09","app","urgent"
"4169","191","21","4","2024-03-06T15:31:35.000000","0.07","app","  "
"4170","80","38","4","2024-03-24T00:22:26.000000","0.06","web","urgent"
"4171","193","14","3","2024-03-12T21:17:58.000000","","app","gift "
"4172","67","1","4","2024-01-01T10:47:13.000000","0.18","web","gift "
"4173","63","18","1","2024-02-29T19:29:31.000000","0.23","app","return?"
"4174","98","38","5","2024-01-16T06:57:54.000000","0.11","app","  "
"4175","190","32","5","2024-03-17T04:06:03.000000","0.19","web","gift "
"4176","113","3","2","2024-01-07T00:48:25.000000","0.14","app","Gift"
"4177","8","3","3","2024-03-30T09:05:36.000000","0.25","web","Gift"
"4178","55","31","2","2024-01-16T23:01:48.000000","0.17","app","  "
"4179","197","29","2","2024-02-07T19:33:06.000000","0.09","web","return?"
"4180","31","23","2","2024-01-22T01:37:24.000000","0.21","app","  "
"4181","168","4","5","2024-03-14T06:03:28.000000","0.25","app","  "
"4182","186","12","4","2024-02-05T09:57:29.000000","0.14","web","Gift"
"4183","43","34","5","2024-03-08T00:17:32.000000","0.3","app","gift "
"4184","112","6","4","2024-01-07T01:11:28.000000","0.26","web","  "
"4185","120","9","4","2024-02-10T18:11:58.000000","0.06","app","  "
"4186","159","19","1","2024-03-22T23:52:19.000000","0.24","app","Gift"
"4187","160","30","5","2024-03-24T10:12:35.000000","0.18","web","Gift"
"4188","13","34","4","2024-01-19T18:46:40.000000","","web","Gift"
"4189","64","24","1","2024-02-05T11:57:36.000000","","web","Gift"
"4190","189","20","1","2024-02-06T19:41:15.000000","0.26","app","Gift"
"4191","71","16","4","2024-02-20T21:24:22.000000","","app","urgent"
"4192","50","2","2","2024-02-18T08:38:53.000000","","web","gift "
"4193","126","11","2","2024-01-10T12:50:07.000000","0.01","web","VIP"
"4194","40","9","2","2024-03-09T15:21:37.000000","0.13","store"," OK "
"4195","30","3","5","2024-01-21T07:40:27.000000","","web","  "
"4196","160","30","2","2024-01-29T08:16:20.000000","0.21","web","VIP"
"4197","24","15","2","2024-03-16T15:54:13.000000","0.02","app","VIP"
"4198","179","21","2","2024-03-03T01:38:56.000000","0.27","web","VIP"
"4199","50","9","1","2024-02-05T16:33:13.000000","0.25","store","Gift"
"4200","22","24","1","2024-03-23T02:56:37.000000","0.16","web"," OK "
"4201","149","6","3","2024-02-05T11:13:17.000000","0.01","app","return?"
"4202","36","28","1","2024-02-20T21:28:12.000000","0.17","web","  "
"4203","74","30","4","2024-01-23T03:19:08.000000","","web","Gift"
"4204","71","13","3","2024-01-17T11:41:56.000000","0.1","web","VIP"
"4205","102","9","3","2024-02-14T05:52:41.000000","0.19","store","Gift"
"4206","95","32","2","2024-02-20T16:07:18.000000","","app","VIP"
"4207","40","9","4","2024-03-13T12:33:52.000000","","web","return?"
"4208","47","8","3","2024-02-05T04:21:10.000000","0.26","store","VIP"
"4209","39","14","1","2024-03-21T13:33:16.000000","0.28","web","  "
"4210","12","39","3","2024-02-24T15:57:00.000000","0.01","web","urgent"
"4211","131","19","1","2024-01-07T07:26:49.000000","","web","return?"
"4212","95","11","3","2024-03-07T12:27:33.000000","0.21","app","Gift"
"4213","22","21","3","2024-02-21T17:36:46.000000","0.23","web","  "
"4214","67","14","3","2024-02-05T01:00:12.000000","0.12","web","  "
"4215","134","27","2","2024-02-12T01:18:37.000000","0.2","store","urgent"
"4216","58","18","3","2024-01-28T03:52:08.000000","0.18","app","  "
"4217","81","24","4","2024-02-25T06:50:55.000000","0.22","web","Gift"
"4218","149","18","5","2024-02-21T00:36:54.000000","","app","Gift"
"4219","135","20","5","2024-02-10T06:06:55.000000","0.03","web","return?"
"4220","141","18","1","2024-01-26T16:01:31.000000","0.05","web","VIP"
"4221","77","16","4","2024-02-05T21:04:22.000000","0.04","web","gift "
"4222","97","39","1","2024-02-14T19:19:47.000000","0.28","app"," OK "
"4223","170","11","3","2024-02-12T11:15:44.000000","0.27","app","  "
"4224","175","33","4","2024-01-28T20:04:13.000000","0.24","web","VIP"
"4225","12","29","3","2024-02-22T09:07:05.000000","0.04","web","urgent"
"4226","168","22","5","2024-01-21T09:20:37.000000","0.17","web","VIP"
"4227","179","13","5","2024-02-15T02:07:25.000000","0.06","app","Gift"
"4228","189","20","5","2024-01-11T22:32:48.000000","0.11","app","VIP"
"4229","54","34","4","2024-02-12T11:49:55.000000","0.08","app","VIP"
"4230","101","8","4","2024-03-11T13:23:49.000000","0.25","store","  "
"4231","9","24","5","2024-03-14T14:31:27.000000","0.04","app","return?"
"4232","22","31","2","2024-03-03T12:32:17.000000","0.19","store"," OK "
"4233","113","26","2","2024-03-08T02:35:58.000000","0.3","app","Gift"
"4234","42","6","2","2024-01-06T22:27:06.000000","0.21","web"," OK "
"4235","45","21","4","2024-01-31T17:22:39.000000","","app","urgent"
"4236","60","8","2","2024-02-28T21:10:50.000000","0.27","web","Gift"
"4237","92","38","1","2024-03-13T01:14:47.000000","","web"," OK "
"4238","31","15","4","2024-02-22T10:57:14.000000","0.14","web","Gift"
"4239","161","17","4","2024-03-17T19:53:07.000000","0.2","web"," OK "
"4240","134","35","3","2024-01-25T13:49:04.000000","0.26","app"," OK "
"4241","159","18","5","2024-01-14T19:32:35.000000","0.14","web","VIP"
"4242","186","8","4","2024-01-08T18:34:55.000000","0.16","web","VIP"
"4243","121","36","5","2024-02-22T10:35:38.000000","0.14","store","gift "
"4244","73","26","2","2024-02-29T20:47:55.000000","0.02","app","gift "
"4245","196","25","1","2024-01-26T16:16:26.000000","0.24","web","Gift"
"4246","114","4","2","2024-03-11T12:41:58.000000","0.04","web","gift "
"4247","93","18","5","2024-03-07T12:36:43.000000","0.12","web","VIP"
"4248","84","19","5","2024-02-02T09:53:18.000000","0.12","store","gift "
"4249","8","11","1","2024-01-22T11:46:34.000000","0.08","web","VIP"
"4250","192","23","5","2024-03-07T19:24:19.000000","0.12","store","gift "
"4251","164","10","3","2024-03-01T10:13:53.000000","0.19","web","Gift"
"4252","140","19","5","2024-01-16T08:53:52.000000","0.09","app","return?"
"4253","45","33","4","2024-01-23T23:04:09.000000","0.05","web","return?"
"4254","186","30","1","2024-02-13T17:41:17.000000","0.26","web","urgent"
"4255","36","12","3","2024-02-16T00:04:13.000000","0.29","web","gift "
"4256","49","9","1","2024-01-15T22:28:15.000000","0.14","web","VIP"
"4257","15","1","2","2024-03-26T09:04:34.000000","0.1","store","urgent"
"4258","58","14","4","2024-02-04T23:28:53.000000","0.01","app","VIP"
"4259","66","1","4","2024-02-04T07:37:27.000000","0.01","web","return?"
"4260","159","6","4","2024-01-06T10:44:59.000000","","app","urgent"
"4261","66","40","4","2024-03-19T19:35:42.000000","0.28","web","urgent"
"4262","192","35","1","2024-01-22T03:54:39.000000","0.22","store","return?"
"4263","61","23","3","2024-03-29T19:48:01.000000","0.1","web","return?"
"4264","105","31","3","2024-02-14T15:23:49.000000","0.29","web","return?"
"4265","119","20","3","2024-03-19T17:40:40.000000","","web","  "
"4266","166","25","2","2024-01-17T02:54:11.000000","0.08","web"," OK "
"4267","151","37","4","2024-01-15T22:16:14.000000","0.13","store","return?"
"4268","174","4","4","2024-03-13T02:24:20.000000","0.06","web","urgent"
"4269","188","15","3","2024-03-14T18:27:42.000000","0.27","web","urgent"
"4270","24","5","1","2024-02-18T21:04:54.000000","0.11","app","VIP"
"4271","19","32","1","2024-01-03T21:26:33.000000","0.2","web","Gift"
"4272","90","33","2","2024-03-25T22:26:31.000000","","web","return?"
"4273","31","29","3","2024-02-05T09:31:55.000000","0.27","app","return?"
"4274","99","25","5","2024-03-25T05:43:35.000000","","web","VIP"
"4275","118","20","4","2024-03-19T08:47:02.000000","0.15","app","VIP"
"4276","56","1","3","2024-03-17T15:13:06.000000","0.04","app","gift "
"4277","20","31","2","2024-03-02T23:42:17.000000","0.27","web","return?"
"4278","193","36","1","2024-03-01T14:13:17.000000","0.16","web","return?"
"4279","75","39","1","2024-02-17T22:43:09.000000","0.09","web","urgent"
"4280","168","14","1","2024-01-03T05:31:20.000000","","app","Gift"
"4281","125","9","5","2024-02-04T21:47:10.000000","0.02","app","  "
"4282","133","27","1","2024-03-06T17:58:09.000000","0.09","app","return?"
"4283","157","1","5","2024-03-14T02:33:41.000000","0.16","web","Gift"
"4284","54","3","3","2024-02-20T08:39:46.000000","0.1","app","urgent"
"4285","44","33","4","2024-03-04T20:38:46.000000","0.14","web","Gift"
"4286","200","39","5","2024-01-02T22:58:05.000000","0.08","store","VIP"
"4287","134","17","4","2024-02-12T03:45:19.000000","0.04","web","gift "
"4288","59","21","1","2024-02-15T16:41:10.000000","0.01","app","urgent"
"4289","130","22","5","2024-03-21T07:45:58.000000","0.05","web","VIP"
"4290","79","6","1","2024-01-28T23:52:18.000000","0.29","web","  "
"4291","172","9","3","2024-01-21T16:41:15.000000","0.17","web","gift "
"4292","102","12","4","2024-02-01T17:08:17.000000","0.15","store","  "
"4293","63","34","2","2024-01-16T08:02:44.000000","0.12","app","urgent"
"4294","139","18","4","2024-02-20T06:11:46.000000","0.21","app","urgent"
"4295","151","29","4","2024-02-27T20:27:22.000000","0.04","web","VIP"
"4296","75","8","5","2024-03-13T02:25:08.000000","0.08","app","  "
"4297","151","39","5","2024-03-28T11:30:28.000000","0.2","web","return?"
"4298","47","36","2","2024-01-07T14:59:15.000000","","app","return?"
"4299","48","20","4","2024-01-23T06:04:27.000000","0.23","web","Gift"
"4300","166","10","5","2024-01-28T01:32:19.000000","0.27","app","gift "
"4301","125","40","1","2024-01-23T11:17:16.000000","0.25","app","VIP"
"4302","8","33","4","2024-03-15T10:55:45.000000","0.06","web"," OK "
"4303","136","21","5","2024-01-13T13:19:03.000000","0.03","app","return?"
"4304","62","11","1","2024-01-03T16:14:06.000000","0.05","web","urgent"
"4305","55","25","4","2024-03-18T10:49:02.000000","0.24","web","urgent"
"4306","85","15","1","2024-03-27T12:52:46.000000","0.27","web","gift "
"4307","91","27","3","2024-01-21T09:01:07.000000","0.28","web","  "
"4308","179","34","5","2024-01-30T22:58:03.000000","0.09","web","Gift"
"4309","88","20","5","2024-02-15T06:51:56.000000","0.25","app","return?"
"4310","60","2","4","2024-02-17T08:02:55.000000","0.16","app","VIP"
"4311","155","23","4","2024-03-30T04:17:04.000000","","web","VIP"
"4312","109","35","2","2024-02-06T08:58:17.000000","0.16","store","VIP"
"4313","1","9","5","2024-01-02T02:13:27.000000","0.04","store"," OK "
"4314","127","39","4","2024-02-08T01:09:17.000000","","web","VIP"
"4315","101","15","5","2024-02-20T02:00:35.000000","0.29","web","  "
"4316","115","28","4","2024-02-16T12:28:55.000000","0.13","store","urgent"
"4317","37","29","1","2024-02-16T02:32:39.000000","0.11","web","VIP"
"4318","96","8","3","2024-03-24T00:51:06.000000","0.11","web"," OK "
"4319","130","2","4","2024-03-13T16:05:10.000000","0.11","store","  "
"4320","136","38","4","2024-01-23T15:41:18.000000","0.28","app","gift "
"4321","137","29","2","2024-02-01T23:24:29.000000","0.02","app"," OK "
"4322","200","26","1","2024-03-01T01:58:39.000000","0.04","store","Gift"
"4323","101","13","5","2024-02-06T22:20:14.000000","0.24","web"," OK "
"4324","86","5","5","2024-02-08T13:20:55.000000","0.16","app","return?"
"4325","109","11","5","2024-01-16T02:44:45.000000","0.04","app","VIP"
"4326","66","22","4","2024-01-23T21:26:09.000000","0.01","web","return?"
"4327","64","28","5","2024-03-07T16:09:39.000000","0.07","web","gift "
"4328","139","13","3","2024-03-16T20:43:52.000000","0.08","web","Gift"
"4329","63","9","4","2024-03-11T14:58:16.000000","0.0","app","return?"
"4330","150","10","3","2024-01-28T16:55:12.000000","0.06","app","Gift"
"4331","150","39","4","2024-01-13T07:11:33.000000","","store","Gift"
"4332","191","26","1","2024-01-15T08:56:25.000000","","web"," OK "
"4333","27","40","2","2024-02-05T09:52:02.000000","0.27","app","VIP"
"4334","73","1","2","2024-02-16T14:21:05.000000","0.12","web"," OK "
"4335","155","19","3","2024-03-21T08:40:29.000000","0.1","store"," OK "
"4336","86","19","5","2024-03-21T21:28:03.000000","","app","VIP"
"4337","132","17","1","2024-01-01T05:50:51.000000","0.23","app","VIP"
"4338","148","16","4","2024-03-04T16:19:48.000000","0.16","web","VIP"
"4339","177","4","5","2024-01-27T21:19:10.000000","0.08","web","return?"
"4340","46","2","4","2024-01-18T19:15:09.000000","0.1","web"," OK "
"4341","53","32","4","2024-02-19T22:53:28.000000","0.15","app","Gift"
"4342","95","18","1","2024-01-04T01:15:08.000000","0.16","web","VIP"
"4343","102","7","4","2024-01-31T01:38:33.000000","0.0","app","Gift"
"4344","182","14","2","2024-02-19T16:48:11.000000","0.29","web","VIP"
"4345","8","38","2","2024-01-25T11:37:03.000000","0.17","app","return?"
"4346","50","19","5","2024-02-23T09:43:38.000000","0.18","web","return?"
"4347","183","40","4","2024-02-11T09:40:51.000000","0.06","web","VIP"
"4348","123","7","5","2024-03-12T22:43:12.000000","0.23","app","VIP"
"4349","136","5","3","2024-01-17T08:05:23.000000","0.22","web","  "
"4350","50","23","2","2024-01-06T03:20:33.000000","0.03","web"," OK "
"4351","125","28","5","2024-02-17T15:59:25.000000","0.18","app","gift "
"4352","74","40","4","2024-01-24T02:53:34.000000","0.2","web","return?"
"4353","147","19","5","2024-03-04T14:27:47.000000","0.25","app","return?"
"4354","19","9","1","2024-01-09T09:29:52.000000","0.06","app","urgent"
"4355","57","22","3","2024-02-21T18:38:13.000000","","web","VIP"
"4356","129","13","5","2024-03-30T02:02:28.000000","0.14","web","Gift"
"4357","121","8","5","2024-01-09T09:06:58.000000","0.03","web","Gift"
"4358","169","4","4","2024-01-28T03:55:48.000000","0.03","web","  "
"4359","161","29","1","2024-03-16T23:55:21.000000","0.06","web","gift "
"4360","3","26","3","2024-02-18T00:29:58.000000","0.08","app","  "
"4361","19","7","1","2024-01-16T17:57:07.000000","","web"," OK "
"4362","71","23","5","2024-01-20T04:21:37.000000","0.22","store","Gift"
"4363","192","36","4","2024-03-09T19:59:38.000000","","app","VIP"
"4364","96","33","1","2024-03-18T11:31:59.000000","0.3","web","  "
"4365","179","19","4","2024-02-02T10:49:14.000000","0.05","app","VIP"
"4366","12","3","4","2024-02-12T15:28:44.000000","0.18","web","return?"
"4367","193","26","1","2024-03-11T10:45:52.000000","0.28","web","Gift"
"4368","13","21","1","2024-01-16T22:09:47.000000","0.25","store","urgent"
"4369","162","37","2","2024-01-19T13:32:58.000000","0.19","web","Gift"
"4370","176","23","1","2024-03-10T16:46:22.000000","","web","  "
"4371","59","30","3","2024-01-17T19:11:24.000000","0.04","store","urgent"
"4372","61","22","5","2024-03-10T08:57:11.000000","0.0","store","Gift"
"4373","117","22","1","2024-02-14T17:34:32.000000","0.13","app","urgent"
"4374","145","13","4","2024-03-30T02:28:24.000000","","app","Gift"
"4375","25","17","3","2024-01-03T23:08:30.000000","","app","return?"
"4376","48","12","5","2024-03-26T03:15:42.000000","0.07","app","Gift"
"4377","151","19","3","2024-01-21T06:38:32.000000","0.27","web","VIP"
"4378","162","39","4","2024-01-04T03:46:27.000000","0.26","app","gift "
"4379","31","14","5","2024-03-06T03:51:59.000000","0.25","app","gift "
"4380","178","19","1","2024-02-17T22:15:39.000000","0.21","web","  "
"4381","174","38","2","2024-03-16T08:44:53.000000","0.05","web"," OK "
"4382","174","7","2","2024-01-10T18:02:38.000000","0.01","web","Gift"
"4383","49","11","1","2024-01-08T06:29:46.000000","0.2","web"," OK "
"4384","134","20","4","2024-02-21T01:15:29.000000","0.19","web","urgent"
"4385","33","17","1","2024-03-20T09:17:16.000000","0.11","web","  "
"4386","40","14","2","2024-02-06T12:26:53.000000","0.14","store","urgent"
"4387","15","32","1","2024-03-12T18:38:13.000000","0.15","web","urgent"
"4388","99","20","4","2024-03-22T13:24:47.000000","0.07","web","  "
"4389","143","15","4","2024-03-19T06:31:05.000000","0.09","app","Gift"
"4390","40","20","3","2024-02-15T18:43:26.000000","0.13","web"," OK "
"4391","38","36","3","2024-03-03T20:36:20.000000","0.18","app","return?"
"4392","56","40","3","2024-02-17T07:26:19.000000","0.29","app","return?"
"4393","40","10","1","2024-03-01T16:10:14.000000","0.16","app","  "
"4394","167","2","2","2024-02-21T00:54:28.000000","0.22","web","gift "
"4395","34","2","5","2024-02-17T06:12:04.000000","0.24","web","VIP"
"4396","56","18","1","2024-02-09T07:30:21.000000","0.03","app","return?"
"4397","62","26","4","2024-02-28T18:01:13.000000","","web"," OK "
"4398","41","3","1","2024-03-08T14:22:27.000000","0.14","web"," OK "
"4399","189","21","1","2024-03-23T17:16:36.000000","0.17","web","Gift"
"4400","42","16","2","2024-02-25T04:34:25.000000","","app","Gift"
"4401","98","38","2","2024-01-10T01:07:39.000000","","app","return?"
"4402","114","25","2","2024-02-22T20:57:13.000000","0.29","app","gift "
"4403","53","17","5","2024-01-29T10:03:04.000000","0.0","app","VIP"
"4404","95","24","5","2024-01-03T09:54:59.000000","0.06","web","  "
"4405","35","6","4","2024-01-07T12:30:09.000000","","store","VIP"
"4406","97","20","1","2024-02-23T05:12:45.000000","0.23","app","return?"
"4407","4","14","5","2024-03-26T00:46:45.000000","0.18","web","  "
"4408","88","8","5","2024-02-15T12:02:02.000000","0.05","web","VIP"
"4409","73","16","1","2024-02-10T01:46:24.000000","0.24","web","urgent"
"4410","71","26","2","2024-01-08T23:30:24.000000","0.11","store","urgent"
"4411","23","24","4","2024-03-01T18:44:38.000000","","web","  "
"4412","200","39","1","2024-01-05T23:49:03.000000","0.12","web","return?"
"4413","6","11","1","2024-03-16T16:49:09.000000","0.16","store"," OK "
"4414","30","28","4","2024-03-14T11:26:11.000000","0.14","app","gift "
"4415","21","23","2","2024-03-30T04:33:37.000000","0.08","web","urgent"
"4416","196","35","3","2024-01-26T14:02:54.000000","0.13","app","return?"
"4417","64","37","4","2024-01-15T13:27:00.000000","0.27","app","gift "
"4418","87","29","3","2024-01-27T22:59:43.000000","0.15","web"," OK "
"4419","151","17","4","2024-03-12T22:56:50.000000","0.27","app"," OK "
"4420","11","22","1","2024-01-20T16:39:22.000000","","app","  "
"4421","14","27","1","2024-03-20T20:50:00.000000","0.23","app","urgent"
"4422","37","33","2","2024-01-14T21:02:34.000000","0.09","store"," OK "
"4423","136","10","2","2024-01-05T09:34:14.000000","0.24","app","urgent"
"4424","196","35","2","2024-01-20T17:48:44.000000","0.08","app","urgent"
"4425","125","33","4","2024-03-08T20:50:08.000000","0.01","app","Gift"
"4426","175","4","1","2024-02-24T04:55:26.000000","0.05","web","VIP"
"4427","177","11","1","2024-02-01T22:12:24.000000","0.01","web","return?"
"4428","56","10","2","2024-02-29T01:02:26.000000","","store","gift "
"4429","37","24","2","2024-02-28T08:58:08.000000","0.3","app","return?"
"4430","33","9","1","2024-02-19T22:11:50.000000","0.23","web","VIP"
"4431","159","13","1","2024-02-16T06:20:38.000000","0.03","web","urgent"
"4432","134","8","3","2024-01-10T03:13:32.000000","0.27","web","VIP"
"4433","173","3","1","2024-01-24T09:02:35.000000","0.22","web","urgent"
"4434","102","19","1","2024-02-17T11:49:33.000000","0.1","web","return?"
"4435","196","13","5","2024-01-13T04:04:41.000000","0.15","app","VIP"
"4436","179","21","1","2024-02-12T19:48:41.000000","0.2","web"," OK "
"4437","162","9","1","2024-01-11T12:36:21.000000","0.01","app","urgent"
"4438","161","12","1","2024-03-11T20:25:29.000000","0.15","store","gift "
"4439","25","36","3","2024-01-10T07:10:38.000000","","store","VIP"
"4440","149","33","4","2024-01-09T07:53:03.000000","0.06","app","gift "
"4441","190","11","4","2024-02-27T09:37:35.000000","0.13","web"," OK "
"4442","59","7","4","2024-01-20T20:20:57.000000","0.16","app","  "
"4443","163","39","1","2024-02-01T15:02:50.000000","","app","  "
"4444","71","28","2","2024-01-29T06:48:00.000000","0.29","web","return?"
"4445","43","20","4","2024-01-20T11:55:41.000000","0.25","store","urgent"
"4446","147","28","4","2024-03-09T13:26:56.000000","0.19","app"," OK "
"4447","34","9","2","2024-03-03T06:28:18.000000","0.18","app","VIP"
"4448","97","18","5","2024-01-22T11:45:27.000000","","web","  "
"4449","188","16","5","2024-03-02T19:35:42.000000","0.16","web","gift "
"4450","32","29","4","2024-03-05T05:05:58.000000","0.02","store","  "
"4451","32","8","4","2024-02-18T12:36:12.000000","0.21","web","urgent"
"4452","189","20","5","2024-02-22T01:18:56.000000","0.21","web"," OK "
"4453","156","34","4","2024-03-25T03:30:31.000000","0.15","app","Gift"
"4454","93","8","3","2024-02-10T20:22:46.000000","0.26","app","return?"
"4455","82","5","2","2024-02-04T16:29:41.000000","0.2","web","gift "
"4456","193","33","2","2024-02-18T12:14:32.000000","","web","  "
"4457","145","35","5","2024-03-16T05:27:50.000000","0.01","app","return?"
"4458","182","18","2","2024-03-04T20:42:25.000000","0.02","store","Gift"
"4459","19","2","4","2024-01-07T18:18:04.000000","0.11","web","gift "
"4460","107","22","3","2024-02-11T08:02:22.000000","0.14","app","  "
"4461","146","12","2","2024-03-07T14:02:06.000000","0.05","web","urgent"
"4462","8","24","3","2024-01-21T03:39:43.000000","0.06","app","Gift"
"4463","103","6","1","2024-03-29T23:02:47.000000","0.07","app","gift "
"4464","12","33","4","2024-03-13T17:30:48.000000","0.23","app","Gift"
"4465","181","28","1","2024-03-17T04:39:07.000000","","app","urgent"
"4466","137","26","1","2024-01-08T08:31:33.000000","0.11","web","gift "
"4467","38","21","2","2024-02-22T04:04:32.000000","0.05","web","return?"
"4468","105","9","3","2024-02-17T12:01:15.000000","0.03","app","Gift"
"4469","22","38","2","2024-02-26T09:48:52.000000","0.03","web","VIP"
"4470","161","11","5","2024-03-17T12:33:55.000000","0.12","app","  "
"4471","40","15","5","2024-02-01T19:06:19.000000","0.01","web"," OK "
"4472","122","38","2","2024-02-18T01:23:39.000000","0.1","web","return?"
"4473","16","2","5","2024-03-02T03:41:17.000000","0.29","app","  "
"4474","32","6","1","2024-03-08T18:53:11.000000","0.15","web","gift "
"4475","197","31","1","2024-03-10T08:03:14.000000","0.25","store","  "
"4476","78","15","2","2024-01-31T07:46:56.000000","0.04","web"," OK "
"4477","25","24","5","2024-03-30T20:10:24.000000","0.08","web","urgent"
"4478","140","24","3","2024-01-01T20:47:01.000000","0.28","web","VIP"
"4479","41","34","4","2024-02-14T07:43:11.000000","0.12","web","  "
"4480","118","25","4","2024-02-24T18:56:18.000000","","app","Gift"
"4481","162","18","3","2024-01-06T12:25:00.000000","0.29","web","gift "
"4482","137","22","5","2024-02-10T14:30:29.000000","0.17","web","  "
"4483","50","30","5","2024-02-23T15:03:11.000000","0.09","store","gift "
"4484","48","16","3","2024-02-24T16:26:40.000000","0.16","web","gift "
"4485","45","7","4","2024-01-11T17:05:31.000000","0.02","web","gift "
"4486","127","20","4","2024-01-25T23:25:06.000000","","store","urgent"
"4487","135","40","3","2024-01-23T00:41:32.000000","0.0","app","gift "
"4488","105","5","1","2024-02-27T14:13:54.000000","0.27","web","  "
"4489","80","7","2","2024-01-30T14:09:52.000000","0.2","store","  "
"4490","13","40","5","2024-02-21T10:20:12.000000","0.09","app","  "
"4491","168","34","2","2024-03-06T19:01:28.000000","0.07","web","gift "
"4492","133","5","4","2024-03-12T18:07:03.000000","0.2","web","  "
"4493","128","9","5","2024-01-17T13:01:31.000000","0.28","store","VIP"
"4494","21","28","4","2024-03-22T07:37:35.000000","","web","Gift"
"4495","58","32","2","2024-01-15T22:01:34.000000","0.1","app","gift "
"4496","61","30","5","2024-01-02T23:15:21.000000","0.26","web","  "
"4497","120","35","1","2024-01-05T01:07:21.000000","0.27","web","  "
"4498","158","21","4","2024-01-19T02:14:45.000000","0.27","store","gift "
"4499","174","36","2","2024-03-19T14:11:53.000000","0.09","store","urgent"
"4500","105","24","4","2024-01-19T17:01:36.000000","0.04","web","return?"
"4501","73","20","3","2024-03-03T09:58:18.000000","0.13","web","gift "
"4502","82","26","3","2024-02-07T15:56:52.000000","0.09","app","gift "
"4503","148","18","2","2024-01-04T14:17:03.000000","0.27","app","gift "
"4504","64","25","3","2024-02-09T23:20:24.000000","0.01","web","VIP"
"4505","84","34","5","2024-01-03T13:06:40.000000","0.19","web","Gift"
"4506","158","39","5","2024-02-12T20:32:10.000000","0.27","store","return?"
"4507","109","24","3","2024-02-20T06:44:11.000000","0.29","web"," OK "
"4508","94","1","5","2024-02-16T22:08:49.000000","0.2","web"," OK "
"4509","147","25","5","2024-01-26T10:16:27.000000","0.28","web","gift "
"4510","58","11","4","2024-03-09T23:47:28.000000","0.02","web","return?"
"4511","13","10","3","2024-02-23T16:55:44.000000","0.11","app"," OK "
"4512","158","36","1","2024-01-23T22:20:08.000000","0.0","web","  "
"4513","91","18","3","2024-02-09T02:44:42.000000","0.29","app","Gift"
"4514","66","32","2","2024-01-10T18:22:23.000000","0.27","web"," OK "
"4515","20","15","1","2024-03-24T02:21:18.000000","0.01","web","Gift"
"4516","186","25","5","2024-03-08T18:35:15.000000","0.01","store","  "
"4517","146","27","2","2024-01-26T21:40:02.000000","0.11","app","  "
"4518","55","36","4","2024-03-01T17:49:24.000000","0.08","web","VIP"
"4519","122","8","5","2024-03-02T02:57:14.000000","0.25","web","return?"
"4520","93","23","3","2024-02-24T20:54:05.000000","0.05","app"," OK "
"4521","66","17","4","2024-01-05T20:45:26.000000","0.24","app","return?"
"4522","63","19","4","2024-03-20T01:36:47.000000","0.17","app"," OK "
"4523","16","34","3","2024-03-27T00:39:31.000000","0.11","app","return?"
"4524","195","6","5","2024-03-28T16:08:50.000000","","web","VIP"
"4525","186","22","5","2024-03-29T06:26:10.000000","0.3","store","return?"
"4526","175","16","2","2024-03-24T14:15:35.000000","0.19","web"," OK "
"4527","64","36","5","2024-03-07T12:24:04.000000","0.13","web"," OK "
"4528","200","9","1","2024-01-06T02:51:13.000000","0.11","app","return?"
"4529","56","10","1","2024-02-11T20:51:32.000000","0.27","web","urgent"
"4530","165","4","3","2024-01-23T01:31:11.000000","0.25","web","Gift"
"4531","21","18","4","2024-01-20T19:11:08.000000","0.24","web","Gift"
"4532","63","1","3","2024-03-15T18:07:58.000000","0.18","app","urgent"
"4533","116","21","4","2024-03-14T03:02:07.000000","0.27","app"," OK "
"4534","194","9","2","2024-02-16T23:39:59.000000","0.09","app"," OK "
"4535","54","17","5","2024-03-07T06:31:29.000000","0.21","web","VIP"
"4536","87","25","5","2024-01-12T15:25:53.000000","0.12","web"," OK "
"4537","169","28","1","2024-01-20T23:25:14.000000","0.18","app","return?"
"4538","95","3","3","2024-03-18T10:37:43.000000","0.3","app","urgent"
"4539","137","6","2","2024-02-10T14:37:30.000000","0.3","web","  "
"4540","84","13","4","2024-02-19T04:43:11.000000","0.15","web","urgent"
"4541","1","21","3","2024-02-11T15:38:44.000000","0.17","web","return?"
"4542","57","36","2","2024-01-19T04:39:51.000000","0.27","web"," OK "
"4543","114","6","2","2024-03-15T09:02:48.000000","0.3","app","VIP"
"4544","4","3","2","2024-03-09T05:56:00.000000","0.23","app","return?"
"4545","47","26","1","2024-03-02T13:06:16.000000","0.02","store","gift "
"4546","191","40","1","2024-02-01T18:53:47.000000","0.1","web","gift "
"4547","4","34","4","2024-02-27T21:14:30.000000","0.27","web","urgent"
"4548","50","23","5","2024-03-26T19:01:39.000000","0.23","app","return?"
"4549","124","1","3","2024-02-28T11:37:38.000000","0.22","web","return?"
"4550","113","24","5","2024-02-14T11:37:33.000000","","app","gift "
"4551","41","19","1","2024-01-25T08:12:55.000000","0.12","app","  "
"4552","12","18","5","2024-02-17T01:15:49.000000","0.12","web","VIP"
"4553","180","20","3","2024-02-03T10:53:46.000000","0.24","web","Gift"
"4554","111","23","4","2024-02-25T00:20:35.000000","0.09","web"," OK "
"4555","115","29","1","2024-01-05T02:37:49.000000","0.21","app"," OK "
"4556","12","8","4","2024-01-18T02:45:34.000000","0.22","web","return?"
"4557","42","3","2","2024-03-11T19:47:34.000000","0.25","web","VIP"
"4558","15","3","5","2024-02-04T06:21:33.000000","0.1","web"," OK "
"4559","196","17","4","2024-02-08T23:16:34.000000","0.22","app","VIP"
"4560","154","21","5","2024-02-18T22:49:15.000000","0.03","store","return?"
"4561","110","32","5","2024-02-09T10:35:41.000000","0.04","store","gift "
"4562","137","18","4","2024-03-09T06:39:32.000000","0.13","app","gift "
"4563","34","22","2","2024-01-23T01:58:10.000000","0.02","web","return?"
"4564","198","40","2","2024-03-09T06:13:05.000000","0.28","web","return?"
"4565","104","30","5","2024-01-19T20:21:46.000000","0.27","web","Gift"
"4566","104","28","4","2024-02-03T08:29:14.000000","0.01","app","gift "
"4567","192","15","5","2024-02-22T21:41:43.000000","0.25","app","return?"
"4568","20","7","4","2024-03-20T17:42:47.000000","0.15","web","return?"
"4569","85","37","4","2024-01-21T22:18:52.000000","0.21","store","  "
"4570","18","23","1","2024-02-22T20:45:29.000000","0.27","web","  "
"4571","86","4","5","2024-01-06T18:41:28.000000","0.17","app","VIP"
"4572","54","20","2","2024-01-07T18:55:16.000000","","store","Gift"
"4573","93","4","2","2024-03-10T01:48:57.000000","0.0","app","return?"
"4574","141","40","1","2024-03-05T16:57:05.000000","","app","Gift"
"4575","57","22","1","2024-02-03T21:10:26.000000","0.28","app","VIP"
"4576","11","32","2","2024-02-26T01:37:50.000000","0.17","app","VIP"
"4577","33","19","5","2024-02-04T05:18:31.000000","0.11","app","Gift"
"4578","144","1","5","2024-01-25T22:51:00.000000","0.01","web","VIP"
"4579","116","26","3","2024-02-08T19:38:50.000000","0.27","web","return?"
"4580","196","27","2","2024-01-29T01:36:51.000000","0.1","app","gift "
"4581","179","10","2","2024-03-14T08:29:48.000000","0.21","app","gift "
"4582","33","29","5","2024-02-07T01:12:26.000000","0.21","app","gift "
"4583","148","10","1","2024-01-29T21:00:27.000000","0.08","web"," OK "
"4584","19","28","1","2024-02-18T06:05:27.000000","","web","gift "
"4585","20","30","1","2024-03-09T05:21:29.000000","0.12","web","  "
"4586","159","6","5","2024-01-25T15:07:04.000000","0.1","store","gift "
"4587","81","12","1","2024-03-25T13:25:00.000000","0.21","web","gift "
"4588","200","7","5","2024-02-11T17:14:02.000000","","web","gift "
"4589","2","30","1","2024-02-29T11:28:31.000000","0.07","web","gift "
"4590","101","10","3","2024-03-27T03:38:36.000000","","web","return?"
"4591","62","26","5","2024-02-08T20:25:52.000000","0.01","web","Gift"
"4592","198","17","1","2024-01-18T23:36:36.000000","0.06","app","urgent"
"4593","134","4","2","2024-03-08T07:13:32.000000","0.23","web"," OK "
"4594","155","36","4","2024-01-01T14:18:01.000000","0.24","web","return?"
"4595","59","29","5","2024-02-11T05:03:29.000000","0.23","web","urgent"
"4596","179","11","5","2024-03-29T04:46:49.000000","0.04","web","Gift"
"4597","169","36","1","2024-02-07T07:09:46.000000","0.17","app","VIP"
"4598","157","29","4","2024-03-02T13:38:29.000000","0.13","store","urgent"
"4599","96","33","2","2024-02-17T06:36:41.000000","0.3","app","urgent"
"4600","185","8","3","2024-01-20T07:42:25.000000","0.2","store","  "
"4601","134","1","5","2024-01-29T14:16:48.000000","0.28","web","  "
"4602","14","3","5","2024-02-17T02:49:46.000000","0.04","store","urgent"
"4603","177","22","1","2024-01-10T09:10:49.000000","0.14","web","gift "
"4604","5","32","3","2024-02-07T08:09:53.000000","","app","  "
"4605","137","37","2","2024-02-07T08:04:49.000000","0.11","app","urgent"
"4606","50","39","4","2024-03-16T03:24:30.000000","0.19","web","gift "
"4607","180","24","5","2024-01-12T03:31:51.000000","0.15","web","urgent"
"4608","146","26","2","2024-03-16T20:12:59.000000","0.3","web","return?"
"4609","162","12","1","2024-02-06T22:33:12.000000","0.05","web","Gift"
"4610","140","1","1","2024-02-28T14:55:03.000000","","web","VIP"
"4611","114","8","1","2024-02-20T02:58:36.000000","0.12","store","return?"
"4612","173","3","2","2024-01-27T23:31:54.000000","0.14","web","urgent"
"4613","60","28","5","2024-03-24T18:20:10.000000","0.16","app","return?"
"4614","106","21","2","2024-01-21T04:50:36.000000","","app"," OK "
"4615","60","31","3","2024-01-04T06:14:24.000000","0.29","web","Gift"
"4616","23","6","4","2024-03-08T12:16:05.000000","0.27","web","urgent"
"4617","176","37","4","2024-02-25T22:21:00.000000","0.29","web"," OK "
"4618","100","29","2","2024-03-21T03:33:45.000000","0.3","web","gift "
"4619","11","37","1","2024-02-11T04:42:28.000000","0.2","web","  "
"4620","166","26","1","2024-01-02T12:22:35.000000","","web","  "
"4621","189","14","2","2024-01-02T19:45:50.000000","","web","Gift"
"4622","133","26","1","2024-02-08T23:50:18.000000","","app","VIP"
"4623","66","25","3","2024-01-23T11:01:26.000000","0.25","app","gift "
"4624","172","8","4","2024-03-23T23:54:32.000000","0.15","web","gift "
"4625","148","5","4","2024-01-11T15:55:41.000000","0.2","app","gift "
"4626","57","27","5","2024-03-20T06:33:24.000000","","store","urgent"
"4627","67","4","2","2024-01-20T12:16:31.000000","0.11","web","  "
"4628","198","5","4","2024-01-11T17:54:29.000000","0.01","web","VIP"
"4629","191","3","5","2024-01-25T17:04:18.000000","0.13","web","Gift"
"4630","136","25","1","2024-01-13T23:20:39.000000","0.12","web","gift "
"4631","8","38","4","2024-02-06T02:49:18.000000","0.07","app","return?"
"4632","46","20","1","2024-01-30T17:47:31.000000","0.07","app","urgent"
"4633","71","7","3","2024-02-17T14:43:30.000000","0.18","app","Gift"
"4634","108","21","5","2024-02-18T08:03:52.000000","0.1","web","urgent"
"4635","174","20","3","2024-01-01T02:08:18.000000","0.25","app","Gift"
"4636","170","24","3","2024-01-12T05:43:26.000000","0.03","web","gift "
"4637","55","18","4","2024-01-15T13:38:16.000000","0.17","web","return?"
"4638","22","22","3","2024-01-18T12:36:15.000000","0.05","web"," OK "
"4639","56","13","4","2024-01-09T10:06:12.000000","0.16","store","Gift"
"4640","48","37","5","2024-01-29T07:36:41.000000","0.17","app","return?"
"4641","180","22","1","2024-02-19T11:17:40.000000","0.19","app"," OK "
"4642","3","13","3","2024-01-28T19:12:26.000000","0.13","app","gift "
"4643","167","1","5","2024-01-30T14:48:06.000000","0.15","web","urgent"
"4644","132","28","2","2024-02-12T06:14:21.000000","0.05","web","gift "
"4645","22","16","3","2024-02-19T08:32:20.000000","0.14","app","VIP"
"4646","138","10","4","2024-01-30T18:53:19.000000","0.11","store","  "
"4647","117","20","5","2024-01-20T23:08:17.000000","0.2","app","gift "
"4648","1","20","2","2024-02-06T20:15:47.000000","0.13","web","VIP"
"4649","45","33","5","2024-01-03T04:20:07.000000","0.23","store","gift "
"4650","70","22","4","2024-02-14T07:57:13.000000","0.13","web","  "
"4651","44","29","1","2024-03-25T17:21:09.000000","0.07","web"," OK "
"4652","116","26","5","2024-02-05T19:32:16.000000","0.08","web"," OK "
"4653","124","34","2","2024-01-10T17:56:43.000000","0.01","web","urgent"
"4654","34","1","2","2024-03-04T15:17:36.000000","0.16","app","gift "
"4655","25","16","3","2024-01-12T10:00:53.000000","0.25","app","Gift"
"4656","132","29","3","2024-01-18T10:15:42.000000","0.23","web","Gift"
"4657","94","6","3","2024-01-14T04:32:28.000000","0.13","web","gift "
"4658","54","18","1","2024-03-20T12:43:04.000000","0.06","app","return?"
"4659","52","17","5","2024-03-29T07:33:26.000000","","web","Gift"
"4660","8","33","2","2024-02-21T06:25:12.000000","","web","gift "
"4661","171","39","1","2024-02-25T14:08:46.000000","0.12","web","gift "
"4662","169","5","3","2024-02-28T02:11:21.000000","","store","VIP"
"4663","111","9","4","2024-02-24T22:13:34.000000","","store","VIP"
"4664","70","31","1","2024-02-18T23:15:40.000000","0.04","web","return?"
"4665","44","7","5","2024-03-29T19:16:05.000000","0.08","app","  "
"4666","62","20","4","2024-03-06T23:33:56.000000","0.18","store","return?"
"4667","186","38","5","2024-01-08T23:01:39.000000","0.05","web","  "
"4668","18","40","4","2024-02-05T06:35:41.000000","0.2","store","gift "
"4669","165","38","1","2024-03-28T16:55:18.000000","","web","gift "
"4670","61","6","2","2024-02-06T07:54:26.000000","0.1","app","gift "
"4671","54","6","5","2024-01-19T08:40:06.000000","0.07","app","urgent"
"4672","162","8","3","2024-03-19T03:56:18.000000","0.25","web","Gift"
"4673","193","31","1","2024-02-26T01:50:04.000000","0.12","app","  "
"4674","199","8","1","2024-02-20T15:09:09.000000","0.22","app","  "
"4675","54","18","3","2024-02-07T19:22:49.000000","0.13","web","urgent"
"4676","119","33","3","2024-01-12T04:38:41.000000","0.03","app","VIP"
"4677","59","20","2","2024-02-04T13:20:09.000000","0.13","store","  "
"4678","39","38","1","2024-02-09T08:57:04.000000","0.15","store","gift "
"4679","78","20","4","2024-03-24T19:29:08.000000","0.14","app","gift "
"4680","13","16","3","2024-01-28T15:42:18.000000","0.24","web","gift "
"4681","33","39","1","2024-01-14T10:19:54.000000","0.27","web","  "
"4682","120","22","1","2024-02-08T11:27:38.000000","0.24","web","Gift"
"4683","138","8","2","2024-03-30T17:40:08.000000","","app","return?"
"4684","55","26","3","2024-02-13T09:33:32.000000","0.16","app","urgent"
"4685","112","31","2","2024-02-04T02:54:36.000000","0.19","store","Gift"
"4686","153","34","1","2024-03-01T00:28:13.000000","0.09","web","Gift"
"4687","179","1","5","2024-02-28T09:21:13.000000","0.24","store"," OK "
"4688","114","5","4","2024-01-27T22:27:26.000000","0.26","store"," OK "
"4689","49","26","3","2024-03-28T02:40:42.000000","","app","return?"
"4690","143","30","2","2024-02-23T08:45:41.000000","0.27","store","VIP"
"4691","35","27","4","2024-01-06T04:25:05.000000","","web","Gift"
"4692","28","16","5","2024-02-06T16:20:55.000000","0.13","web","urgent"
"4693","72","31","4","2024-03-24T01:23:13.000000","0.27","web","Gift"
"4694","66","24","2","2024-02-05T09:39:10.000000","0.04","web","  "
"4695","30","38","2","2024-02-21T02:28:21.000000","0.01","web","Gift"
"4696","11","15","5","2024-02-25T03:16:34.000000","0.1","app"," OK "
"4697","190","31","1","2024-03-04T09:29:50.000000","0.17","web","Gift"
"4698","136","6","2","2024-03-19T12:12:12.000000","0.11","web","  "
"4699","144","30","1","2024-01-14T10:14:16.000000","0.28","web","gift "
"4700","14","30","4","2024-02-16T12:10:15.000000","0.08","app","urgent"
"4701","160","11","3","2024-02-18T00:07:00.000000","0.08","store","VIP"
"4702","73","3","1","2024-01-14T17:10:27.000000","0.19","web","  "
"4703","150","40","5","2024-03-01T14:47:22.000000","","app","VIP"
"4704","99","4","3","2024-01-11T15:12:37.000000","","store","return?"
"4705","49","19","2","2024-02-11T01:29:39.000000","0.11","app","gift "
"4706","53","1","5","2024-01-30T17:20:15.000000","0.29","app","  "
"4707","29","17","4","2024-01-14T22:46:04.000000","","app","VIP"
"4708","166","33","1","2024-03-15T00:12:40.000000","0.02","store","VIP"
"4709","86","21","5","2024-01-22T23:17:49.000000","0.03","web","VIP"
"4710","157","10","1","2024-01-23T23:19:03.000000","0.03","app","  "
"4711","166","16","5","2024-03-17T21:29:18.000000","","web"," OK "
"4712","34","4","2","2024-03-19T23:06:45.000000","0.21","web","Gift"
"4713","67","24","2","2024-01-04T02:27:26.000000","","app","  "
"4714","25","1","1","2024-01-26T00:12:45.000000","0.06","app","gift "
"4715","2","14","5","2024-03-04T19:08:31.000000","","store"," OK "
"4716","198","3","3","2024-03-11T00:46:48.000000","0.06","store","urgent"
"4717","133","10","4","2024-03-30T22:40:56.000000","0.21","app","Gift"
"4718","91","3","5","2024-02-19T22:03:41.000000","","app"," OK "
"4719","41","38","3","2024-01-01T16:09:47.000000","0.09","store","VIP"
"4720","119","31","2","2024-03-19T15:02:35.000000","0.15","web","Gift"
"4721","109","38","4","2024-01-15T11:51:31.000000","0.07","web","VIP"
"4722","45","28","3","2024-01-11T20:55:13.000000","0.11","web","return?"
"4723","3","20","2","2024-03-01T16:09:06.000000","0.29","app","return?"
"4724","94","7","5","2024-02-24T08:14:37.000000","0.21","app","return?"
"4725","102","39","5","2024-01-06T09:34:48.000000","0.25","app","gift "
"4726","160","37","2","2024-01-16T05:39:00.000000","0.16","web","urgent"
"4727","79","17","4","2024-02-23T01:56:46.000000","0.07","app"," OK "
"4728","20","10","5","2024-01-23T23:33:16.000000","0.21","app","  "
"4729","177","16","4","2024-03-02T13:26:24.000000","","store"," OK "
"4730","83","16","1","2024-02-07T01:24:29.000000","0.05","web","urgent"
"4731","145","37","5","2024-02-22T22:23:46.000000","","app","urgent"
"4732","9","3","1","2024-02-12T17:54:21.000000","0.19","app","urgent"
"4733","8","26","4","2024-02-02T20:47:56.000000","0.22","app","Gift"
"4734","5","31","3","2024-01-31T19:35:52.000000","0.07","web","Gift"
"4735","158","31","1","2024-03-03T18:07:47.000000","","web","gift "
"4736","49","8","4","2024-02-16T07:04:21.000000","0.11","web","return?"
"4737","159","17","2","2024-02-23T11:40:33.000000","0.08","web","  "
"4738","189","14","5","2024-02-21T22:59:15.000000","0.06","app","  "
"4739","133","17","5","2024-01-19T16:29:46.000000","0.24","app","urgent"
"4740","198","4","3","2024-03-23T04:34:31.000000","","app"," OK "
"4741","186","4","4","2024-02-20T16:22:21.000000","","web","urgent"
"4742","145","1","1","2024-03-05T15:01:09.000000","0.07","web","VIP"
"4743","161","39","5","2024-03-20T08:55:10.000000","0.21","app","urgent"
"4744","121","17","4","2024-03-24T05:22:05.000000","0.23","app","return?"
"4745","44","10","2","2024-03-01T00:21:35.000000","0.1","app","VIP"
"4746","21","32","1","2024-03-11T20:10:11.000000","0.28","app","VIP"
"4747","77","20","3","2024-02-12T11:04:10.000000","0.01","store","Gift"
"4748","96","15","5","2024-03-07T09:37:55.000000","0.04","store","urgent"
"4749","70","5","5","2024-01-29T22:37:17.000000","0.18","app","urgent"
"4750","21","16","1","2024-03-05T01:26:57.000000","","web","return?"
"4751","101","26","4","2024-01-08T17:30:51.000000","0.08","web","gift "
"4752","100","25","1","2024-03-23T06:50:30.000000","0.17","app","Gift"
"4753","191","16","2","2024-01-23T00:23:40.000000","0.1","web","urgent"
"4754","191","25","3","2024-02-29T02:10:38.000000","0.17","web","Gift"
"4755","124","31","1","2024-01-02T00:09:48.000000","0.2","web","Gift"
"4756","171","38","1","2024-01-15T00:20:44.000000","0.29","store","VIP"
"4757","63","22","5","2024-03-29T19:06:43.000000","0.14","web","VIP"
"4758","194","10","4","2024-03-16T00:04:04.000000","0.19","app","gift "
"4759","189","6","4","2024-01-21T00:33:41.000000","0.17","store","Gift"
"4760","26","7","3","2024-01-12T18:37:42.000000","","app","gift "
"4761","141","1","3","2024-03-14T08:07:55.000000","0.08","web","urgent"
"4762","92","23","1","2024-03-30T02:45:52.000000","0.3","app"," OK "
"4763","54","9","3","2024-01-16T04:16:22.000000","0.06","app","urgent"
"4764","83","10","4","2024-02-29T18:07:06.000000","0.24","web"," OK "
"4765","182","29","2","2024-01-26T12:34:42.000000","0.04","app"," OK "
"4766","185","13","3","2024-03-07T23:52:34.000000","0.24","web","urgent"
"4767","69","34","3","2024-02-07T15:28:44.000000","","app","return?"
"4768","93","6","5","2024-01-12T06:45:52.000000","0.29","store","urgent"
"4769","104","14","1","2024-01-30T04:42:58.000000","0.21","app","  "
"4770","147","3","1","2024-02-18T11:25:32.000000","","store","urgent"
"4771","96","22","2","2024-03-12T20:26:15.000000","0.21","web","gift "
"4772","80","5","1","2024-01-02T21:25:05.000000","0.18","store","  "
"4773","185","10","5","2024-03-27T04:37:03.000000","","app","gift "
"4774","75","30","2","2024-02-28T11:08:20.000000","0.08","web","VIP"
"4775","54","36","2","2024-03-19T18:38:09.000000","0.22","store","urgent"
"4776","66","22","2","2024-03-24T16:54:57.000000","0.22","store","VIP"
"4777","67","39","5","2024-01-14T19:43:41.000000","0.1","web","Gift"
"4778","112","31","4","2024-01-09T10:27:29.000000","0.26","app","gift "
"4779","133","31","3","2024-03-10T21:38:51.000000","0.08","web","Gift"
"4780","27","40","4","2024-01-17T21:49:39.000000","0.02","web","return?"
"4781","178","4","1","2024-01-14T07:33:55.000000","0.18","web","VIP"
"4782","51","10","4","2024-02-12T03:59:45.000000","0.03","web","gift "
"4783","23","18","2","2024-03-23T04:54:11.000000","0.08","web","VIP"
"4784","134","25","2","2024-03-12T14:30:32.000000","0.15","web","return?"
"4785","42","40","1","2024-02-16T14:37:03.000000","0.09","store","urgent"
"4786","151","4","1","2024-01-18T16:20:08.000000","","web","Gift"
"4787","190","10","4","2024-01-31T06:34:59.000000","0.21","app","VIP"
"4788","139","12","5","2024-03-02T23:08:46.000000","0.16","web","urgent"
"4789","156","27","5","2024-01-15T03:10:30.000000","0.25","web"," OK "
"4790","99","39","2","2024-02-17T04:42:53.000000","","app","  "
"4791","70","38","4","2024-01-02T01:30:27.000000","0.15","web","urgent"
"4792","123","30","1","2024-01-30T06:11:00.000000","0.08","web","  "
"4793","72","31","4","2024-01-23T07:33:55.000000","0.24","store"," OK "
"4794","176","17","3","2024-03-02T07:08:38.000000","","web","gift "
"4795","94","25","5","2024-03-23T06:17:00.000000","","web","urgent"
"4796","100","7","1","2024-01-14T04:23:57.000000","0.25","app","gift "
"4797","135","21","4","2024-03-12T18:05:10.000000","0.22","web","urgent"
"4798","38","12","3","2024-02-29T00:47:30.000000","0.18","app","urgent"
"4799","113","38","3","2024-03-28T06:45:15.000000","0.01","web","return?"
"4800","151","15","3","2024-03-23T00:51:47.000000","0.04","web","return?"
"4801","156","16","4","2024-01-10T01:38:41.000000","0.15","web","Gift"
"4802","45","17","3","2024-03-07T21:21:42.000000","0.22","web","  "
"4803","11","37","3","2024-02-23T07:06:21.000000","0.14","app","Gift"
"4804","39","38","3","2024-01-11T04:15:34.000000","0.01","store","urgent"
"4805","164","18","1","2024-01-24T03:26:42.000000","0.06","app"," OK "
"4806","54","40","4","2024-03-24T10:11:59.000000","0.18","web","return?"
"4807","12","31","4","2024-02-18T20:45:14.000000","0.21","store"," OK "
"4808","120","34","3","2024-01-31T11:04:44.000000","0.01","app","gift "
"4809","177","37","4","2024-01-29T20:10:57.000000","","web","urgent"
"4810","45","14","2","2024-03-16T09:47:24.000000","","web","VIP"
"4811","9","23","2","2024-01-26T12:17:08.000000","0.03","web"," OK "
"4812","29","12","5","2024-01-15T07:12:00.000000","0.16","web","  "
"4813","26","13","5","2024-02-21T15:30:21.000000","0.04","web","Gift"
"4814","41","19","5","2024-03-30T07:49:18.000000","0.19","web","gift "
"4815","37","3","1","2024-01-17T11:58:02.000000","0.23","store","urgent"
"4816","128","9","3","2024-01-23T23:29:23.000000","0.29","web"," OK "
"4817","45","33","4","2024-02-12T05:19:41.000000","0.28","web","urgent"
"4818","110","7","1","2024-01-18T23:35:50.000000","","store","  "
"4819","81","25","5","2024-02-28T13:45:16.000000","0.01","app","  "
"4820","131","31","4","2024-01-23T19:49:28.000000","0.1","web","return?"
"4821","132","11","2","2024-01-12T12:52:23.000000","0.21","web","return?"
"4822","119","19","3","2024-01-24T12:20:23.000000","0.02","app","VIP"
"4823","179","36","5","2024-03-24T18:05:01.000000","0.11","web"," OK "
"4824","40","34","5","2024-03-25T03:22:24.000000","0.09","app","  "
"4825","105","37","5","2024-02-15T12:21:55.000000","0.07","app","  "
"4826","79","26","5","2024-02-06T00:59:18.000000","0.21","app","  "
"4827","107","36","4","2024-03-14T18:10:49.000000","0.2","store","  "
"4828","28","16","5","2024-01-18T11:36:36.000000","0.16","app","  "
"4829","64","25","5","2024-02-28T20:26:08.000000","0.27","app","  "
"4830","189","27","1","2024-03-02T04:54:41.000000","0.03","web","  "
"4831","161","40","4","2024-03-04T21:36:07.000000","","web","  "
"4832","86","15","2","2024-01-20T14:45:43.000000","0.12","web"," OK "
"4833","23","35","3","2024-03-05T10:50:34.000000","0.2","app","gift "
"4834","130","21","1","2024-02-25T01:54:06.000000","0.18","web"," OK "
"4835","61","5","4","2024-03-19T18:12:56.000000","0.02","app","return?"
"4836","66","27","5","2024-01-16T16:41:09.000000","0.29","web","return?"
"4837","20","40","3","2024-02-25T05:23:15.000000","0.09","app","urgent"
"4838","58","19","4","2024-03-15T16:01:11.000000","0.11","web","return?"
"4839","43","22","2","2024-01-26T00:56:56.000000","0.19","store","gift "
"4840","7","38","4","2024-03-07T22:33:41.000000","0.28","web","  "
"4841","118","37","1","2024-01-09T22:56:26.000000","0.2","app","  "
"4842","194","17","5","2024-03-05T15:05:39.000000","","app"," OK "
"4843","26","31","2","2024-02-24T13:30:04.000000","0.06","web","return?"
"4844","11","26","3","2024-01-18T07:54:40.000000","0.19","app","  "
"4845","21","26","5","2024-01-06T23:19:19.000000","0.25","store","gift "
"4846","110","29","1","2024-03-08T02:15:19.000000","0.15","app","  "
"4847","166","14","5","2024-01-22T17:11:37.000000","","store","return?"
"4848","62","13","4","2024-02-14T18:28:59.000000","0.3","web","  "
"4849","24","2","5","2024-01-06T11:07:39.000000","0.04","store","  "
"4850","20","35","3","2024-03-27T17:08:57.000000","0.12","store","return?"
"4851","122","12","2","2024-02-19T09:35:49.000000","0.26","app","  "
"4852","72","27","3","2024-03-24T20:12:47.000000","0.27","app","urgent"
"4853","71","28","3","2024-01-15T10:19:49.000000","0.29","app","VIP"
"4854","48","29","5","2024-01-19T12:30:47.000000","0.27","app","return?"
"4855","180","35","3","2024-02-24T22:28:47.000000","0.02","app","VIP"
"4856","75","35","3","2024-02-24T09:42:33.000000","0.28","web","urgent"
"4857","142","1","1","2024-03-12T04:16:07.000000","0.13","app","gift "
"4858","149","34","2","2024-03-24T12:36:10.000000","0.2","web"," OK "
"4859","12","9","3","2024-03-14T23:15:44.000000","0.12","app","VIP"
"4860","50","26","2","2024-01-13T14:52:29.000000","0.24","app","return?"
"4861","180","27","2","2024-01-28T20:36:50.000000","0.17","web"," OK "
"4862","177","3","1","2024-03-23T05:51:28.000000","0.25","web"," OK "
"4863","83","12","5","2024-02-19T09:44:30.000000","","web","return?"
"4864","32","37","5","2024-03-19T00:45:01.000000","0.06","app","VIP"
"4865","60","6","2","2024-02-20T16:06:11.000000","","web","VIP"
"4866","190","10","1","2024-01-05T11:26:22.000000","","web","urgent"
"4867","135","4","5","2024-02-12T13:26:10.000000","0.21","web","  "
"4868","16","7","5","2024-03-15T05:15:56.000000","0.09","web","VIP"
"4869","144","26","5","2024-02-28T23:02:45.000000","0.17","web"," OK "
"4870","30","34","3","2024-01-12T22:48:11.000000","0.02","web","urgent"
"4871","61","24","4","2024-01-19T21:47:17.000000","0.05","app","Gift"
"4872","97","12","4","2024-03-17T21:26:52.000000","0.19","app","gift "
"4873","71","35","2","2024-03-29T03:09:55.000000","0.09","store","urgent"
"4874","140","15","3","2024-03-08T18:14:31.000000","0.06","web","Gift"
"4875","32","13","2","2024-01-09T19:51:08.000000","0.07","web","urgent"
"4876","176","21","4","2024-02-25T17:27:43.000000","0.06","web"," OK "
"4877","119","6","5","2024-03-15T15:07:03.000000","0.19","app","  "
"4878","62","15","1","2024-02-27T14:49:14.000000","0.05","web","  "
"4879","192","32","1","2024-02-23T11:14:50.000000","0.11","web","return?"
"4880","96","25","2","2024-02-12T01:29:35.000000","0.21","app","  "
"4881","84","40","1","2024-01-23T00:53:10.000000","0.15","web","  "
"4882","5","32","1","2024-01-26T06:27:18.000000","0.18","app","Gift"
"4883","200","15","5","2024-03-08T02:39:28.000000","0.08","app","Gift"
"4884","170","31","3","2024-01-07T06:47:38.000000","0.28","app","Gift"
"4885","36","35","4","2024-01-08T14:28:43.000000","0.12","web","return?"
"4886","190","26","3","2024-02-05T16:47:54.000000","0.09","web","gift "
"4887","160","31","4","2024-03-10T16:44:33.000000","0.27","app","return?"
"4888","85","21","4","2024-02-29T03:11:46.000000","0.2","web","Gift"
"4889","186","37","1","2024-02-23T02:22:05.000000","","web","  "
"4890","112","10","1","2024-02-18T01:43:32.000000","0.27","web","urgent"
"4891","138","17","3","2024-01-10T23:13:14.000000","0.02","web","Gift"
"4892","37","11","2","2024-01-30T20:40:36.000000","0.25","web","return?"
"4893","22","5","5","2024-01-08T03:43:55.000000","0.2","app","  "
"4894","106","25","2","2024-03-09T05:37:14.000000","0.11","app","gift "
"4895","66","5","2","2024-03-08T13:48:23.000000","0.08","web","Gift"
"4896","197","10","3","2024-01-24T05:29:04.000000","0.03","app","VIP"
"4897","18","31","1","2024-01-27T08:44:29.000000","0.28","store","urgent"
"4898","153","10","5","2024-01-29T13:42:08.000000","","web","VIP"
"4899","121","35","1","2024-03-21T00:53:31.000000","0.08","app","  "
"4900","176","2","5","2024-02-13T23:13:01.000000","0.21","web","Gift"
"4901","200","19","4","2024-03-09T14:04:39.000000","0.21","store","  "
"4902","175","3","5","2024-02-10T09:28:01.000000","0.05","web","return?"
"4903","75","3","2","2024-03-03T20:05:27.000000","0.24","web","Gift"
"4904","140","32","5","2024-02-17T13:11:07.000000","0.15","store","Gift"
"4905","33","3","5","2024-01-26T01:47:20.000000","0.25","app","return?"
"4906","98","36","3","2024-03-19T20:48:23.000000","","web","Gift"
"4907","54","24","2","2024-03-04T19:19:12.000000","0.01","app","VIP"
"4908","51","20","1","2024-03-10T05:46:12.000000","","store","return?"
"4909","115","37","1","2024-03-26T07:59:56.000000","0.05","web","  "
"4910","26","16","3","2024-01-23T09:20:38.000000","0.16","web"," OK "
"4911","114","16","5","2024-01-09T05:46:09.000000","0.0","web"," OK "
"4912","81","17","3","2024-02-22T09:42:27.000000","","store","urgent"
"4913","46","27","5","2024-01-30T08:30:40.000000","","web"," OK "
"4914","113","34","4","2024-02-09T05:16:44.000000","0.25","web","VIP"
"4915","151","22","4","2024-01-22T02:53:31.000000","0.29","web","  "
"4916","123","12","4","2024-02-05T20:41:30.000000","","web","gift "
"4917","18","36","5","2024-02-05T09:25:13.000000","0.13","app","VIP"
"4918","113","24","5","2024-02-01T13:12:02.000000","0.12","web"," OK "
"4919","125","34","1","2024-03-07T19:26:18.000000","","web","gift "
"4920","137","18","3","2024-02-23T08:07:45.000000","0.28","web","Gift"
"4921","86","8","3","2024-02-12T16:21:50.000000","0.29","web"," OK "
"4922","19","38","5","2024-01-11T03:27:56.000000","0.23","web","gift "
"4923","26","28","2","2024-02-21T08:46:41.000000","0.06","web","urgent"
"4924","67","13","5","2024-01-16T18:02:43.000000","0.28","app"," OK "
"4925","127","34","3","2024-01-29T06:34:28.000000","","web","urgent"
"4926","148","1","5","2024-02-07T08:11:51.000000","0.2","web","urgent"
"4927","135","38","4","2024-01-13T17:11:05.000000","0.26","app","  "
"4928","63","24","2","2024-02-05T01:17:50.000000","0.17","app","VIP"
"4929","89","24","5","2024-01-25T00:34:36.000000","0.28","app","gift "
"4930","10","1","1","2024-03-17T11:29:15.000000","0.03","store","  "
"4931","160","8","1","2024-03-18T08:54:34.000000","0.26","web"," OK "
"4932","71","29","3","2024-01-01T09:52:00.000000","0.02","web","VIP"
"4933","102","23","2","2024-02-24T05:13:14.000000","0.1","web","gift "
"4934","90","6","1","2024-02-27T15:35:24.000000","0.04","web","Gift"
"4935","58","27","5","2024-02-04T00:27:19.000000","0.14","store","return?"
"4936","34","30","1","2024-02-12T05:18:14.000000","0.07","app","Gift"
"4937","191","11","3","2024-03-12T02:11:48.000000","0.29","app","gift "
"4938","24","28","2","2024-02-04T00:23:55.000000","0.17","store","return?"
"4939","189","39","2","2024-01-06T19:13:40.000000","0.27","app","urgent"
"4940","23","20","2","2024-02-03T12:36:58.000000","0.08","web","gift "
"4941","20","10","2","2024-01-23T20:24:17.000000","0.01","store","  "
"4942","181","39","4","2024-02-04T10:40:49.000000","0.23","web","  "
"4943","190","37","2","2024-01-21T17:01:22.000000","0.21","web","return?"
"4944","180","19","4","2024-01-14T11:43:30.000000","0.16","app","Gift"
"4945","156","18","3","2024-03-29T16:23:14.000000","0.24","store"," OK "
"4946","99","34","4","2024-01-12T14:21:09.000000","0.25","app","Gift"
"4947","22","1","3","2024-03-04T13:10:22.000000","0.18","web","urgent"
"4948","119","13","2","2024-03-05T13:57:56.000000","0.29","store","VIP"
"4949","104","22","3","2024-02-25T14:25:03.000000","0.22","web","gift "
"4950","148","27","4","2024-03-23T00:44:45.000000","0.2","app","VIP"
"4951","7","26","3","2024-01-01T10:46:03.000000","0.11","web","Gift"
"4952","16","15","5","2024-01-28T03:31:07.000000","0.0","web","return?"
"4953","118","35","3","2024-01-17T14:06:34.000000","0.07","web","return?"
"4954","172","26","2","2024-02-21T22:09:37.000000","0.23","store","return?"
"4955","187","22","1","2024-02-27T04:46:09.000000","0.21","store","  "
"4956","114","38","2","2024-03-21T19:28:01.000000","0.1","web","urgent"
"4957","74","4","1","2024-02-04T04:11:37.000000","0.19","web","urgent"
"4958","95","29","1","2024-01-22T05:32:28.000000","0.06","web","return?"
"4959","102","38","2","2024-03-24T04:26:44.000000","0.08","app","return?"
"4960","124","27","2","2024-03-01T13:39:13.000000","0.28","app","return?"
"4961","46","23","5","2024-03-09T19:48:15.000000","","app","  "
"4962","78","15","4","2024-02-10T01:09:13.000000","","web","VIP"
"4963","109","11","4","2024-02-10T06:20:58.000000","","web","gift "
"4964","171","22","3","2024-02-05T00:20:26.000000","0.12","store","urgent"
"4965","161","36","1","2024-03-08T10:57:08.000000","0.22","app","urgent"
"4966","151","19","5","2024-01-19T22:55:46.000000","0.29","web","VIP"
"4967","44","5","3","2024-03-28T18:52:24.000000","0.18","web","  "
"4968","82","20","3","2024-01-16T19:59:55.000000","","web","return?"
"4969","111","4","4","2024-02-11T11:43:06.000000","0.11","web","return?"
"4970","194","38","1","2024-01-29T07:33:53.000000","","web","VIP"
"4971","71","22","3","2024-02-27T19:51:21.000000","","app"," OK "
"4972","184","9","4","2024-03-02T06:17:39.000000","","web","urgent"
"4973","150","25","4","2024-03-23T16:18:56.000000","0.26","web","Gift"
"4974","127","22","3","2024-03-12T00:42:32.000000","0.13","app"," OK "
"4975","141","21","5","2024-01-23T09:08:14.000000","0.15","web","return?"
"4976","159","24","5","2024-01-19T14:22:46.000000","","web","urgent"
"4977","140","38","1","2024-03-20T18:57:54.000000","0.25","store","Gift"
"4978","135","35","1","2024-02-13T21:48:00.000000","0.05","web","  "
"4979","76","11","3","2024-01-09T18:41:47.000000","0.12","app"," OK "
"4980","86","10","5","2024-03-15T05:56:13.000000","","web","  "
"4981","120","40","3","2024-02-28T08:38:52.000000","0.14","web"," OK "
"4982","169","26","2","2024-01-03T07:14:01.000000","0.28","web","return?"
"4983","131","1","3","2024-03-11T10:55:49.000000","0.06","app","  "
"4984","198","22","5","2024-02-24T15:55:54.000000","0.21","web","Gift"
"4985","137","5","1","2024-02-25T07:32:57.000000","0.29","app","  "
"4986","82","2","3","2024-03-18T20:15:52.000000","0.16","web","Gift"
"4987","116","8","4","2024-02-14T14:21:18.000000","","app"," OK "
"4988","125","11","2","2024-02-11T12:20:02.000000","","web"," OK "
"4989","174","4","1","2024-02-25T13:28:11.000000","0.23","web","urgent"
"4990","52","34","4","2024-01-18T19:12:37.000000","","app","  "
"4991","50","18","4","2024-01-14T15:35:36.000000","0.21","web","gift "
"4992","41","23","4","2024-03-16T22:33:34.000000","0.28","web","urgent"
"4993","12","35","4","2024-01-20T09:37:57.000000","0.18","app","  "
"4994","136","34","4","2024-02-15T09:23:01.000000","","app","Gift"
"4995","193","33","2","2024-01-25T06:58:57.000000","0.09","app","urgent"
"4996","123","8","1","2024-01-21T17:47:20.000000","0.21","web","  "
"4997","13","30","5","2024-02-23T19:12:12.000000","0.26","web","gift "
"4998","73","40","2","2024-03-13T05:06:08.000000","0.19","web","  "
"4999","181","1","5","2024-02-09T18:30:22.000000","0.07","web","gift "
"5000","11","35","3","2024-01-13T11:39:11.000000","0.16","web"," OK "
"1","49","25","5","2024-03-16T15:39:05.000000","0.26","store","gift "
"2","109","18","5","2024-03-16T22:09:03.000000","0.11","app","urgent"
"3","193","37","2","2024-03-17T20:54:07.000000","0.13","web","Gift"
"4","190","21","1","2024-02-27T09:11:29.000000","","app"," OK "
"5","71","23","4","2024-02-20T01:20:02.000000","0.05","app","Gift"
"6","6","29","4","2024-02-28T10:09:43.000000","","app"," OK "
"7","1","33","4","2024-02-06T14:42:10.000000","0.13","store","gift "
"8","1","21","2","2024-03-01T07:38:20.000000","0.0","web"," OK "
"9","157","29","1","2024-03-12T11:59:46.000000","0.29","web"," OK "
"10","148","33","5","2024-03-09T15:52:13.000000","0.24","web","gift "
"11","166","22","3","2024-02-25T05:52:24.000000","0.22","app","Gift"
"12","28","29","5","2024-01-06T05:30:51.000000","0.26","web","return?"
"13","12","15","5","2024-03-06T05:53:26.000000","0.27","web","urgent"
"14","35","15","3","2024-02-02T23:52:26.000000","","web","Gift"
"15","126","1","2","2024-03-07T22:19:16.000000","0.18","app","urgent"
"16","2","27","5","2024-02-18T13:22:45.000000","0.18","web","return?"
"17","133","11","4","2024-03-20T07:21:40.000000","0.08","web","VIP"
"18","178","33","4","2024-01-31T11:03:57.000000","0.07","web","urgent"
"19","30","39","5","2024-03-24T19:48:41.000000","0.03","web","urgent"
"20","148","36","2","2024-03-17T00:04:27.000000","","web","urgent"
